friendlyName , address ,analysisURL
"Ontrak, Inc. (OTRK) 10-Q for Q3, 2022","2200 PASEO VERDE PARKWAY,HENDERSON,NV,89052","https://alpha.auditchain.finance/analysis/Qmbjq3VnhzPjB11AdgFqSrt4qtJv5nA3rhGTjka1NgM96w"
"DIGITAL LOCATIONS, INC. () 10-Q for Q3, 2022","3700 STATE STREET,SANTA BARBARA,CA,93105","https://alpha.auditchain.finance/analysis/QmZUAun6QnkEXSBvT9VSRogNVVZtrLcwjbYdg9zQ6EJFjP"
"CareTrust REIT, Inc. (CTRE) 10-Q for Q3, 2022","905 CALLE AMANECER, SUITE 300,SAN CLEMENTE,CA,92673","https://alpha.auditchain.finance/analysis/QmY44nUn9SW5vkLZw8uYPjAPKFKNSsX9KT9XrZjyHqmAQt"
"SILA REALTY TRUST, INC. () 10-Q for Q3, 2022","1001 WATER STREET,TAMPA,FL,33602","https://alpha.auditchain.finance/analysis/QmVVijUEQhFzyxK5aWandMG8X2Ssu8jAuQBnMGc5PpxJxX"
"Paramount Global (PARAA) 10-Q for Q3, 2022","1515 BROADWAY,NEW YORK,NY,10036","https://alpha.auditchain.finance/analysis/QmcHFQ44pxzcU2WRgpSfzt7HfdXXXt9K7pMUkoyqoT6yWC"
"BELDEN INC. (BDC) 10-Q for Q3, 2022","1 NORTH BRENTWOOD BLVD,ST. LOUIS,MO,63105","https://alpha.auditchain.finance/analysis/QmSptNKJ1LQdArzQh3xg6s9TFjUHWMe9VKUBy4eVkCtZFr"
"1st Source Corp (SRCE) 10-Q for Q3, 2022","100 NORTH MICHIGAN STREET,SOUTH BEND,IN,46601","https://alpha.auditchain.finance/analysis/QmZJfrHjz4TdVVnMQvFfBit1j8wA4VJpqKj7Fyjrudko44"
"CEN BIOTECH INC () 10-Q for Q3, 2022","300-3295 QUALITY WAY,WINDSOR,A6,N8T 3R9","https://alpha.auditchain.finance/analysis/QmcUNB24oe3FU27gayWf2MAmEhtzaqYwJB9AZ7exYWkVi3"
"CenterPoint Energy, Inc. (CNP) 10-Q for Q3, 2022","1111 LOUISIANA ST.,HOUSTON,TX,77002","https://alpha.auditchain.finance/analysis/QmfExKouD1YKJwogDVBFKZP2VdYtaRwGxwH4Hk3pDnoWcS"
"CenterPoint Energy, Inc. (CNP) 10-Q for Q3, 2022","1111 LOUISIANA ST.,HOUSTON,TX,77002","https://alpha.auditchain.finance/analysis/QmfJVs1Ma8xDXUDFPuQMMHbrERjXZgjffji9ywWheWmdZm"
"COMMUNITY BANCORP /VT () 10-Q for Q3, 2022","4811 US ROUTE 5,DERBY,VT,05829","https://alpha.auditchain.finance/analysis/QmWLDQPE3Ssw68UKiC2xbJtSDaNwma4tAmFTW5vtNSmL3b"
"CENTRAL VALLEY COMMUNITY BANCORP (CVCY) 10-Q for Q3, 2022","7100 N. FINANCIAL DRIVE, #101,FRESNO,CA,93720","https://alpha.auditchain.finance/analysis/Qmf2W8KDdz8xkFrb9kcw1hrhSYXYiCvpeSER6FXkAreMZk"
"COMPASS DIVERSIFIED HOLDINGS (CODI) 10-Q for Q3, 2022","301 RIVERSIDE AVENUE,WESTPORT,CT,06880","https://alpha.auditchain.finance/analysis/QmcYG7ZfaVnota6G7EYS5PgTNV3Kzbf4Dv6P4af4K2WbBt"
"Histogen Inc. (HSTO) 10-Q for Q3, 2022","10655 SORRENTO VALLEY ROAD,San Diego,CA,92121","https://alpha.auditchain.finance/analysis/QmSe8nMbRmhpBw3BLpJz9yh88o99kjfrWUB5uq3VfMPJKv"
"LUMEN TECHNOLOGIES, INC. (LUMN) 10-Q for Q3, 2022","P O BOX 4065,MONROE,LA,71203","https://alpha.auditchain.finance/analysis/QmcdK7ehfqpkuQxt1QaLAG13RPLTzWYoWUzF5aaHhPMEDT"
"CONSOLIDATED COMMUNICATIONS HOLDINGS, INC. (CNSL) 10-Q for Q3, 2022","121 SOUTH 17TH STREET,MATTOON,IL,61938","https://alpha.auditchain.finance/analysis/QmZChLax9WeyQRtcsTk4DvZSfaHyjffZERYcH7zSApwifv"
"DARÉ BIOSCIENCE, INC. (DARE) 10-Q for Q3, 2022","3655 NOBEL DRIVE,SAN DIEGO,CA,92122","https://alpha.auditchain.finance/analysis/QmWhCwz5AykbCudQqg37YVWRh2U3r1GBR2WF3ALeggp6C8"
"CONSUMER PORTFOLIO SERVICES, INC. (CPSS) 10-Q for Q3, 2022","19500 JAMBOREE ROAD,IRVINE,CA,92612","https://alpha.auditchain.finance/analysis/QmT7UbWmZjz5BAmHViUSbgNuJm6SLRuWiwUL8XQTBVFo21"
"THE CATO CORP (CATO) 10-Q for Q3, 2022","8100 DENMARK ROAD,CHARLOTTE,NC,28273-5975","https://alpha.auditchain.finance/analysis/QmcPeB9SBgp5bjzk2qJTA22HAPSpv6Un4WXJXHA8rwaZjR"
"COOL TECHNOLOGIES, INC. () 10-Q for Q3, 2022","8875 HIDDEN RIVER PARKWAY,TAMPA,FL,33637","https://alpha.auditchain.finance/analysis/Qma4hifheTwma8UedpzQE6si87noYnjrnmR2xvwn66poXA"
"AMERICAN CANNABIS COMPANY, INC. () 10-Q for Q3, 2022","200 UNION ST.,LAKEWOOD,CO,80228","https://alpha.auditchain.finance/analysis/QmZ7wNJaYZo573g3NZH2LR9HeNqdS9BxybgBohppVc1UWA"
"STABILIS SOLUTIONS, INC. (SLNG) 10-Q for Q3, 2022","11750 KATY FREEWAY,HOUSTON,TX,77079","https://alpha.auditchain.finance/analysis/QmPUWjJSB66WzmjVAK4jBmz6DjprxYb1GGw6BExzC1k8n7"
"PERMIAN RESOURCES CORPORATION (PR) 10-Q for Q3, 2022","1001 SEVENTEENTH STREET,DENVER,CO,80202","https://alpha.auditchain.finance/analysis/Qmeuknn7HxPeFuahaGKLiqqsTu8Y2oUMHNov5479TbkiyM"
"FASTENAL CO (FAST) 10-Q for Q3, 2022","2001 THEURER BLVD,WINONA,MN,55987","https://alpha.auditchain.finance/analysis/QmbDUZ81wzADoBiUgB458dGin8QRfC9VRJVButLcqTNEAZ"
"STABILIS SOLUTIONS, INC. (SLNG) 10-Q for Q3, 2022","11750 KATY FREEWAY,HOUSTON,TX,77079","https://alpha.auditchain.finance/analysis/QmNug8rYJ3KTnY3Vt8vQqVbNQt7zuMyd5xbyLbNEaY6ZEf"
"CORNING INC /NY (GLW) 10-Q for Q3, 2022","ONE RIVERFRONT PLAZA,CORNING,NY,14831","https://alpha.auditchain.finance/analysis/QmVswqm53q6sxwJd2HSmG8mfULjHzFp23nkmRd9n9nY1bP"
"ABRAXAS PETROLEUM CORP (AXAS) 10-Q for Q3, 2022","18803 MEISNER DRIVE,SAN ANTONIO,TX,78258","https://alpha.auditchain.finance/analysis/QmStktT8FftEBSkot5mRvtPHE7U4UnGdTrbFXqozPzHi1C"
"AMERICAN HOMES 4 RENT (AMH) 10-Q for Q3, 2022","280 PILOT ROAD,LAS VEGAS,NV,89119","https://alpha.auditchain.finance/analysis/QmfDnhrW4PZJcqHGR69pgSARRLQe94j19Ke48yUp4yiGka"
"CFN ENTERPRISES INC. () 10-Q for Q3, 2022","600 E. 8TH STREET,WHITEFISH,MT,59937","https://alpha.auditchain.finance/analysis/QmVJ12PvwHUS86mpJNSBh8YQrkzLLAmvzAXszvf5eztvKs"
"COUSINS PROPERTIES INC (CUZ) 10-Q for Q3, 2022","3344 PEACHTREE ROAD, NE,ATLANTA,GA,30326","https://alpha.auditchain.finance/analysis/QmZz9pjE7ETRnHeMBPiTcQvWDMQBVPC2bMw7Z1WjEaepeG"
"AMERICAN WATER WORKS COMPANY, INC. (AWK) 10-Q for Q3, 2022","1 WATER STREET,CAMDEN,NJ,08102-1658","https://alpha.auditchain.finance/analysis/QmUbYA7ZwZQHynsNyqSWfiqcmVvWFd9X72Mq1sYXrTksZD"
"AMERISOURCEBERGEN CORP (ABC) 10-K for FY, 2022","1 WEST FIRST AVENUE,CONSHOHOCKEN,PA,19428","https://alpha.auditchain.finance/analysis/QmSjc5W6euKoeunCbuXKudUrkqvyt2gQMxc6TmkTSrNvYN"
"ACNB CORPORATION (ACNB) 10-Q for Q3, 2022","16 LINCOLN SQUARE,GETTYSBURG,PA,17325","https://alpha.auditchain.finance/analysis/QmWTMZJrWNwwW8BtLvHuMfiBmGTfPEaT7bfDeVyDgDY8mz"
"AMREP CORP. (AXR) 10-Q for Q1, 2023","850 WEST CHESTER PIKE,HAVERTOWN,PA,19083","https://alpha.auditchain.finance/analysis/QmaMn2S3hvCJTuxGsqz7kZu5FJhZBvSzHDe65ZL46zoJRo"
"AMYRIS, INC. (AMRS) 10-Q for Q3, 2022","5885 HOLLIS STREET, SUITE 100,EMERYVILLE,CA,94608","https://alpha.auditchain.finance/analysis/QmaRmshNKZg2SqB9X7t2V9yK5i4AWiRDoDYkpDRKygWJeD"
"Analog Devices, Inc. (ADI) 10-Q for Q3, 2022","ONE ANALOG WAY,WILMINGTON,MA,01887","https://alpha.auditchain.finance/analysis/QmX23GDLyV76CqVPmoKdeiTo1pnvN6U4dnaaavWxqmHtWx"
"Acadia Healthcare Company, Inc. (ACHC) 10-Q for Q3, 2022","6100 TOWER CIRCLE,FRANKLIN,TN,37067","https://alpha.auditchain.finance/analysis/QmUBHY9KndCAJoJL2cu2SvYemPLkUVGpXhzRkCYYq2CDhQ"
"ANTARES PHARMA, INC. (ATRS) 10-Q for Q1, 2022","100 PRINCETON SOUTH,EWING,NJ,08628","https://alpha.auditchain.finance/analysis/QmaxorKTjBoe1MMpMKFmwBthwvxpyh9FidHgQzVTcT9db2"
"LiveRamp Holdings, Inc. (RAMP) 10-Q for Q2, 2023","225 BUSH STREET,SAN FRANCISCO,CA,94104","https://alpha.auditchain.finance/analysis/QmRo1y7cNApu7GPuunh3csSA98j12rZL81dRbiHQjfy3BX"
"LEAFBUYER TECHNOLOGIES, INC. () 10-Q for Q1, 2023","6888 S. CLINTON STREET, SUITE 300,GREENWOOD VILLAGE,CO,80112","https://alpha.auditchain.finance/analysis/QmcyquJcT8i7t2ehb9YzN4Fp5mnuTpzsW3myTTY8foS1co"
"ADAMIS PHARMACEUTICALS CORP (ADMP) 10-Q for Q3, 2022","11682 EL CAMINO REAL,SAN DIEGO,CA,92130","https://alpha.auditchain.finance/analysis/QmP16t9CTgkJ86mUiYf3xd2TccJQNFPSvgkAJffnPX8jkQ"
"APACHE CORPORATION () 10-Q for Q3, 2022","2000 POST OAK BLVD,HOUSTON,TX,77056-4400","https://alpha.auditchain.finance/analysis/QmUoiSJo76bWaTHDznX5dh4NxYhRyc5uDXG7q1ZgXBJV5H"
"APOGEE ENTERPRISES, INC. (APOG) 10-Q for Q2, 2023","4400 WEST 78TH STREET,MINNEAPOLIS,MN,55435","https://alpha.auditchain.finance/analysis/QmVroEerqUj7YJf251pRB9XLsCnMy8L6aWjcQ4MZmuU9ox"
"AMERIS BANCORP (ABCB) 10-Q for Q3, 2022","3490 PIEDMONT RD,ATLANTA,GA,30305","https://alpha.auditchain.finance/analysis/QmSc831gJcYvMsyFdzDoFGdfzst7rXPze5GMM7Dw66VhZ9"
"AMPIO PHARMACEUTICALS, INC. (AMPE) 10-Q for Q3, 2022","373 INVERNESS PARKWAY,ENGLEWOOD,CO,80112","https://alpha.auditchain.finance/analysis/QmZXRnzgBGLh5fPGigiq6ktgnsZPH5kA8DahKmeqhL6UVL"
"Anika Therapeutics, Inc. (ANIK) 10-Q for Q3, 2022","32 WIGGINS AVENUE,BEDFORD,MA,01730","https://alpha.auditchain.finance/analysis/QmPYLnaAsJHVgHyHy1vEyPpopXP2FsiCMPzKx2dwUibGgd"
"ELEVANCE HEALTH, INC. (ELV) 10-Q for Q3, 2022","220 VIRGINIA AVENUE,INDIANAPOLIS,IN,46204","https://alpha.auditchain.finance/analysis/QmcFh3m4SH98TK5hZxDmiR9FkG8KhSpemWEHGu55W6Af6z"
"Apollo Commercial Real Estate Finance, Inc. (ARI) 10-Q for Q3, 2022","C/O APOLLO GLOBAL MANAGEMENT, LLC,NEW YORK,NY,10019","https://alpha.auditchain.finance/analysis/Qmd8u9q5twiudZyZ5rkyKeG5RfTQSeAo9vdo3CVpre1jv2"
"CHART INDUSTRIES, INC. (GTLS) 10-Q for Q3, 2022","2200 AIRPORT INDUSTRIAL DRIVE,BALL GROUND,GA,30107","https://alpha.auditchain.finance/analysis/QmX8rAckdx8qsnf7jMc4oTLoT7tnkP1ygMsYGSx8bUJgAS"
"Charter Communications, Inc. (CHTR) 10-Q for Q3, 2022","400 ATLANTIC STREET,STAMFORD,CT,06901","https://alpha.auditchain.finance/analysis/QmaGqbAjx3yBDaD52MkNSRWCyjNAV3scmUbMSQ8xFT8BWn"
"CHASE PACKAGING CORPORATION () 10-Q for Q3, 2022","PO BOX 126,RUMSON,NJ,07760","https://alpha.auditchain.finance/analysis/QmS3E6kCLq39Ag1Yk8T4ajEGVMxzRDENvDD4tPoqa9jRVg"
"THE CHEESECAKE FACTORY INCORPORATED (CAKE) 10-Q for Q3, 2022","26901 MALIBU HILLS RD,CALABASAS HILLS,CA,91301","https://alpha.auditchain.finance/analysis/QmWFGhoMZsGZVf6n4PsSNUTH5siFuDGoeefW1M3K4eDTGb"
"APPYEA, Inc. () 10-Q for Q3, 2022","777 MAIN STREET,FORT WORTH,TX,76102","https://alpha.auditchain.finance/analysis/QmSg8mvBZnfTpXwJbXVauv72iuNd9n7CeCbwsx6P7pmRA1"
"BIO KEY INTERNATIONAL INC (BKYI) 10-Q for Q3, 2022","3349 HIGHWAY 138,WALL,NJ,07719","https://alpha.auditchain.finance/analysis/QmTD7JdBLHVRX752QCwrHUCFHrcPqCCh6TC1LHQg92jCUC"
"CHESAPEAKE UTILITIES CORP (CPK) 10-Q for Q3, 2022","500 ENERGY LANE,DOVER,DE,19901","https://alpha.auditchain.finance/analysis/QmdyXW7fYZ37nCBKDSKZpv2QG9dMW3iLyjkm35XFTTsPvd"
"Chevron Corp (CVX) 10-Q for Q3, 2022","6001 BOLLINGER CANYON ROAD,SAN RAMON,CA,94583","https://alpha.auditchain.finance/analysis/QmZbvYHsEvPySp7ndLJTVNVCfy13qUDT3TJYxURntUvLXf"
"BioAdaptives Inc. () 10-Q for Q3, 2022","2620 REGATTA DRIVE,LAS VEGAS,NV,89128","https://alpha.auditchain.finance/analysis/QmWYqY6fFA3yJ1HdiobnftH9pHq6H6uFPbFMFRDasiBmNA"
"China Automotive Systems, Inc. (CAAS) 10-Q for Q3, 2022","NO. 1, HENGLONG ROAD,HUBEI PROVINCE,F4,XXXXX","https://alpha.auditchain.finance/analysis/QmSP5HosMY7A1FnGXV3UgCnxVU5hWYQyPURQweLMwyDqbh"
"ARCBEST CORPORATION (ARCB) 10-Q for Q3, 2022","8401 MCCLURE DRIVE,FORT SMITH,AR,72916","https://alpha.auditchain.finance/analysis/Qmf5YiFpnsTWRxPS589yegPrNzndnrrAUzDbs71XnWoMd8"
"China Changjiang Mining & New Energy Company, Ltd. () 10-Q for Q3, 2022","ROOM 1907, NO. 1038 WEST NANJING ROAD,SHANGHAI,F4,200041","https://alpha.auditchain.finance/analysis/QmdeLNQHdErFFPSrYb9BNtTMg4nguug3QDMLcxp6buxq4B"
"ARCH CAPITAL GROUP LTD. (ACGL) 10-Q for Q3, 2022","WATERLOO HOUSE, GROUND FLOOR,PEMBROKE,D0,HM 08","https://alpha.auditchain.finance/analysis/QmeNUuDigj1YNFEXXuZ9yJPG1MaGGpbLdyEVPFPspJAuFm"
"Cheniere Energy Partners, L.P. (CQP) 10-Q for Q3, 2022","700 MILAM ST.,HOUSTON,TX,77002","https://alpha.auditchain.finance/analysis/QmaKey8Dmsc5sADmpCweWnq1PAH2sLEvN8ZxyMW2q2qsc3"
"BIOETHICS, LTD. () 10-Q for Q3, 2022","1661 LAKEVIEW CIRCLE,OGDEN,UT,84403","https://alpha.auditchain.finance/analysis/QmdZY7nKyWExG8zqJXSq4TwZsY24tGybcVSvepCCEgFhAz"
"TARGET GROUP INC. (CBDY) 10-Q for Q3, 2022","55 ADMINISTRATION ROAD, UNIT 13,VAUGHAN,A6,L4K-4G9","https://alpha.auditchain.finance/analysis/QmTTAC2dT4uQFqkQQRTqSmYEUfGr5F77GtakVYg9J2HNE5"
"ARES MANAGEMENT CORPORATION (ARES) 10-Q for Q3, 2022","2000 AVE OF THE STARS,LOS ANGELES,CA,90067","https://alpha.auditchain.finance/analysis/QmUKKY6Gk2fM2ZQYDb87TRf5iuasMQrUvdyjJTbdHmYkrj"
"TD Holdings, Inc. (GLG) 10-Q for Q3, 2022","25TH FL, BLOCK C, TAIRAN BUILDING, NO 31,GUANGDONG,F4,PRC 518000","https://alpha.auditchain.finance/analysis/QmZupfi1SKZZip6Jk4Cz5UV2ZXxcuTSyua8cW2C7Dgxka5"
"Tengjun Biotechnology Corp. () 10-Q for Q3, 2022","FOOD INDUSTRY ECONOMIC AND TECHNOLOGY,JINING, SHANDONG,F4,214028","https://alpha.auditchain.finance/analysis/QmWq4iLbwCUEsUciD2vpVuCYsKhLSm3qCnmD85X9GJKULT"
"CHS Inc. (CHSCP) 10-K for FY, 2022","5500 CENEX DRIVE,INVER GROVE HEIGHTS,MN,55077","https://alpha.auditchain.finance/analysis/QmQZ9iL9tZ3Ghn6MSKNsL45MXGHrYUQaRgTD5sVY6z3XdZ"
"Churchill Downs Inc (CHDN) 10-Q for Q3, 2022","600 N HURSTBOURNE PKWY,LOUISVILLE,KY,40222-5389","https://alpha.auditchain.finance/analysis/QmYVV2jm3xobh5nWPhmWxdKrCR7dZsbmWVNTz6ZLF5uNbL"
"ADVANCED DRAINAGE SYSTEMS, INC. (WMS) 10-Q for Q2, 2023","4640 TRUEMAN BOULEVARD,HILLIARD,OH,43026","https://alpha.auditchain.finance/analysis/QmZpzfStZPvRKgLXntEx5GpG6jijdQy5rZeRHmgMfpdRuM"
"Aqua Metals, Inc. (AQMS) 10-Q for Q3, 2022","2500 PERU DR.,MCCARRAN,NV,89437","https://alpha.auditchain.finance/analysis/QmPDVfL1xuqYHdWg43Fnbns7irRFqCCaF5SSG67sysPzpK"
"VIVOS INC () 10-Q for Q3, 2022","719 JADWIN AVENUE,RICHLAND,WA,99352","https://alpha.auditchain.finance/analysis/QmXR7x8x9HLDNd3ZfZZnCjwvpRQ2Zjq82aX3M3Ga47FRH6"
"Cimpress plc (CMPR) 10-Q for Q1, 2023","BUILDING D, XEROX TECHNOLOGY PARK,DUNDALK, COUNTY LOUTH,L2,A91 H9N9","https://alpha.auditchain.finance/analysis/QmXqBsjsC9bKVu5aGHxjeCVrhVjKZHB1njR1eAjqoypuud"
"Cinemark Holdings, Inc. (CNK) 10-Q for Q3, 2022","3900 DALLAS PARKWAY,PLANO,TX,75093","https://alpha.auditchain.finance/analysis/QmRpqbVicrTRcF2QMRZP9bNpFY4Fpk85ZJ8CKq4Vhq6NAL"
"CIRCOR INTERNATIONAL, INC (CIR) 10-Q for Q3, 2022","C/O CIRCOR INC,BURLINGTON,MA,01803-4238","https://alpha.auditchain.finance/analysis/QmcMVVJFsgR9XXsh121EGNEWDeJD8z5hV7meeQRqnRZnQg"
"Arem Pacific Corporation () 10-Q for Q1, 2023","47 MOUNT PLEASANT ROAD,NUNAWADING, VICTORIA,C3,3131","https://alpha.auditchain.finance/analysis/QmS7MiQvopCirAWrKEhzzAtpBvDg8phZNHULvb6RTnEvvm"
"ARVANA INC. () 10-Q for Q3, 2022","299 S. MAIN STREET,SALT LAKE CITY,UT,84111","https://alpha.auditchain.finance/analysis/QmQWqRnynTU9bVZAJxEa1NYQxyEaKRxzfQ1TPLbPu2sjks"
"ZW Data Action Technologies Inc. (CNET) 10-Q for Q3, 2022","NO.3 MIN ZHUANG ROAD, BUILDING 6,,HAIDIAN DISTRICT, BEIJING,,F4,100195","https://alpha.auditchain.finance/analysis/QmWjxCK4NcdV3gkrGjnxPg5tzeWDY8ZBD4TCZHynhdF9Uw"
"BELLICUM PHARMACEUTICALS, INC. (BLCM) 10-Q for Q3, 2022","3730 KIRBY DRIVE,HOUSTON,TX,77098","https://alpha.auditchain.finance/analysis/QmTUsrTJT2YgWveMaTHxgE3bkkxtKcxtjzUdbDS3RxmzY3"
"ASBURY AUTOMOTIVE GROUP, INC. (ABG) 10-Q for Q3, 2022","2905 PREMIERE PARKWAY NW,DULUTH,GA,30097","https://alpha.auditchain.finance/analysis/QmRW33BTYKtcobG5Bm1Npt97Fh31N7yA2PEYy2ZfNyZkwD"
"ASSEMBLY BIOSCIENCES, INC. (ASMB) 10-Q for Q3, 2022","331 OYSTER POINT BLVD.,SOUTH SAN FRANCISCO,CA,94080","https://alpha.auditchain.finance/analysis/QmNfTeQeBrci4mzLcP2ZphsDfRtJvhXJEszfs1zyhWxUAo"
"BERGIO INTERNATIONAL, INC. () 10-Q for Q3, 2022","12 DANIEL ROAD,EAST FAIRFIELD,NJ,07004","https://alpha.auditchain.finance/analysis/QmWMQwKDeuHY7CYzvuuJ35j3nLUjRWsj1BBPjTBsQT2Myt"
"ASSURED GUARANTY LTD. (AGO) 10-Q for Q3, 2022","30 WOODBOURNE AVE,HAMILTON BERMUDA,D0,HM08","https://alpha.auditchain.finance/analysis/QmarXpcsTidDNXKEaEoKqUKSopfNEhwAc5i3U1ryt3edG8"
"ATEL 14, LLC () 10-Q for Q3, 2022","THE TRANSAMERICA PYRAMID,SAN FRANCISCO,CA,94111","https://alpha.auditchain.finance/analysis/QmW7X54ZK1tHrSmgmqHiU4Qe7GypuZTmoxhk6eXNYLVAby"
"ATEL 16, LLC () 10-Q for Q3, 2022","THE TRANSAMERICA PYRAMID,SAN FRANCISCO,CA,94111","https://alpha.auditchain.finance/analysis/QmZrcSbZmnvbFQuqWexfSGj1FyVP1TnNkpTaSmaiTbSxbZ"
"ATHERSYS, INC / NEW (ATHX) 10-Q for Q3, 2022","3201 CARNEGIE AVENUE,CLEVELAND,OH,44115-2634","https://alpha.auditchain.finance/analysis/QmXRSGXeoWrnmBjrmzVnPZ8xjAvZ4tAjo8hPjE6Q3fSsT5"
"ADMIRAL FINANCIAL CORP. () 10-Q for Q1, 2023","7101 SOUTHWEST 67TH AVENUE,SOUTH MIAMI,FL,33143","https://alpha.auditchain.finance/analysis/QmT8XYNLgygaNXgMdmPW441wwcPi2fyyvzqXhhXZUTa44S"
"BioCorRx Inc. () 10-Q for Q3, 2022","2390 EAST ORANGEWOOD AVENUE,ANAHEIM,CA,92806","https://alpha.auditchain.finance/analysis/QmXYWhVHtCRtuxN8YM6mihyZEXCneonwh8Rx9zasmBaXaR"
"CNL Healthcare Properties, Inc. () 10-Q for Q3, 2022","450 SOUTH ORANGE AVENUE,ORLANDO,FL,32801","https://alpha.auditchain.finance/analysis/QmW25BEjRJPbZYPGMJKhXzB95qRivvUD859VZotJYRy6XS"
"AGENUS INC (AGEN) 10-Q for Q3, 2022","3 FORBES ROAD,LEXINGTON,MA,02421","https://alpha.auditchain.finance/analysis/QmaiVYDrDkJpBKNsUiYMgRR33YjLo16x3eESXyPHayWiYF"
"COCA COLA CO (KO) 10-Q for Q3, 2022","ONE COCA COLA PLAZA,ATLANTA,GA,30313","https://alpha.auditchain.finance/analysis/Qmf4cbABqsjpmxZe82gDx3Egio7GgGktyHPBgk9p3iwDFH"
"Fluent, Inc. (FLNT) 10-Q for Q3, 2022","300 VESEY STREET,NEW YORK,NY,10282","https://alpha.auditchain.finance/analysis/QmdcmGw4HCnZH6nvJAeP9d8RyoSAP3LnqCdefdCBsqhAUY"
"AIR PRODUCTS AND CHEMICALS, INC. (APD) 10-K for FY, 2022","1940 AIR PRODUCTS BLVD.,ALLENTOWN,PA,18106-5500","https://alpha.auditchain.finance/analysis/QmcncR9whyArx9LxqFAHHR1P64hpgMyekvQK2aCJeL1WqE"
"COGNIZANT TECHNOLOGY SOLUTIONS CORPORATION (CTSH) 10-Q for Q3, 2022","300 FRANK W. BURR BLVD., STE. 36, 6 FL.,TEANECK,NJ,07666","https://alpha.auditchain.finance/analysis/QmSR4iHkb39zynpTH79gYo1GPZQp1hMxh5ExjLueCrUKrb"
"ATN INTERNATIONAL, INC. (ATNI) 10-Q for Q3, 2022","500 CUMMINGS CENTER,BEVERLY,MA,01915","https://alpha.auditchain.finance/analysis/QmaYZYcLGxuLkwYddTDERJZf6KRY8VS6BJXZDuHieVg9HV"
"COHU INC (COHU) 10-Q for Q3, 2022","12367 CROSTHWAITE CIRCLE,POWAY,CA,92064-6817","https://alpha.auditchain.finance/analysis/QmaVpvXXxqmV5BGPpUbsCKpeS41JdiNpdGYgr9Lqz9o7BE"
"ATOSSA THERAPEUTICS, INC. (ATOS) 10-Q for Q3, 2022","107 SPRING STREET,SEATTLE,WA,98104","https://alpha.auditchain.finance/analysis/QmYiEsvLMwiCFkUmEHtsXGw4PM6uWqtdneKbbhyYjmfw8T"
"SUIC Worldwide Holdings Ltd. () 10-Q for Q3, 2022","136-20 38TH AVE.,FLUSHING,NY,11354","https://alpha.auditchain.finance/analysis/QmQAoJYN69zkVS7qokgVbE4YVDVkqjSoxSxv2tj6Dze5X8"
"AUSCRETE CORPORATION () 10-Q for Q3, 2022","504 WEST FIRST ST.,RUFUS,OR,97050","https://alpha.auditchain.finance/analysis/QmQXYmgdN4eFHzj3tacpuXQm6bKcudQLFkpXK1aL6wVPyg"
"Akamai Technologies, Inc (AKAM) 10-Q for Q3, 2022","145 BROADWAY,CAMBRIDGE,MA,02142","https://alpha.auditchain.finance/analysis/QmV9vZdzStME553q4rWsjk6yFVsdquZJ1hTuL3DTrRK7ak"
"AUTOLIV, INC. (ALV) 10-Q for Q3, 2022","3350 AIRPORT RD,OGDEN,UT,84405","https://alpha.auditchain.finance/analysis/QmaGL2m8eY7hx2sq4DyaoXmWCiG13WF5craNQgD2qRqSyC"
"ALAMO GROUP INC. (ALG) 10-Q for Q3, 2022","1627 E WALNUT,SEGUIN,TX,78155","https://alpha.auditchain.finance/analysis/Qma8V7aRPYPCL3HMNMP5DJivqefKP4gLcmuP2DFdXu3D7N"
"Enovis CORP (ENOV) 10-Q for Q3, 2022","2711 CENTERVILLE ROAD,WILMINGTON,DE,19808","https://alpha.auditchain.finance/analysis/QmepwkCSBTAXHngVERUUHB7KGJhUsfs8B6Ky4WWkQNrb1p"
"AUTONATION, INC. (AN) 10-Q for Q3, 2022","200 SW 1ST AVE,FORT LAUDERDALE,FL,33301","https://alpha.auditchain.finance/analysis/QmXQ7GLBVoiAU9zpcCGFKv9bkgqiYCknKpuXoTWp4H4iCi"
"ALASKA AIR GROUP, INC. (ALK) 10-Q for Q3, 2022","19300 INTERNATIONAL BOULEVARD,SEATTLE,WA,98188","https://alpha.auditchain.finance/analysis/QmU4g7KXY5T4otYc5aUS6VJZRNUpG1fGgXRnUQQDt4wDJt"
"Uniti Group Inc. (UNIT) 10-Q for Q3, 2022","2101 RIVERFRONT DRIVE, SUITE A,LITTLE ROCK,AR,72202","https://alpha.auditchain.finance/analysis/QmNS1YzWfnNQmJRENnsr7To3EKzJaV3u3sTG6m8A2ySUcm"
"THE COMMUNITY FINANCIAL CORPORATION (TCFC) 10-Q for Q3, 2022","3035 LEONARDTOWN RD,WALDORF,MD,20601","https://alpha.auditchain.finance/analysis/QmSxUk17RhFZXK6MMN7vJZzAbY3QsRfptd4TzDfqcxkePm"
"AVALONBAY COMMUNITIES, INC. (AVB) 10-Q for Q3, 2022","4040 WILSON BOULEVARD,ARLINGTON,VA,22203","https://alpha.auditchain.finance/analysis/QmUn1gqXgwMEdbXXaoCMUtWhNaDgh9ET7yeiAJzfxtG8Sb"
"ALEXANDRIA REAL ESTATE EQUITIES, INC. (ARE) 10-Q for Q3, 2022","26 NORTH EUCLID AVENUE,PASADENA,CA,91101","https://alpha.auditchain.finance/analysis/QmQfw7M5xG6WS14cJ4UyfB1acCYMK5GZqeYu3EFHGgqig3"
"Avis Budget Group, Inc. (CAR) 10-Q for Q3, 2022","6 SYLVAN WAY,PARSIPPANY,NJ,07054","https://alpha.auditchain.finance/analysis/QmSAaDBtKvesWbnE5MmddwnGMeHSFe5e1XE2UANmbE54PT"
"GLOBAL ACQUISITIONS CORPORATION () 10-Q for Q3, 2022","6730 SOUTH LAS VEGAS BLVD.,LAS VEGAS,NV,89119","https://alpha.auditchain.finance/analysis/QmUxtmckw5P7KG9MgoUwAd22X7q1D8n6e1fT6vdvLAmZM9"
"Alimera Sciences, Inc. (ALIM) 10-Q for Q3, 2022","6310 TOWN SQUARE,ALPHARETTA,GA,30005","https://alpha.auditchain.finance/analysis/QmW74VNaQL3A7uufq3x1JBhSsk6vQoyzt5FnW58PXT32uY"
"AZZ Inc. (AZZ) 10-Q for Q2, 2023","ONE MUSEUM PLACE, SUITE 500,FORT WORTH,TX,76107","https://alpha.auditchain.finance/analysis/QmU1ueRfLYLo9atTu4tLGB2xcVWXfjuTE3vEykWKZu6ttu"
"Albireo Pharma, Inc. (ALBO) 10-Q for Q3, 2022","10 POST OFFICE SQUARE,BOSTON,MA,02109","https://alpha.auditchain.finance/analysis/QmcjaQnhmxHmFUvdrkEbrZMdWen3Zkv2CkSnkxLhNkxDW3"
"ALEXANDER & BALDWIN, INC. (ALEX) 10-Q for Q3, 2022","822 BISHOP STREET, P.O. BOX 3440,HONOLULU,HI,96801","https://alpha.auditchain.finance/analysis/QmNgPFRfFLvrCz6dMcu3KZkS2bBJ2e6s3rx6y9KSWLMwDb"
"ATI Inc. (ATI) 10-Q for Q3, 2022","2021 MCKINNEY AVENUE,DALLAS,TX,75201","https://alpha.auditchain.finance/analysis/QmeTg18U8SwEGMn9WnHJkEUN7SHeGEDEhuhqV4Rhmco6UH"
"BREAD FINANCIAL HOLDINGS, INC. (BFH) 10-Q for Q3, 2022","3095 LOYALTY CIRCLE,COLUMBUS,OH,43219","https://alpha.auditchain.finance/analysis/QmXKzfDYgSBnSnXxJRoghkPAoVx9etzJ9jqrVDU5jxSLRP"
"ALLIANT ENERGY CORP (LNT) 10-Q for Q3, 2022","4902 NORTH BILTMORE LANE,MADISON,WI,53718-2148","https://alpha.auditchain.finance/analysis/QmcmMNr2ei9nFy2NyEBKYRkqZ7RhtahPpg4jTcoBHDssK5"
"ALLSTATE CORP (ALL) 10-Q for Q3, 2022","3100 SANDERS ROAD,NORTHBROOK,IL,60062","https://alpha.auditchain.finance/analysis/QmYiRG6ndfdR1kY96KfqbaX3Axt8U65knAPA3LhE5HLbdW"
"Alpha and Omega Semiconductor Limited (AOSL) 10-Q for Q1, 2023","475 OAKMEAD PARKWAY,SUNNYVALE,CA,94085","https://alpha.auditchain.finance/analysis/QmXSAjVDP9HyXT9MHSPDTRHTDiU2XCr45P43PjTF1YRMtW"
"BAB, Inc (BABB) 10-Q for Q3, 2022","500 LAKE COOK ROAD,DEERFIELD,IL,60015","https://alpha.auditchain.finance/analysis/QmPKD8V5zHx8VEo2nva3P5fSQkRwMh9ZdKaBDuQa2TLhem"
"Altria Group, Inc. (MO) 10-Q for Q3, 2022","6601 WEST BROAD STREET,RICHMOND,VA,23230","https://alpha.auditchain.finance/analysis/QmUuFXtjWv4uo1LbpGdexy8vLTXbQomZeM4jFsRoEQu8NU"
"Crestwood Equity Partners LP (CEQP) 10-Q for Q3, 2022","811 MAIN STREET,HOUSTON,TX,77002","https://alpha.auditchain.finance/analysis/QmNM2Z2FLUDh7Gfc89DYD8a7DKmsceF9DULbvxJU9qWf1W"
"BADGER METER, INC. (BMI) 10-Q for Q3, 2022","4545 WEST BROWN DEER ROAD,MILWAUKEE,WI,53223","https://alpha.auditchain.finance/analysis/QmbXHFx3BVtvGVhzN9Hu3jYePijC1HWEbRz4ebm8ECt8uT"
"AMBAC FINANCIAL GROUP, INC. (AMBC) 10-Q for Q3, 2022","ONE WORLD TRADE CENTER,NEW YORK,NY,10007","https://alpha.auditchain.finance/analysis/QmYa5arYGoz3ZixnJWjEFuVtS1SoxaPRfCkPn9jJCau8eH"
"CUBESMART (CUBE) 10-Q for Q3, 2022","5 OLD LANCASTER ROAD,MALVERN,PA,19355","https://alpha.auditchain.finance/analysis/QmcvJgx4NVYgY5gDvK4RuEz9iTfYABPvAZeEzbjYeaEwZC"
"DAIS CORPORATION () 10-Q for Q3, 2022","11552 PROSPEROUS DRIVE,ODESSA,FL,33556","https://alpha.auditchain.finance/analysis/QmZebpf5cN3MNrVVuMKL3htJCv87oUmmou6t8equiRY12h"
"FATE THERAPEUTICS, INC. (FATE) 10-Q for Q3, 2022","12278 SCRIPPS SUMMIT DRIVE,SAN DIEGO,CA,92131","https://alpha.auditchain.finance/analysis/QmQt3rJx7WcEFtjpjeGszwmCEpXSkpydCHdJCciHbF7f5T"
"KonaTel, Inc. () 10-Q for Q3, 2022","500 N. CENTRAL EXPRESSWAY, SUITE 202,PLANO,TX,75074","https://alpha.auditchain.finance/analysis/QmPyZEzhrJcbfr54Ekge3roWfggKfQ4zATJUHcwjqivnNM"
"DANAHER CORPORATION (DHR) 10-Q for Q3, 2022","2200 PENNSYLVANIA AVE. N.W.,WASHINGTON,DC,20037-1701","https://alpha.auditchain.finance/analysis/QmZQfr2E2LK1aKAn3j1mJroVamUjMnqFUuCvTX56fUkwyN"
"DARLING INGREDIENTS INC. (DAR) 10-Q for Q3, 2022","5601 N MACARTHUR BLVD,IRVING,TX,75038","https://alpha.auditchain.finance/analysis/QmTP57Ct2bq8tdfJpkCRKdMtGEayDMXfht5WjAkcScNGUx"
"DZS INC (DZSI) 10-Q for Q3, 2022","5700 TENNYSON PARKWAY,PLANO,TX,75024","https://alpha.auditchain.finance/analysis/QmS7Z3QwNp3LetjWXgSNF159vd3sYRe6j8s5DAiNf34pqb"
"ALTRA INDUSTRIAL MOTION CORP. (AIMC) 10-Q for Q3, 2022","300 GRANITE STREET,BRAINTREE,MA,02184","https://alpha.auditchain.finance/analysis/QmXuxTMSPgNiALhATbrAWrU3Z9E4fcHFHiZySZsEovenMF"
"Bank of America Corporation (BAC) 10-Q for Q3, 2022","BANK OF AMERICA CORPORATE CENTER,CHARLOTTE,NC,28255","https://alpha.auditchain.finance/analysis/QmWaDDyjeFPDeDsqUjfUaH2V7uvoaAPsvRZr8ETwmNiSpH"
"FB FINANCIAL CORPORATION (FBK) 10-Q for Q3, 2022","211 COMMERCE STREET,NASHVILLE,TN,37201","https://alpha.auditchain.finance/analysis/QmTnW2AvbkQXhaDKsUR1ukWqyuPx1kbywU6MRHEgBxi5ZP"
"Ameren Corporation (AEE) 10-Q for Q3, 2022","1901 CHOUTEAU AVE,ST LOUIS,MO,63166-6149","https://alpha.auditchain.finance/analysis/QmYQoEJCMgMPKkKnCQpmfQtjzQJeQ1RzWm5Z5pongtm1gA"
"AMERICA FIRST MULTIFAMILY INVESTORS, L.P. (ATAX) 10-Q for Q3, 2022","14301 FNB PARKWAY,OMAHA,NE,68154","https://alpha.auditchain.finance/analysis/QmZ8FDxc6My5jFje3ZHThkgt3ixHiCifQtUJMx6mzvM3qo"
"DELCATH SYSTEMS, INC. (DCTH) 10-Q for Q3, 2022","1633 BROADWAY,NEW YORK,NY,10019","https://alpha.auditchain.finance/analysis/QmWqf7aP48iGmMF17qt2D7fw36NW21xF8kzKSLN1msvo2X"
"DELTA APPAREL, INC (DLA) 10-K for FY, 2022","322 S. MAIN STREET,GREENVILLE,SC,29601","https://alpha.auditchain.finance/analysis/QmPTkviBSFetLKS76CiJikWeT289nhocZojK1JEcDsL6FH"
"Cloudweb, Inc. () 10-Q for Q3, 2022","800 W EL CAMINO REAL,MOUNTAIN VIEW,CA,94040","https://alpha.auditchain.finance/analysis/QmRUrtQbjzaubkCkymrUjszmEVkULVdkA5ZKhDU9Yx3J5n"
"DELEK LOGISTICS PARTNERS, LP (DKL) 10-Q for Q3, 2022","7102 COMMERCE WAY,BRENTWOOD,TN,37027","https://alpha.auditchain.finance/analysis/QmYpiAJ9ekxJzSQmsdcJu5tH29wi8HbMdtEksd3SHajcfV"
"American States Water Co (AWR) 10-Q for Q3, 2022","630 E FOOTHILL BLVD,SAN DIMAS,CA,91773-9016","https://alpha.auditchain.finance/analysis/QmNszs1NLzRoQDCbPdUJbYyTk8bvKDJXv69ggMhPqfBQ6z"
"Ferrellgas Partners L P () 10-K for FY, 2022","ONE LIBERTY PLAZA,LIBERTY,MO,64068","https://alpha.auditchain.finance/analysis/QmcbNJDvBonXUXcLC5xGsyE2gnpBzP7CuK1KVZyCcoSKRx"
"DEVON ENERGY CORP/DE (DVN) 10-Q for Q3, 2022","333 W. SHERIDAN AVENUE,OKLAHOMA CITY,OK,73102","https://alpha.auditchain.finance/analysis/QmNpDdUZy2RBxoqThAn27YrnAwUfsidLNhnsUrBr2Y6TEi"
"ENVELA CORPORATION (ELA) 10-Q for Q3, 2022","1901 GATEWAY DRIVE,IRVING,TX,75038","https://alpha.auditchain.finance/analysis/QmQxeqJ3viu2SoexayXmVE2aWka1WnAqeWHQiht4NSEikN"
"FIDELITY D & D BANCORP INC (FDBC) 10-Q for Q3, 2022","BLAKELY & DRINKER STREETS,DUNMORE,PA,18512","https://alpha.auditchain.finance/analysis/QmNTaiL2ajUECBF9dSdHPepLU5N7TpEc9cY2fPVJuZkSX1"
"AMERINST INSURANCE GROUP LTD () 10-Q for Q3, 2022","CEDAR MANAGEMENT LIMITED, 25 CHURCH ST.,HAMILTON,D0,HMGX","https://alpha.auditchain.finance/analysis/QmfWjrBLZ6uQU31VBmheWQh9VfuAnjcf4JiJLs3CRn6Qe4"
"MODULAR MEDICAL, INC. (MODD) 10-Q for Q2, 2023","16772 WEST BERNARDO DRIVE,SAN DIEGO,CA,92127","https://alpha.auditchain.finance/analysis/QmUpHa2gMu7ddNz8sBv1oxWNwjPpXAjUXX9G3MUScRWXhq"
"BECTON, DICKINSON AND COMPANY (BDX) 10-K for FY, 2022","ONE BECTON DR,FRANKLIN LAKES,NJ,07417-1880","https://alpha.auditchain.finance/analysis/QmU3n2xH1UnMCnaZuXohQc6LAXJsrRD1f45y6YUQsENtkt"
"MAIDEN HOLDINGS, LTD. (MHLD) 10-Q for Q3, 2022","SCHRODERS HOUSE,HAMILTON,D0,HM 12","https://alpha.auditchain.finance/analysis/QmTKHqcCkFY6hzmY1nXXQ2vZqgbr5ihZii3TGYVsBUg6LM"
"BORGWARNER INC. (BWA) 10-Q for Q3, 2022","3850 HAMLIN RD.,AUBURN HILLS,MI,48326","https://alpha.auditchain.finance/analysis/QmdpFdpFTSFYuuNyBJkxMfRWW9LaQtogSgi4NroEPy7Edk"
"MANHATTAN SCIENTIFICS, INC. () 10-Q for Q3, 2022","244 FIFTH AVENUE,NEW YORK,NY,10001","https://alpha.auditchain.finance/analysis/QmdzYxSRUS2o81ii8cxG3FzfmVLJMTQfEbbcnuCHnibpWc"
"MANNATECH, INCORPORATED (MTEX) 10-Q for Q3, 2022","1410 LAKESIDE PARKWAY,FLOWER MOUND,TX,75028","https://alpha.auditchain.finance/analysis/QmdhhaVaoJAfeMPSTYi3SztLURrs47UEPwC6pfTGkAsYtr"
"BLACK DIAMOND THERAPEUTICS, INC. (BDTX) 10-Q for Q3, 2022","undefined","https://alpha.auditchain.finance/analysis/Qma53SqgbYaWmhSknBiYr1mmaJoZfCdNQ54sNZUeg5kSRK"
"MY SIZE, INC. (MYSZ) 10-Q for Q3, 2022","HAYARDEN 4,AIRPORT CITY,L3,7010000","https://alpha.auditchain.finance/analysis/QmXrd96mhH2CKCgarneGPT4VQwSMJY9qcqBzoWmEJRD3fa"
"NABORS INDUSTRIES LTD. (NBR) 10-Q for Q3, 2022","CROWN HOUSE,HAMILTON, HM08,D0,0000","https://alpha.auditchain.finance/analysis/QmcxXHxWHGGno1kmC2fvqTpt9AdK4PR9EQ5Z1tkJqoUsEV"
"Marriott Vacations Worldwide Corp (VAC) 10-Q for Q3, 2022","9002 SAN MARCO COURT,ORLANDO,FL,32819","https://alpha.auditchain.finance/analysis/QmR4fb2chrP5x52FFmqXHDGBkecUav2X5Xj2xmHNAGH6GY"
"NANOVIRICIDES, INC. (NNVC) 10-Q for Q1, 2023","1 CONTROLS DRIVE,SHELTON,CT,06484","https://alpha.auditchain.finance/analysis/Qma5a8pAKkLzTvvkN99gPYhQdAVDuX5KFeFbc4dQX8Zt8X"
"BLUEPRINT MEDICINES CORPORATION (BPMC) 10-Q for Q3, 2022","45 SIDNEY STREET,CAMBRIDGE,MA,02139","https://alpha.auditchain.finance/analysis/Qmdr2uRA4oSMsBfL7G3WZCyZH4tq5icUJJksB7iTpvEfrS"
"FIRST BUSEY CORPORATION (BUSE) 10-Q for Q3, 2022","201 W MAIN STREET,URBANA,IL,61801","https://alpha.auditchain.finance/analysis/QmVZtPeUTKAQPMiHcfagJfwCbmfTRjsFLLkxdXpMSipuf8"
"NATHANS FAMOUS INC (NATH) 10-Q for Q2, 2023","ONE JERICHO PLAZA,JERICHO,NY,11753","https://alpha.auditchain.finance/analysis/QmasJ8hd25ZFeGpf7myH5UpDbB5cnRPm9LYzAStom8TjaQ"
"Premier Financial Corp. (PFC) 10-Q for Q3, 2022","601 CLINTON ST,DEFIANCE,OH,43512","https://alpha.auditchain.finance/analysis/QmWk9iyvioJrKHasLn6sKqjDhC453LpbraWL5Q85438TSJ"
"MARATHON DIGITAL HOLDINGS, INC. (MARA) 10-Q for Q3, 2022","1180 N. TOWN CENTER DRIVE,LAS VEGAS,NV,89144","https://alpha.auditchain.finance/analysis/QmeMfki6QeGJ5j6LehcPyKCtim1BtKE2cSywPk4N2iHzcB"
"BOSTON PROPERTIES, INC. (BXP) 10-Q for Q3, 2022","800 BOYLSTON STREET,BOSTON,MA,02199","https://alpha.auditchain.finance/analysis/QmbxidTh1PawRqx7yJF6gzQk8EpPADzjiWHLZzKncB5dLX"
"BOYD GAMING CORP  (BYD) 10-Q for Q3, 2022","6465 SOUTH RAINBOW BOULEVARD,LAS VEGAS,NV,89118","https://alpha.auditchain.finance/analysis/QmUExut4hx8R5vkch18hNhjSpPXqQ8qNP2XnUJUEktUaxG"
"MATERION CORPORATION (MTRN) 10-Q for Q3, 2022","6070 PARKLAND BLVD.,MAYFIELD HTS.,OH,44124","https://alpha.auditchain.finance/analysis/QmXecw1Q5BmDUa2FHkmLRrkPVjw1opKruCEcWxaCuVYjpy"
"First Midwest Bancorp, Inc. (FMBI) 10-Q for Q3, 2021","8750 WEST BRYN MAWR AVENUE,CHICAGO,IL,60631","https://alpha.auditchain.finance/analysis/QmXGM5yB9egcCQYa8sa346wHM5gLBqUuiZod1pviP8GfGC"
"Oncotelic Therapeutics, Inc. () 10-Q for Q3, 2022","29397 AGOURA RD.,AGUORA HILLS,CA,91301","https://alpha.auditchain.finance/analysis/QmSwcTxib1QUZMAECt9DX5afw9QxSz6n3WnLt6U3GYCRbp"
"MATTEL INC /DE/ (MAT) 10-Q for Q3, 2022","333 CONTINENTAL BLVD,EL SEGUNDO,CA,90245","https://alpha.auditchain.finance/analysis/QmSdcc36a2pdcRSTHtBot2b4bNb6pB1zuLdJu48NNh9mDT"
"BRINKER INTERNATIONAL, INC. (EAT) 10-Q for Q1, 2023","3000 OLYMPUS BLVD.,DALLAS,TX,75019","https://alpha.auditchain.finance/analysis/QmbopRP2Ji8wimuSB5QPf87Yvecz4F1cGtjmpy4hU4cM2b"
"BRINK’S CO (BCO) 10-Q for Q3, 2022","1801 BAYBERRY COURT,RICHMOND,VA,23226-1800","https://alpha.auditchain.finance/analysis/QmUJUBbr9e4Hptu4is6uYsZG9zQj5rqJNo3d46nEeCAtdT"
"BERKSHIRE HATHAWAY INC (BRK.A) 10-Q for Q3, 2022","3555 FARNAM STREET,OMAHA,NE,68131","https://alpha.auditchain.finance/analysis/QmU8ZCxSktutXSnQba6VJdetPxGQznRUKA4YRxx5M458wD"
"MCCORMICK & CO INC (MKC.V) 10-Q for Q3, 2022","24 SCHILLING ROAD,HUNT VALLEY,MD,21031","https://alpha.auditchain.finance/analysis/QmNVzC21F72cKngvpKa55XUKZ4qnVt94opTiTDk6gvgJ7v"
"McDONALD’S CORPORATION (MCD) 10-Q for Q3, 2022","110 NORTH CARPENTER STREET,CHICAGO,IL,60607","https://alpha.auditchain.finance/analysis/QmPNMLPSivCFv6SjcYSUysJ6KF1Hj61dstfM7m7dXyMQXB"
"McKESSON CORPORATION (MCK) 10-Q for Q2, 2023","6555 STATE HIGHWAY 161,IRVING,TX,75039","https://alpha.auditchain.finance/analysis/QmZdW2UeLFzwxFgpyRk7KheqPMXXopYbnRY4xaaiQoeVrX"
"OLD REPUBLIC INTERNATIONAL CORPORATION (ORI) 10-Q for Q3, 2022","307 N MICHIGAN AVE,CHICAGO,IL,60601","https://alpha.auditchain.finance/analysis/QmQ9H1n5Dag9Yvh9vzq1KMuYu8VPvbrG4mGPYoVkD4rCPA"
"BROWN & BROWN, INC. (BRO) 10-Q for Q3, 2022","300 N. BEACH STREET,DAYTONA BEACH,FL,32114","https://alpha.auditchain.finance/analysis/QmSukcLwKnHp6haDAGtEDPV78CDZjaNzg1SfJ3X2REZGsV"
"BRUKER CORPORATION (BRKR) 10-Q for Q3, 2022","40 MANNING RD,BILLERICA,MA,01821","https://alpha.auditchain.finance/analysis/QmRAZwTd76vjw5rREV58GmwkYEQgK1QHQtRaNLRTFz4acS"
"BSQUARE CORP /WA (BSQR) 10-Q for Q3, 2022","110    110TH AVENUE NE, SUITE 300,BELLEVUE,WA,98004","https://alpha.auditchain.finance/analysis/QmeDH4b4WgraSMRewB99kyDJbQ93chQKKbeNufYxGUqvQu"
"FIRST FOODS GROUP, INC. () 10-Q for Q3, 2022","C/O INCORP SERVICES, INC.,LAS VEGAS,NV,89169-6014","https://alpha.auditchain.finance/analysis/QmdjM5oZmbeRmY5DHnzU9TpRjzJqMpLxSr2VG7JRfeHe7M"
"BURLINGTON STORES, INC. (BURL) 10-Q for Q3, 2022","1830 ROUTE 130 NORTH,BURLINGTON,NJ,08016","https://alpha.auditchain.finance/analysis/QmQF8cNqtnuDcw4fr8WJFAre364fdJzmsRtHfiNzbFPgZK"
"MERCER INTERNATIONAL INC. (MERC) 10-Q for Q3, 2022","700 WEST PENDER STREET,VANCOUVER,A1,V6C 1G8","https://alpha.auditchain.finance/analysis/QmWodWDMtDbJTxCZASaLGYtp56NF8bUDS6HZsF7urhpJs9"
"CABLE ONE, INC. (CABO) 10-Q for Q3, 2022","210 E. EARLL DRIVE,PHOENIX,AZ,85012","https://alpha.auditchain.finance/analysis/QmTSokvMCD3ki9uYQPc8zGVw7etKqMNxRatZAnu7unf4xT"
"Cabot Corporation (CBT) 10-K for FY, 2022","TWO SEAPORT LANE SUITE 1400,BOSTON,MA,02210","https://alpha.auditchain.finance/analysis/QmUraaBCoV1yRTytMCtFrYaDDtf8y2ZDnFo31o7sUDzkzE"
"FLOWSERVE CORP (FLS) 10-Q for Q3, 2022","5215 N. O'CONNOR BLVD.,IRVING,TX,75039","https://alpha.auditchain.finance/analysis/QmSya6i6SKvmd33LpWEWUTVzrsZNrbx4sUu4ktJWYYfXVZ"
"MESA LABORATORIES INC /CO (MLAB) 10-Q for Q2, 2023","12100 W 6TH AVE,LAKEWOOD,CO,80228","https://alpha.auditchain.finance/analysis/Qmco5YNX9FuY2ygJEQGzqmc25q2qchhNaXZrpPVpdrQxP3"
"FMC CORPORATION (FMC) 10-Q for Q3, 2022","2929 WALNUT STREET,PHILADELPHIA,PA,19104","https://alpha.auditchain.finance/analysis/QmXYKk7aeNdGLsfCbMNwjy7dTpSowTaVSFu9m1vUowSyL6"
"Ford Motor Co (F) 10-Q for Q3, 2022","ONE AMERICAN ROAD,DEARBORN,MI,48126","https://alpha.auditchain.finance/analysis/QmRZSBk9eWe4br3H1oGf72fqpnsHbVMBzoGitCtXc34KeG"
"FORTINET, INC. (FTNT) 10-Q for Q3, 2022","899 KIFER ROAD,SUNNYVALE,CA,94086","https://alpha.auditchain.finance/analysis/QmTokiqB9b31r2UYSP29oWsTXBECwpbEqNGPXh9nf6ny2o"
"L.B. Foster Company (FSTR) 10-Q for Q3, 2022","415 HOLIDAY DR,PITTSBURGH,PA,15220","https://alpha.auditchain.finance/analysis/QmNT51dLnsFMYCznNQf8zUgyVg1eqvAN8zAHMxyAzMmbie"
"California Resources Corp (CRC) 10-Q for Q3, 2022","1 WORLD TRADE CENTER,LONG BEACH,CA,90831","https://alpha.auditchain.finance/analysis/QmSipjWi8GbPibakZRiVZuF6QR8FCGCvBW5eqGaQ74eXv8"
"Oncocyte Corporation (OCX) 10-Q for Q3, 2022","15 CUSHING,IRVINE,CA,92618","https://alpha.auditchain.finance/analysis/QmNxQNWtAaCtuaQQTkJRYfJA923pspC4MjjXqm4g5RAHh4"
"Expro Group Holdings N.V.  (XPRO) 10-Q for Q3, 2022","1311 BROADFIELD BLVD.,HOUSTON,TX,77084","https://alpha.auditchain.finance/analysis/QmcJFvbT6jqcY4SQfNCUk3ByrQD1pJYiQPviTnunmyUGGr"
"Franklin Street Properties Corp. (FSP) 10-Q for Q3, 2022","401 EDGEWATER PLACE,WAKEFIELD,MA,01880","https://alpha.auditchain.finance/analysis/QmPSB4tW3qk6z7sq1ih8zFLgj4NudCti6XAdgXC8nPrk5A"
"NEXTPLAT CORP (NXPL) 10-Q for Q3, 2022","3250 MARY ST,COCONUT GROVE,FL,33133","https://alpha.auditchain.finance/analysis/QmXvgTLAX5RucrfPfnmmWLkVDXq25AFsBHFDU3HvRHtmqw"
"Organovo Holdings, Inc. (ONVO) 10-Q for Q2, 2023","11555 SORRENTO VALLEY ROAD,SAN DIEGO,CA,92121","https://alpha.auditchain.finance/analysis/QmdYgpL2WxXcacLYC4aZjLuuYmfNjGzTBHCf8cx6GnfFbg"
"MICROCHIP TECHNOLOGY INCORPORATED (MCHP) 10-Q for Q2, 2023","2355 W CHANDLER BLVD,CHANDLER,AZ,85224-6199","https://alpha.auditchain.finance/analysis/Qmf1dw5UcALG5SVuFAANZZKTQwpJg2gxa5APP34PitE7rZ"
"MICROPAC INDUSTRIES, INC. (MPAD) 10-Q for Q3, 2022","905 E WALNUT ST,GARLAND,TX,75040","https://alpha.auditchain.finance/analysis/QmSAKdGHdYqfjHEaHvVPauji6MZTT9MwVf9Krg2JdMmxSY"
"OVERSTOCK.COM, INC. (OSTK) 10-Q for Q3, 2022","799 W. COLISEUM WAY,MIDVALE,UT,84047","https://alpha.auditchain.finance/analysis/QmV3Y7D8s9sDQZopoThPiiGL4B9zAuewcrbBUUBRhbAMKF"
"CARDIOVASCULAR SYSTEMS, INC. (CSII) 10-Q for Q1, 2023","1225 OLD HWY 8 NW,ST. PAUL,MN,55112","https://alpha.auditchain.finance/analysis/QmNttF6SpEXUVdkhzvJNH5DPFPZUbuTUAG9RQBppdTrQPK"
"Carnival Corporation (CCL) 10-Q for Q3, 2022","3655 N W 87TH AVE,MIAMI,FL,33178-2428","https://alpha.auditchain.finance/analysis/QmRPm7hYjzqZk3ZMdCd1psmZTjuF6fryg5srKcVChg1JsF"
"Merck & Co., Inc. (MRK) 10-Q for Q3, 2022","2000 GALLOPING HILL ROAD,KENILWORTH,NJ,07033","https://alpha.auditchain.finance/analysis/QmSbLJ9EKnjDEjAPbdCdrySGKNCjYyfKkFCaTGm1SKGEM7"
"MEXUS GOLD US () 10-Q for Q2, 2023","1805 N. CARSON STREET,CARSON CITY,NV,89701","https://alpha.auditchain.finance/analysis/QmXJ67sxqsnjduiDpw9J1f7u2WYktJ5jyPvT79V4nt3tz6"
"ORGENESIS INC. (ORGS) 10-Q for Q3, 2022","20271 GOLDENROD LANE,GERMANTOWN,MD,20876","https://alpha.auditchain.finance/analysis/QmQqpiASjtDtykJmKft9ABB7GvZcCn8BeDDzcTZ23HVW24"
"WHERE FOOD COMES FROM, INC. (WFCF) 10-Q for Q3, 2022","202 6TH STREET,CASTLE ROCK,CO,80104","https://alpha.auditchain.finance/analysis/QmWwdWPZTLt5ZzwSFKJnyFYu25dkC3FH7fprUeXsA3X7EV"
"Tempest Therapeutics, Inc. (TPST) 10-Q for Q3, 2022","7000 SHORELINE COURT,SOUTH SAN FRANCISCO,CA,94080","https://alpha.auditchain.finance/analysis/QmWCxKEXxSyEySBT8DNWomH9USRNEuxtPvtdfan5S63PCW"
"Owens Corning (OC) 10-Q for Q3, 2022","ONE OWENS CORNING PARKWAY,TOLEDO,OH,43659","https://alpha.auditchain.finance/analysis/QmPZCp6K51B6tZTgXZkMrNjqR7Spi5K2qNpc17Bzrpwu17"
"CARRIAGE SERVICES, INC. (CSV) 10-Q for Q3, 2022","3040 POST OAK BOULEVARD,HOUSTON,TX,77056","https://alpha.auditchain.finance/analysis/QmevLF4AEv6XzgvbTsqR3v2uGfkfxxNoxTuHeStuLYeuGS"
"PACCAR Inc (PCAR) 10-Q for Q3, 2022","PACCAR BUILDING,BELLEVUE,WA,98004","https://alpha.auditchain.finance/analysis/QmbTAhLt3UDgTYDnFfbnMarnUo8pamcqcrdedXzvF63Yzi"
"CARVER BANCORP, INC. () 10-Q for Q2, 2023","75 W 125TH ST,NEW YORK,NY,10027-4512","https://alpha.auditchain.finance/analysis/QmYoyicb1xT4bYhyMEcHEJVz2oQSSK1TwzFb6pmE2cqCD8"
"TOKEN COMMUNITIES LTD. () 10-Q for Q1, 2023","136-20 38TH AVENUE, SUITE 9C,FLUSHING,NY,11354","https://alpha.auditchain.finance/analysis/QmUMZq9seHYHPYQDjqEyqhgbdfKm8UeFwSUmp9kSH52jep"
"PACIFIC VENTURES GROUP, INC. () 10-Q/A for Q3, 2022","117 WEST 9TH STREET SUITE 316,LOS ANGELES,CA,90015","https://alpha.auditchain.finance/analysis/Qmb2dTHvRWiBUdpr94XKvXVz9mrMM4fZGbGRDz8ZxMyVUR"
"FREIGHTCAR AMERICA, INC. (RAIL) 10-Q for Q3, 2022","125 SOUTH WACKER DRIVE,CHICAGO,IL,60606","https://alpha.auditchain.finance/analysis/QmYgAbcDtv97JTZSh3g4UwVqQUKGJwe7xAAwg7ukprGTvF"
"PAM TRANSPORTATION SERVICES INC  () 10-Q for Q3, 2022","297 WEST HENRI DE TONTI BLVD,TONTITOWN,AR,72770","https://alpha.auditchain.finance/analysis/QmPFBe93h8qvwZ2rT9nbHeZNmZs3XcQxfnR1GMEoNPW47C"
"PAR PACIFIC HOLDINGS, INC. (PARR) 10-Q for Q3, 2022","825 TOWN & COUNTRY LANE,HOUSTON,TX,77024","https://alpha.auditchain.finance/analysis/QmT7jW21JYV8EnEi2WLUKQmwuvqxWteBJjceAjqatuGVhL"
"Freshpet INC (FRPT) 10-Q for Q3, 2022","400 PLAZA DRIVE, 1ST FLOOR,SECAUCUS,NJ,07094","https://alpha.auditchain.finance/analysis/QmfRunkZfLaLbVY1oLRzzzY5F9p6ky6B8uYZk32BUKa6jX"
"FOCUS UNIVERSAL INC. (FCUV) 10-Q for Q3, 2022","2311 EAST LOCUST STREET,ONTARIO,CA,91761","https://alpha.auditchain.finance/analysis/QmNvAq6q8kjsuBLaZJkDzvBejix48hgCRf5n95iRA9sa78"
"MOSAIC IMMUNOENGINEERING, INC. () 10-Q for Q3, 2022","19881 BROOKHURST STREET, C-245,HUNTINGTON BEACH,CA,92646","https://alpha.auditchain.finance/analysis/QmPLP4SfjwdQby1DM1bHNVp1TDyetRQsuwmMBtXaifWJLe"
"Fortive Corporation (FTV) 10-Q for Q3, 2022","6920 SEAWAY BLVD.,EVERETT,WA,98203","https://alpha.auditchain.finance/analysis/QmPPjCk7BT7UqdH8uuUWEnDDto9rkZwbUkgaUdBb265bTN"
"PANGAEA LOGISTICS SOLUTIONS LTD. (PANL) 10-Q for Q3, 2022","109 LONG WHARF,NEWPORT,RI,02840","https://alpha.auditchain.finance/analysis/QmXvYQVrMvqN11wskSMZFB1PzuMx8KcJ46hArS22qehcu8"
"FTAI AVIATION LTD. (FTAI) 10-Q for Q3, 2022","1345 AVENUE OF THE AMERICAS,NEW YORK,NY,10105","https://alpha.auditchain.finance/analysis/QmeRE5Xi2ZaSVKHUX9iBvyYkET4ePzLRLSrJ7mFUKTYPQq"
"Basanite, Inc. () 10-Q for Q3, 2022","2041 NW 15THAVENUE,POMPANO BEACH,FL,33069","https://alpha.auditchain.finance/analysis/QmQyLYQxmcugCX58pGSWc8GL3yjq8v8WukRdLUnaZjSZDY"
"Molson Coors Beverage Company (TAP.A) 10-Q for Q3, 2022","P.O. BOX 4030,GOLDEN,CO,80401","https://alpha.auditchain.finance/analysis/QmdtvmkAaCSHDrvrDjAXXCepS8RSk4s4NHVYya55V4Ckyy"
"FRP HOLDINGS, INC. (FRPH) 10-Q for Q3, 2022","200 W. FORSYTH ST.,JACKSONVILLE,FL,32202","https://alpha.auditchain.finance/analysis/QmSmJYYxE3hjnF63cRLcHJBdQLZPo14nnvwhJ7vwzkdhiA"
"NANO MAGIC HOLDINGS INC. (NMGX) 10-Q for Q3, 2022","31601 RESEARCH PARK DRIVE,MICHIGAN,MI,48071","https://alpha.auditchain.finance/analysis/QmQXCURdKqrA43vDqW5CYPqG5PryTjYy8i65H2jFTTipsp"
"RANGER OIL CORPORATION (ROCC) 10-Q for Q3, 2022","16285 PARK TEN PLACE,HOUSTON,TX,77084","https://alpha.auditchain.finance/analysis/QmWXrDoTA8PCZzXi3CkzqVkhYykjR7M2ot77zQjGKwnjSj"
"PEOPLES BANCORP OF NORTH CAROLINA, INC. () 10-Q for Q3, 2022","518 WEST C STREET,NEWTON,NC,28658-4007","https://alpha.auditchain.finance/analysis/QmbDQbeT6TSJhS4JajZ9c2hZJou1ok7QeB518doQCZsW84"
"PEOPLES FINANCIAL SERVICES CORP. (PFIS) 10-Q for Q3, 2022","150 N WASHINGTON AVE,SCRANTON,PA,18503","https://alpha.auditchain.finance/analysis/QmP2iY3jh6ZBkuDhsWo6ZWeDX6zE7erDG96jYEcytDivU4"
"PFIZER INC (PFE) 10-Q for Q3, 2022","235 E 42ND ST,NEW YORK,NY,10017","https://alpha.auditchain.finance/analysis/QmRRJg5iE4dUwod5iCnbaxdZU2hcfugD1xUzR5E8ECqjr7"
"PGI INCORPORATED () 10-Q for Q3, 2022","212 SOUTH CENTRAL,ST LOUIS,MO,63105","https://alpha.auditchain.finance/analysis/QmSKAK9JkDhWXresNn8b4bRJeEozuN3iQsxjfM58ivhadg"
"PHILLIPS EDISON & COMPANY, INC. (PECO) 10-Q for Q3, 2022","11501 NORTHLAKE DRIVE,CINCINNATI,OH,45249","https://alpha.auditchain.finance/analysis/Qmdt1CPM3NQUPszK6bH18QqdUiGVYjfa1smEXKCzmkL3hp"
"DUKE ENERGY CORPORATION (DUK) 10-Q for Q3, 2022","526 SOUTH CHURCH STREET,CHARLOTTE,NC,28202-1803","https://alpha.auditchain.finance/analysis/QmZumr2UMnRBMeJGZsaPZkhVxgJx4HXNg3RPEXVX4ZDyiz"
"PINNACLE WEST CAPITAL CORPORATION (PNW) 10-Q for Q3, 2022","400 NORTH FIFTH STREET,PHOENIX,AZ,85004","https://alpha.auditchain.finance/analysis/QmYCNid73oYFHfMDuPYzBekE43QtGaCbbMZcD2vRQ7PdR6"
"PITNEY BOWES INC (PBI) 10-Q for Q3, 2022","PITNEY BOWES INC,STAMFORD,CT,06926-0700","https://alpha.auditchain.finance/analysis/QmaRCQeqgRLsRJSZJRiDPCixu8VcjqTt1mctx5stpshdQB"
"PLEXUS CORP. (PLXS) 10-K for FY, 2022","PLEXUS CORP,NEENAH,WI,54956","https://alpha.auditchain.finance/analysis/QmR2DHW3kSrBwvC8snuWmrMBSUiMZqSeziXFizrVBZzW2s"
"PLUG POWER INC (PLUG) 10-Q for Q3, 2022","968 ALBANY-SHAKER ROAD,LATHAM,NY,12110","https://alpha.auditchain.finance/analysis/QmPU464hQEUKHbyeDCVGyvdXGL1VhfPdtNK48tQiZgne66"
"PNC Financial Services Group, Inc. (PNC) 10-Q for Q3, 2022","THE TOWER AT PNC PLAZA,PITTSBURGH,PA,15222-2401","https://alpha.auditchain.finance/analysis/QmU1q6VdKm9DE4EBUkpM4y1C87b9k72aLWqXZ3dSsTaoRN"
"PNM Resources, Inc. (PNM) 10-Q for Q3, 2022","414 SILVER AVE. SW,ALBUQUERQUE,NM,87102-3289","https://alpha.auditchain.finance/analysis/QmNmAbQTKDN1jWuzu7zE6xTU6dJUADmCSJqB8UkqTECVmY"
"Philip Morris International Inc. (PM) 10-Q for Q3, 2022","677 WASHINGTON BLVD, STE. 1100,STAMFORD,CT,06901","https://alpha.auditchain.finance/analysis/QmYcYujBo3a1fwkueKuFNWuMytVuXDAufsAtSkNTLCtkKy"
"Phillips 66 (PSX) 10-Q for Q3, 2022","2331 CITYWEST BLVD.,HOUSTON,TX,77042","https://alpha.auditchain.finance/analysis/QmXVGW5pkenZrDcDGf2rgJ2hdNNYUn9PqDjfVuaN28CzSo"
"PIPER SANDLER COMPANIES (PIPR) 10-Q for Q3, 2022","800 NICOLLET MALL, SUITE 900,MINNEAPOLIS,MN,55402","https://alpha.auditchain.finance/analysis/QmRzwJ4of9EQwR6e2zgwJc46P5y3AEwmdStYXfM2pPaSKX"
"MOSAIC CO (MOS) 10-Q for Q3, 2022","101 EAST KENNEDY BLVD.,TAMPA,FL,33602","https://alpha.auditchain.finance/analysis/QmNkqFYRHJm3UzZ6oaEAzWYEFj5oi9WxkkcUYBnfdSEXg2"
"374WATER INC. (SCWO) 10-Q/A for Q3, 2022","701 W. MAIN STREET,DURHAM,NC,27701","https://alpha.auditchain.finance/analysis/QmWADgTbi5SDGphpDGTvwiZwd1QQs6Bjgo9J1JA9JiBCsJ"
"PPL Corporation (PPL) 10-Q for Q3, 2022","TWO N NINTH ST,ALLENTOWN,PA,18101-1179","https://alpha.auditchain.finance/analysis/QmWbhKAJB1QaFveyVGALyPJWT1jpqWrZvy3uJPTHjrA52a"
"MRC GLOBAL INC. (MRC) 10-Q for Q3, 2022","FULBRIGHT TOWER,HOUSTON,TX,77010","https://alpha.auditchain.finance/analysis/QmX8M8dLHBmakRj9B7Mzio9RkBEFYfxRXrE4btpYZF4umd"
"Preformed Line Products Company (PLPC) 10-Q for Q3, 2022","P.O. BOX 91129,CLEVELAND,OH,44101","https://alpha.auditchain.finance/analysis/QmZQ3Li1vcMMVgwZHXGV16hGs8SYeMV7djNywKXP2ViFSm"
"MUELLER INDUSTRIES INC (MLI) 10-Q for Q3, 2022","SUITE 100,COLLIERVILLE,TN,38017","https://alpha.auditchain.finance/analysis/QmW7YNCHiswwLTkzvpijFSU3d4pVz56pe7ubAJ6UMW1i25"
"PRESIDENTIAL REALTY CORP/DE/ () 10-Q for Q3, 2022","1430 BROADWAY,NEW YORK,NY,10018","https://alpha.auditchain.finance/analysis/QmbPmQSB8ixgdba7FwWfK9aZ4eRMpEojR742DHEqyAsaWT"
"NextPlay Technologies Inc.  (NXTP) 10-Q for Q2, 2022","1560 SAWGRASS CORPORATE PARKWAY,SUNRISE,FL,33323","https://alpha.auditchain.finance/analysis/Qmcdfnz19pfN93sKhksxFeJEYhYzHJqMWUGy9Y8dPqvTWk"
"CRA International, Inc. (CRAI) 10-Q for Q3, 2022","200 CLARENDON STREET,BOSTON,MA,02116","https://alpha.auditchain.finance/analysis/QmUNBszd9D52tUciL1TueNip1dMAbLuy6riDFZ9FuLctn9"
"Contango ORE, Inc. (CTGO) 10-Q for Q1, 2023","3700 BUFFALO SPEEDWAY,HOUSTON,TX,77098","https://alpha.auditchain.finance/analysis/QmbUHsD4UrkMhq3Hn832HKztR4ojpcKFosReJvSfnQt3o6"
"COSMOS HOLDINGS INC. (COSM) 10-Q for Q3, 2022","141 W. JACKSON BLVD,CHICAGO,IL,60604","https://alpha.auditchain.finance/analysis/Qmb9SjsFemikQxaqzBMVY8Aj3LLzKPGnriq63wiy58FFdS"
"CROWN CASTLE INC. (CCI) 10-Q for Q3, 2022","8020 KATY FREEWAY,HOUSTON,TX,77024","https://alpha.auditchain.finance/analysis/Qmaisyigwvj3HwppahvZLt1W7Nt2g58BLdvB1YEHaqQYmE"
"Cyclo Therapeutics, Inc. (CYTH) 10-Q for Q3, 2022","6714 NW 16TH STREET, SUITE B,GAINESVILLE,FL,32653","https://alpha.auditchain.finance/analysis/QmPbww6ukRDkzCZcZrUVygU9uTQAxEcNMza6jez7CHvMkF"
"J.B. HUNT TRANSPORT SERVICES, INC. (JBHT) 10-Q for Q3, 2022","615 JB HUNT CORPORATE DR,LOWELL,AR,72745","https://alpha.auditchain.finance/analysis/QmSxHnexYTgxPUSwbtHExR5CgE58GhhZSSRpCKmj2phR9A"
"HOME FEDERAL BANCORP, INC. OF LOUISIANA (HFBL) 10-Q for Q1, 2023","624 MARKET STREET,SHREVEPORT,LA,71101","https://alpha.auditchain.finance/analysis/QmXFEvsLAipEEDfKaiNmxSdHkMZtnPXmPA2GnhbJFMumiE"
"CV Sciences, Inc. () 10-Q for Q3, 2022","9530 PADGETT STREET,SAN DIEGO,CA,92126","https://alpha.auditchain.finance/analysis/QmXjrLMg34tn3t1Z1SEsHuTJ9CKQwytnQvNygLbQViyZc7"
"GigWorld Inc. () 10-Q for Q3, 2022","4800 MONTGOMERY LANE,BETHESDA,MD,20814","https://alpha.auditchain.finance/analysis/QmQfWWAwDzarmR7ALDsytwkZAjekMu2Nt6KXHNwa2jkwjC"
"HUB GROUP, INC. (HUBG) 10-Q for Q3, 2022","2001 HUB GROUP WAY,OAK BROOK,IL,60523","https://alpha.auditchain.finance/analysis/QmR2K4ggGZkLNZtaQKyGjUhCg2k2qEbkQuQT7u4z1RoXua"
"IMAGE CHAIN GROUP LIMITED, INC. () 10-Q for Q3, 2022","NO. 6, 6-1, 6-2, JALAN BS 10/6,SELANGOR,N8,43300","https://alpha.auditchain.finance/analysis/QmQ5NECj7eX6cw21nZ1YL9QVyWRdLAAdSQsfdJf8bZ4Uzb"
"DSS, INC. (DSS) 10-Q for Q3, 2022","275 WIREGRASS PKWY,WEST HENRIETTA,NY,14586","https://alpha.auditchain.finance/analysis/Qmb6eJeYM1yHsUeXq66yVUiJtN7q22mxsGQ32me6pXCjtG"
"BESPOKE EXTRACTS, INC. () 10-Q for Q3, 2022","2590 WALNUT ST.,DENVER,CO,80205","https://alpha.auditchain.finance/analysis/QmVkFbxUQMx3cNiNFuGKJznApnVUKyi1JNDv51UK2KXLPo"
"IMAGE CHAIN GROUP LIMITED, INC. () 10-Q for Q3, 2022","NO. 6, 6-1, 6-2, JALAN BS 10/6,SELANGOR,N8,43300","https://alpha.auditchain.finance/analysis/QmaV1agGCRcPZSb9x44wsYvd6tYMoDF5JFNY9LbTeJYn2z"
"HURON CONSULTING GROUP INC. (HURN) 10-Q for Q3, 2022","550 WEST VAN BUREN STREET,CHICAGO,IL,60607","https://alpha.auditchain.finance/analysis/QmUP7nTzKQiy5PpJmWQAmVkbTyJeqGmA8XVim2Km4tLGNz"
"Match Group, Inc. (MTCH) 10-Q for Q3, 2022","8750 NORTH CENTRAL EXPRESSWAY,DALLAS,TX,75231","https://alpha.auditchain.finance/analysis/QmVV9XTPE9BijUSqtYCgpSbtDZcaABMU8bgnD63b7mpfUB"
"DOVER Corp (DOV) 10-Q for Q3, 2022","3005 HIGHLAND PARKWAY,DOWNERS GROVE,IL,60515","https://alpha.auditchain.finance/analysis/QmQX7hciWvVKexN32ADB8J43vqUvmtGxF4jkXv56YaxQdQ"
"TERAWULF INC. (WULF) 10-Q for Q3, 2022","9 FEDERAL STREET,EASTON,MD,21601","https://alpha.auditchain.finance/analysis/QmNpAoDTAciUkNjDDopr2jjvqAo4HXAqp5YxRqJBEYyZAY"
"Dow Inc. (DOW) 10-Q for Q3, 2022","undefined","https://alpha.auditchain.finance/analysis/QmeDbJ7DiSeYDmyFfwAxq1dBWexVctHSUKpdntjZeg4YD1"
"IMMUCELL CORP /DE/ (ICCC) 10-Q for Q3, 2022","56 EVERGREEN DR,PORTLAND,ME,04103","https://alpha.auditchain.finance/analysis/QmaDmmdCaCMHrr7js59n7B5DNdxvamDaDqc4XVmZmH3x1e"
"Illumina, Inc. (ILMN) 10-Q for Q3, 2022","5200 ILLUMINA WAY,SAN DIEGO,CA,92122","https://alpha.auditchain.finance/analysis/QmTmD3YGZxnVUc5Tj78Lgv3P522UYffSZn8d1Rs4p5b9yz"
"Independent Bank Corp. (INDB) 10-Q for Q3, 2022","288 UNION STREET,ROCKLAND,MA,02370","https://alpha.auditchain.finance/analysis/Qmc1ayQwtxE4Y1AozRebkMpq9v22Uh6n9wCv3rghbJKCM8"
"Independent Bank Group, Inc. (IBTX) 10-Q for Q3, 2022","7777 HENNEMAN WAY,MCKINNEY,TX,75070","https://alpha.auditchain.finance/analysis/QmYj7u7BaRwmq5ZwxE3zZbSfjSB2TKRCJsimLZp75ngbEs"
"INNOVIVA, INC. (INVA) 10-Q for Q3, 2022","1350 OLD BAYSHORE HIGHWAY,BURLINGAME,CA,94010","https://alpha.auditchain.finance/analysis/QmSHg7xnJ6UH7MTbGepY8cafDadDQto71VZGr68pTJviGS"
"INCOME OPPORTUNITY REALTY INVESTORS, INC. (IOR) 10-Q for Q3, 2022","1603 LBJ FREEWAY,DALLAS,TX,75234","https://alpha.auditchain.finance/analysis/QmeZZAqeqmTGR52jKQbnuVq1babdzRtb9e1G3AzZNd1VGE"
"Inception Mining Inc. () 10-Q for Q3, 2022","5330 SO  900 E,MURRAY,UT,84117","https://alpha.auditchain.finance/analysis/QmefNXA2QCVmuazMmqosKVa1e2HTiJMkppZ49Khb7dqGnQ"
"INDEPENDENT BANK CORPORATION (IBCP) 10-Q for Q3, 2022","4200 E BELTLINE AVE,GRAND RAPIDS,MI,49525","https://alpha.auditchain.finance/analysis/QmT2b43XiZQpjLN8Gm5Zap1GWachzHMBe3ETXpdYvfgrnQ"
"Corteva, Inc. (CTVA) 10-Q for Q3, 2022","undefined","https://alpha.auditchain.finance/analysis/QmRcZFAD8cXPNuzAnWoURmeTLUk9UGnURKabA1GNnTBSPy"
"DURECT CORP (DRRX) 10-Q for Q3, 2022","10260 BUBB RD,CUPERTINO,CA,95014","https://alpha.auditchain.finance/analysis/QmS3ppKWhXR7fC9dzTodk5rai6kd2VtkcjWRwAJcGHNAgD"
"Donnelley Financial Solutions, Inc. (DFIN) 10-Q for Q3, 2022","35 WEST WACKER DRIVE,CHICAGO,IL,60601","https://alpha.auditchain.finance/analysis/QmW81RBPdND7Qy4xF15w1Zj5uvYXrCJVKQ3wuhGg8Gma76"
"DOLPHIN ENTERTAINMENT, INC. (DLPN) 10-Q for Q3, 2022","150 ALHAMBRA CIRCLE,CORAL GABLES,FL,33134","https://alpha.auditchain.finance/analysis/QmadcRoncJCLNsxGFAbQSJyPUHK6S2d3tDmsTR7uXKhfve"
"Dorman Products, Inc. (DORM) 10-Q for Q3, 2022","3400 E WALNUT ST,COLMAR,PA,18915","https://alpha.auditchain.finance/analysis/Qmau9J5a4HHbKpjXyJ8EdGVV32jKZdLQ1AbGZ81Xre4t2C"
"INOVIO PHARMACEUTICALS, INC. (INO) 10-Q for Q3, 2022","6769 MESA RIDGE RD.,SAN DIEGO,CA,92121","https://alpha.auditchain.finance/analysis/QmRjVRGs7suMHYVVFYqaazMfjquQw1Rzemy9tt6cdbVwSh"
"REBUS HOLDINGS, INC. () 10-Q for Q3, 2022","2629 TOWNSGATE RD, SUITE 215,WESTLAKE VILLAGE,CA,91361","https://alpha.auditchain.finance/analysis/QmUAc2sTUvriDYjjkDWmkfWtrNNJUFnH12s7nTe8ZMv8q9"
"Douglas Emmett, Inc. (DEI) 10-Q for Q3, 2022","1299 OCEAN AVENUE, SUITE 1000,SANTA MONICA,CA,90401","https://alpha.auditchain.finance/analysis/QmY2KoA93i8NFALnvnerTrYQtrE2KU8vnTVWnVzjYo99hf"
"Dorman Products, Inc. (DORM) 10-Q for Q3, 2022","3400 E WALNUT ST,COLMAR,PA,18915","https://alpha.auditchain.finance/analysis/QmPEVWDv7W2U6uQufSmGYNVwkobYmYdwzTLaBbgTj7auyG"
"GLUCOTRACK, INC. (GCTK) 10-Q for Q3, 2022","301 RT 17 NORTH,RUTHERFORD,NJ,07070","https://alpha.auditchain.finance/analysis/QmfRQ3ZNtRLypZfarNnKv2KsKfaSxctPAVvj1VuYzg6LJS"
"GLUCOTRACK, INC. (GCTK) 10-Q for Q3, 2022","301 RT 17 NORTH,RUTHERFORD,NJ,07070","https://alpha.auditchain.finance/analysis/QmWcgpiHjx4zqZN9TKbfmPq9GKpE6YRC1D6f2qHwpN25kS"
"INTEL CORPORATION (INTC) 10-Q for Q3, 2022","2200 MISSION COLLEGE BLVD,SANTA CLARA,CA,95054","https://alpha.auditchain.finance/analysis/Qmd2oNMve4cRyRRBQBYEUruvHwTE3bRSGR1WsgXmMpzP9g"
"Intellicheck, Inc. () 10-Q for Q3, 2022","200 BROADHOLLOW ROAD,MELVILLE,NY,11747","https://alpha.auditchain.finance/analysis/QmdeqMseaQ8mcJPhKkiPJfU83f7KnRAiRU4bfXutKgh3xr"
"DUKE ENERGY CORPORATION (DUK) 10-Q for Q3, 2022","526 SOUTH CHURCH STREET,CHARLOTTE,NC,28202-1803","https://alpha.auditchain.finance/analysis/QmPXUXLC16orm2mkEDxys9p91qssrTGUFczxAnHYxK1cqc"
"Eagle Bancorp, Inc. (EGBN) 10-Q for Q3, 2022","7830 OLD GEORGETOWN ROAD,BETHESDA,MD,20814","https://alpha.auditchain.finance/analysis/Qmd75WzP7geT7KWV4JFUjkPVseQTrwgsytfVxKe5ZnRuHb"
"SPYR, INC () 10-Q for Q3, 2022","6700 WOODLANDS PARKWAY, STE. 230, #331,THE WOODLANDS,TX,77382","https://alpha.auditchain.finance/analysis/QmdBMAqfxwVb5YRQqwh1pUJpAPVVdT17R6BedpkB74Ue9W"
"NEW MOMENTUM CORPORATION () 10-Q for Q3, 2022","150 CECIL STREET, #08-01,SINGAPORE,U0,069543","https://alpha.auditchain.finance/analysis/QmTodZgvFcZtVvJL2r27xJmiEDSNMxHRNxQ12DvqHDBKov"
"EASTMAN KODAK CO (KODK) 10-Q for Q3, 2022","343 STATE ST,ROCHESTER,NY,14650-0910","https://alpha.auditchain.finance/analysis/QmUrUnTvD91s2wmvJ8MfpxRrfP86uUKnKGBAyqcZkXN4Rw"
"CORECARD CORPORATION (CCRD) 10-Q for Q3, 2022","4355 SHACKLEFORD RD,NORCROSS,GA,30093","https://alpha.auditchain.finance/analysis/QmUFFNTsHmDrnCXBE4jCMAk9yeTeJ4XajQzNgsRqFGKqec"
"GLOBAL FIBER TECHNOLOGIES, INC. () 10-Q for Q3, 2022","50 DIVISION STREET SUITE 501,SOMERVILLE,NJ,08876","https://alpha.auditchain.finance/analysis/QmRcit8RoE6L3FUpGp6PiWtbHK9j7MhEgBAnQkpKtwUctu"
"NanoVibronix, Inc (NAOV) 10-Q for Q3, 2022","525 EXECUTIVE BLVD,ELMSFORD,NY,10523","https://alpha.auditchain.finance/analysis/QmWsvuvWschGbWhXtGQfvBfwGGvfQLuzeXZp44irFP65EM"
"Ekso Bionics Holdings, Inc. (EKSO) 10-Q for Q3, 2022","101 GLACIER POINT,SAN RAFAEL,CA,94901","https://alpha.auditchain.finance/analysis/Qmb8ZtVPC7JKkkRjZ9kvpGjqRCQ1dpMd3AqcWwTQ6C3Xf8"
"NATIONAL BANK HOLDINGS CORP (NBHC) 10-Q for Q3, 2022","7800 EAST ORCHARD ROAD,GREENWOOD VILLAGE,CO,80111","https://alpha.auditchain.finance/analysis/QmVvN62ZVTmHS8hpKjPqDkv5VNot8gSBhpHVRd4J8KYJNr"
"ECOARK HOLDINGS, INC. (ZEST) 10-Q for Q2, 2022","303 PEARL PARKWAY SUITE 200,SAN ANTONIO,TX,78215","https://alpha.auditchain.finance/analysis/Qmc9otHcrDkFcnFdUzqfpHUu9Jfq5r8nfVfZJZvbM9LAJq"
"HG Holdings, Inc. () 10-Q for Q3, 2022","2115 E. 7TH STREET, SUITE 101,CHARLOTTE,NC,28211","https://alpha.auditchain.finance/analysis/QmP2qZTHmwA5QXrgSJ76kRbpHwuVfWEQuHVhUMbkg1F7B2"
"TRAQIQ, INC. () 10-Q for Q3, 2022","14205 SE 36TH ST.,,BELLEVUE,WA,98006","https://alpha.auditchain.finance/analysis/QmRycikcRsRtHYstZLPoTneiQpeTFtfLinjEZLhoArX951"
"STEPAN COMPANY (SCL) 10-Q for Q3, 2022","EDENS & WINNETKA ROAD,NORTHFIELD,IL,60093","https://alpha.auditchain.finance/analysis/QmTaGn9TmA2rPjTA7No7NLRdSCWCaDfuSRTjQYrjEXpVR9"
"TIMKENSTEEL CORPORATION (TMST) 10-Q for Q3, 2022","1835 DUEBER AVENUE SW,CANTON,OH,44706-0928","https://alpha.auditchain.finance/analysis/QmUpTKdw5yP6PWamb3NpeGwctPL6WH3iP5JLFdPJf1Sgum"
"NATURALSHRIMP INCORPORATED () 10-Q for Q2, 2023","5501 LBJ FREEWAY,DALLAS,TX,75240","https://alpha.auditchain.finance/analysis/QmRh4UsLiwtEdWtJbZE8MXvkSgkmBKaK5KdYNr28BuBKvc"
"NELNET, INC. (NNI) 10-Q for Q3, 2022","121 SOUTH 13TH ST,LINCOLN,NE,68508","https://alpha.auditchain.finance/analysis/QmWvyVCDzbtVmoiNss4Xx1UWPwxRRyioVij9Y7Km96rdny"
"ENCORE WIRE CORP (WIRE) 10-Q for Q3, 2022","1329 MILLWOOD RD,MCKINNEY,TX,75069","https://alpha.auditchain.finance/analysis/QmbNn39jfzY3iAdR47mSoEmvbrS3tZ6s2sbV7REMws9iUS"
"NESTOR PARTNERS () 10-Q for Q3, 2022","MILLBURN RIDGEFIELD,GREENWICH,CT,06830","https://alpha.auditchain.finance/analysis/QmeGAE4zZYvhBem7eJD9qms5eVbUuceFinimS8gwftVo78"
"ENGlobal Corporation (ENG) 10-Q for Q3, 2022","11740 KATY FWY,HOUSTON,TX,77079","https://alpha.auditchain.finance/analysis/QmQLYVtroMXBWrDuXkrosSmDPiFycXBBre4hjPWdg52Daj"
"Invesco Ltd. (IVZ) 10-Q for Q3, 2022","1555 PEACHTREE STREET NE,ATLANTA,GA,30309","https://alpha.auditchain.finance/analysis/QmT25bQkAgRRojXZ78i8TsAWBUUAsmioxpxL2EnpGZ7Q5n"
"NETSCOUT SYSTEMS, INC. (NTCT) 10-Q for Q2, 2023","310 LITTLETON ROAD,WESTFORD,MA,01886","https://alpha.auditchain.finance/analysis/QmWGJ5nykT3a1FmSETHen6GwM9jeEFT36biEveiWTwUtqs"
"ENTERGY CORPORATION (ETR) 10-Q for Q3, 2022","639 LOYOLA AVE,NEW ORLEANS,LA,70113","https://alpha.auditchain.finance/analysis/QmagnE8y6tFFfQ1B8sQLLEXjmWPovTHqfBBSPhUwmCvC4p"
"StarTek, Inc. (SRT) 10-Q for Q3, 2022","4610 SOUTH ULSTER STREET,DENVER,CO,80237","https://alpha.auditchain.finance/analysis/QmXyD11tGJqwu2xBASNYVTXdLz4PkVpm5PgB5gQkWFkPga"
"Intuitive Surgical, Inc. (ISRG) 10-Q for Q3, 2022","1020 KIFER ROAD,SUNNYVALE,CA,94086","https://alpha.auditchain.finance/analysis/QmUoCirz9C28JCemF7EhxzBHFRAfibhNH1Z3o6LcHyCL7R"
"INVO Bioscience, Inc. (INVO) 10-Q for Q3, 2022","5582 BROADCAST COURT,SARASOTA,FL,34240","https://alpha.auditchain.finance/analysis/QmPQyLGzhHhGp5nGBXKyZTLQ2UARYriuKv7Z9f6SLtohgC"
"NEW JERSEY RESOURCES CORPORATION (NJR) 10-K for FY, 2022","1415 WYCKOFF RD,WALL,NJ,07719","https://alpha.auditchain.finance/analysis/QmZdMKiYQMcm1m4tSEhZVmksZD6iPPniT61uiLErbv5746"
"NUVERA COMMUNICATIONS, INC. (NUVR) 10-Q for Q3, 2022","27 NORTH MINNESOTA ST.,NEW ULM,MN,56073","https://alpha.auditchain.finance/analysis/QmR8MSo2hv3xqUveJQJfmcaUUETiwBk2eBNBwueYuCkryW"
"VIVEVE MEDICAL, INC. (VIVE) 10-Q for Q3, 2022","345 INVERNESS DRIVE SOUTH,ENGLEWOOD,CO,80112","https://alpha.auditchain.finance/analysis/QmVgYDjG8BUd4cSV6YJPFAP3KMHtDwLsqw6uQuDumvoQZy"
"STRATA SKIN SCIENCES, INC. (SSKN) 10-Q for Q3, 2022","5 WALNUT GROVE DRIVE,HORSHAM,PA,19044","https://alpha.auditchain.finance/analysis/QmUaFeQgYKkKrxQbPsTpg3UXuM3Qhk7LyYi8PSwjbZASzB"
"Verisk Analytics, Inc. (VRSK) 10-Q for Q3, 2022","545 WASHINGTON BOULEVARD,JERSEY CITY,NJ,07310-1686","https://alpha.auditchain.finance/analysis/QmY5tdc9DwPjr2Vzk815yM6Q1NtbYsdXcgGzDK9MzGj8zp"
"Aravive, Inc. (ARAV) 10-Q for Q3, 2022","RIVER OAKS TOWER,HOUSTON,TX,77098","https://alpha.auditchain.finance/analysis/QmQgH3tazGXQsyF5Tg3UPkcndQ7vVfdnHXrNvNUX4MVKMp"
"WESTERN MIDSTREAM PARTNERS, LP (WES) 10-Q for Q3, 2022","9950 WOODLOCH FOREST DRIVE, SUITE 2800,THE WOODLANDS,TX,77380-7046","https://alpha.auditchain.finance/analysis/QmeGZDhEU51wwVnGauBGBfxN9nQ2Fka4BF2VPVHAjfPmzi"
"OZOP ENERGY SOLUTIONS, INC. () 10-Q for Q3, 2022","31 SANDFORT LN.,WARWICK,NY,10990","https://alpha.auditchain.finance/analysis/QmNPJzwXrLJDxhcMqfZ55LoKNMWeTLtJn1Y6Y17dSsVARA"
"VistaGen Therapeutics, Inc. (VTGN) 10-Q for Q2, 2022","343 ALLERTON AVENUE,SOUTH SAN FRANCISCO,CA,94080","https://alpha.auditchain.finance/analysis/QmbiHvxSEGyduRkFTjcEnFWeArYX2GwCxgN1xddDAGr3HY"
"CODE CHAIN NEW CONTINENT LIMITED (CCNC) 10-Q for Q3, 2022","1678 JINSHAJIANG ROAD,SHANGHAI,F4,200062","https://alpha.auditchain.finance/analysis/QmbzKLCpGDXadqTYAoA6MDWKfAmYnebWvRVheekvmkX1Gv"
"VORNADO REALTY LP (VNO) 10-Q for Q3, 2022","undefined","https://alpha.auditchain.finance/analysis/QmXt69mXiMswP7Ewjm6Me576T2dw7e9oBWjFTGVhioJoHF"
"MALACHITE INNOVATIONS, INC. (MLCT) 10-Q for Q3, 2022","200 PARK AVENUE,CLEVELAND,OH,44122","https://alpha.auditchain.finance/analysis/QmNkoqnQAUGqF2JbuXoj8iMhsjKPNRsdDp6r2pyPKK9628"
"Nemaura Medical Inc. (NMRD) 10-Q for Q2, 2023","57 WEST 57TH STREET,MANHATTAN,NY,10019","https://alpha.auditchain.finance/analysis/QmcGeth9uPHVyBA7nPL8Y6TDG8rqSJzL3MFZgVqRtDZLWx"
"NEVADA CANYON GOLD CORP. () 10-Q for Q3, 2022","316 CALIFORNIA AVENUE,RENO,NV,89509","https://alpha.auditchain.finance/analysis/QmNosQCzQDuGgjsVNskoC4xRVbDzxC5QvM6TGPkaNckDxa"
"CUENTAS, INC. (CUEN) 10-Q for Q3, 2022","235 LINCOLN ROAD,MIAMI BEACH,FL,33139","https://alpha.auditchain.finance/analysis/QmTDWszmJfbMrfCjCftd63MK2j1kUsZDJyR4rii431etv3"
"NEXTERA ENERGY PARTNERS, LP (NEP) 10-Q for Q3, 2022","700 UNIVERSE BOULEVARD,JUNO BEACH,FL,33408","https://alpha.auditchain.finance/analysis/QmboQje16mjmBQLz7o4cKBmkzXmthMXbPjZnzTwwXeHqX1"
"NICHOLAS FINANCIAL, INC. (NICK) 10-Q for Q2, 2022","2454 MCMULLEN BOOTH RD,CLEARWATER,FL,33759","https://alpha.auditchain.finance/analysis/QmXFPRPBtHzzLmns94zRjc385Yxvb1nHd83WUHGVyJYWRF"
"NGL Energy Partners LP (NGL) 10-Q for Q2, 2023","6120 S. YALE,TULSA,OK,74136","https://alpha.auditchain.finance/analysis/QmdbAMQaaUxLkJCbQH6937DLuKQqNp44bCziXR3cZURPUA"
"NN, Inc. (NNBR) 10-Q for Q3, 2022","6210 ARDREY KELL ROAD,CHARLOTTE,NC,28277","https://alpha.auditchain.finance/analysis/QmXnwgygt18vugMea9WyH9b4Y3Aur3upwK2XgNoCEojfHz"
"NOBLE ROMAN’S, INC. () 10-Q for Q3, 2022","ONE VIRGINIA AVE,INDIANAPOLIS,IN,46204","https://alpha.auditchain.finance/analysis/QmXuVg1jxTxpqdRU61P8uW25Y7EUp63oAseZRJkW8Zdwof"
"STRATA SKIN SCIENCES, INC. (SSKN) 10-Q for Q3, 2022","5 WALNUT GROVE DRIVE,HORSHAM,PA,19044","https://alpha.auditchain.finance/analysis/QmfZoZVuu74hJ3ryfCHvWSPX45oxPPUQtYUFfxRZwXEHQ6"
"NORTHERN OIL AND GAS, INC. (NOG) 10-Q for Q3, 2022","4350 BAKER ROAD,MINNETONKA,MN,55343","https://alpha.auditchain.finance/analysis/QmPK8iehj9N6pxA37HBpCAgVyjZs3xXo3WGjQ78zCb13eN"
"NORTHERN STATES POWER CO /WI/ () 10-Q for Q3, 2022","1414 W HAMILTON AVE,EAU CLAIRE,WI,54702","https://alpha.auditchain.finance/analysis/QmfDhLMuf6aSN3Pd2uDpfFHyfi4PuZN7MLwPYkKJKLrDTm"
"TRIUMPH BANCORP, INC. (TBK) 10-Q for Q3, 2022","12700 PARK CENTRAL DRIVE,DALLAS,TX,75251","https://alpha.auditchain.finance/analysis/QmfJin1ETEJPUqPKoG6sFo55zLF7nwM2Rkfroy5rM6htUC"
"Finward Bancorp (FNWD) 10-Q for Q3, 2022","9204 COLUMBIA AVE,MUNSTER,IN,46321","https://alpha.auditchain.finance/analysis/QmbTq9scwEKow4SvRSyJoyu53eWkeKB2yoNB1kTj5oAR93"
"Nielsen Holdings plc (NLSN) 10-Q for Q3, 2022","675 AVENUE OF THE AMERICAS,NEW YORK,NY,10010","https://alpha.auditchain.finance/analysis/QmTKMvEf3YtZ2CWqvHWWidAtddv71BsmFVUDLrMWB5xVie"
"TRANSMONTAIGNE PARTNERS LLC () 10-Q for Q3, 2022","1670 BROADWAY,DENVER,CO,80202","https://alpha.auditchain.finance/analysis/QmYLzAHzUQH6ideSQAC19uAPd54hL671CSt37bAVX18xLg"
"SOBR SAFE, INC. (SOBR) 10-Q for Q3, 2022","6400 S. FIDDLERS GREEN CIRCLE,GREENWOOD VILLAGE,CO,80111","https://alpha.auditchain.finance/analysis/QmeJdPVixe9DL9AD5uYJN5zr5uF97US9Sodg2S6SiQbJk2"
"NORTHWEST NATURAL HOLDING COMPANY (NWN) 10-Q for Q3, 2022","250 SW TAYLOR STREET,PORTLAND,OR,97204","https://alpha.auditchain.finance/analysis/QmRquy1DqFkDcBE9tindz6DuX14SfdTkghM7jpqqWCm8Nx"
"VIRACTA THERAPEUTICS, INC. (VIRX) 10-Q for Q3, 2022","2533 S COAST HWY 101,CARDIFF,CA,92007","https://alpha.auditchain.finance/analysis/QmXbHmMDVtvWuTpLuNjt4tqwnxfbmMrTKbKe9fUXCskvHM"
"Clearway Energy LLC () 10-Q for Q3, 2022","300 CARNEGIE CENTER, SUITE 300,PRINCETON,NJ,08540","https://alpha.auditchain.finance/analysis/QmNsF9XrQoYbtgKE1LpWtKLMnu62sGxvkWaUDCLfqy9Sp3"
"CLEARDAY, INC. (CLRD) 10-Q for Q3, 2022","15511 W. STATE HWY 71,AUSTIN,TX,78738","https://alpha.auditchain.finance/analysis/QmZxb3HVV2iNgwyT5HsweppXTCwUyS9HWVvZ3yNgXMBPND"
"SUPERIOR GROUP OF COMPANIES, INC. (SGC) 10-Q for Q3, 2022","10055 SEMINOLE BLVD,SEMINOLE,FL,33772","https://alpha.auditchain.finance/analysis/QmQzRa8hSVpc1hbuQ47WqZXJzmnhkMR3n2p3aSc4cGod8A"
"NUVASIVE, INC (NUVA) 10-Q for Q3, 2022","7475 LUSK BLVD,SAN DIEGO,CA,92121","https://alpha.auditchain.finance/analysis/QmXrB82C5Fo9mQT5dWusFC1XUsMiqvijHU3G645soUkzQY"
"Stock Yards Bancorp, Inc. (SYBT) 10-Q for Q3, 2022","1040 E MAIN ST,LOUISVILLE,KY,40206","https://alpha.auditchain.finance/analysis/QmdfqiRXHayXDzBe2ykmM1LcEZCLFKNMzyZzH6Tz3cfJvV"
"Enzon Pharmaceuticals, Inc. () 10-Q for Q3, 2022","20 COMMERCE DRIVE, SUITE 135,CRANFORD,NJ,07016","https://alpha.auditchain.finance/analysis/Qme35HiZyezFqqjoLGCwR6EskL2NzguVc8ADsK5XmnD4C8"
"EOG RESOURCES, INC. (EOG) 10-Q for Q3, 2022","1111 BAGBY, SKY LOBBY 2,HOUSTON,TX,77002","https://alpha.auditchain.finance/analysis/QmTtZpha1xovudLuyFFjjTpgfq51YCn8im7dBxoSKJtAU6"
"GULF WEST SECURITY NETWORK, INC. () 10-Q for Q3, 2022","2851 JOHNSON STREET, UNIT #194,,LAFAYETTE,LA,70503","https://alpha.auditchain.finance/analysis/QmWEGPMRcQC5msG6HSDqgGBU31z2dQpHKhVDsEx9bpxZhp"
"EQUITY RESIDENTIAL (EQR) 10-Q for Q3, 2022","EQUITY RESIDENTIAL,CHICAGO,IL,60606","https://alpha.auditchain.finance/analysis/QmNZiYphKa833x922PnBz3Je6D4hoWvCBu5oNCRxN4PgXh"
"Estée Lauder Companies Inc (EL) 10-Q for Q1, 2023","767 FIFTH AVE,NEW YORK,NY,10153","https://alpha.auditchain.finance/analysis/QmU6D6WT6RQTRg5AhBsprR8bbJk2KZeV462qACCfnFeUCU"
"OCEANEERING INTERNATIONAL INC (OII) 10-Q for Q3, 2022","11911 FM 529,HOUSTON,TX,77041","https://alpha.auditchain.finance/analysis/QmZR3QebMmS3ZTTmHgbWGvDWJ4X7tV1uSds56Vf1faK72x"
"OCULUS VISIONTECH INC. () 10-Q for Q3, 2022","837 WEST HASTINGS STREET,VANCOUVER,A1,V6C 3N6","https://alpha.auditchain.finance/analysis/QmU21zLisQos1B6krg6RkjMWN19khoFV8kWUcjH8daxYgu"
"ZERIFY, INC. (ZRFY) 10-Q for Q3, 2022","1090 KING GEORGES POST ROAD,EDISON,NJ,08837","https://alpha.auditchain.finance/analysis/QmRgRuqQ3Gwfk3d92mUoCqAsnA7fA1R98JijTmhB6Hb5FL"
"Oaktree Capital Group, LLC (OAK-PA) 10-Q for Q3, 2022","333 SOUTH GRAND AVENUE,LOS ANGELES,CA,90071","https://alpha.auditchain.finance/analysis/QmZWo9GuuuAUwyRQyupxEiJ5kGBLGoRcyk74ZCYhGVdJLB"
"Oconee Federal Financial Corp. (OFED) 10-Q for Q1, 2023","115 E. NORTH SECOND STREET,SENECA,SC,29678","https://alpha.auditchain.finance/analysis/QmSXfbhgeyHYpq6MrFSduaoqdJQVh32z79B8fhWgUTiVST"
"SUMMIT HEALTHCARE REIT, INC. () 10-Q for Q3, 2022","23382 MILL CREEK DRIVE,LAGUNA HILLS,CA,92653","https://alpha.auditchain.finance/analysis/QmdTZT4dGRTEVepGGWaXcxW5g9p8niusrkqwBBW5yqyBFe"
"Tutor Perini Corporation (TPC) 10-Q for Q3, 2022","15901 OLDEN STREET,SYLMAR,CA,91342","https://alpha.auditchain.finance/analysis/QmaiodgTocJRNmiPhi1wA1gKTbzZVz2qD3VP6whAcuiJNW"
"TWO HANDS CORPORATION () 10-Q for Q3, 2022","1035 QUEENSWAY EAST,MISSISSAUGA,A6,L4Y 4C1","https://alpha.auditchain.finance/analysis/Qmacq8LbZU6UcogKRVeZPoFi2ZR9xCVthkZtoUXyEzYJ3u"
"Summit Midstream Partners, LP (SMLP) 10-Q for Q3, 2022","910 LOUISIANA STREET,HOUSTON,TX,77002","https://alpha.auditchain.finance/analysis/QmQbrPt4auRWuuxGVteQZh3k5bWkBJdbAFPFUFybHv6drU"
"OMEROS CORPORATION (OMER) 10-Q for Q3, 2022","201 ELLIOTT AVENUE WEST,SEATTLE,WA,98119","https://alpha.auditchain.finance/analysis/QmfBqacUE9yELK68RrrP1BtEQWwVRHakLTuQd7rtKo6LiB"
"UDR, Inc. (UDR) 10-Q for Q3, 2022","1745 SHEA CENTER DRIVE,HIGHLANDS RANCH,CO,80129","https://alpha.auditchain.finance/analysis/QmVPdSkWNgkUPgoiGUZCsi3HKzh6ut8BXcRAQHyGPW3JCX"
"UDR, Inc. (UDR) 10-Q for Q3, 2022","1745 SHEA CENTER DRIVE,HIGHLANDS RANCH,CO,80129","https://alpha.auditchain.finance/analysis/QmeLtRZ8tZjqpGii1RMnzN6MNbrE7Hyu7T2TLyx1DF8739"
"Sunstone Hotel Investors, Inc. (SHO) 10-Q for Q3, 2022","200 SPECTRUM CENTER DRIVE,IRVINE,CA,92618","https://alpha.auditchain.finance/analysis/QmUR2ZSrvdBSveQ3TYAPGUUcaUvcU24gSwqGA25s8yHvgX"
"Super Micro Computer, Inc. (SMCI) 10-Q for Q1, 2023","980 ROCK AVENUE,SAN JOSE,CA,95131","https://alpha.auditchain.finance/analysis/QmVLvjkJYAypmCyRPDyxTQmAot6ZpeM1ZygHDJDfT5XAUX"
"GREENWAY TECHNOLOGIES, INC. () 10-Q for Q3, 2022","1521 NORTH COOPER STREET,ARLINGTON,TX,76011","https://alpha.auditchain.finance/analysis/QmZhEoBjeq8vXyuKhPUUTvn19FkCxf42jNg9gWJDwBTcZr"
"Ultra Clean Holdings, Inc. (UCTT) 10-Q for Q3, 2022","26462 CORPORATE AVENUE,HAYWARD,CA,94545","https://alpha.auditchain.finance/analysis/QmZ1oK3Kc1PjWjFdcEwwPviThacbekuCt1BdbzSVPbL4Q7"
"SUPERIOR ENERGY SERVICES, INC. () 10-Q for Q3, 2022","1001 LOUISIANA STREET, SUITE 2900,HOUSTON,TX,77002","https://alpha.auditchain.finance/analysis/QmXAaKVeWgnMJHownfhMRXkDKdTri4Sfa2hqrtZnh1W9Xs"
"UNDER ARMOUR, INC. (UAA) 10-Q for Q2, 2023","1020 HULL STREET,BALTIMORE,MD,21230","https://alpha.auditchain.finance/analysis/QmaYg2KjVxqZdE5ZFDpBviVr3gkEf2AqcWNWgmnenByivT"
"SILVERBOW RESOURCES, INC. (SBOW) 10-Q for Q3, 2022","920 MEMORIAL CITY WAY,HOUSTON,TX,77024","https://alpha.auditchain.finance/analysis/QmSCRVHRsyVkACbnRWZgyraTiMaTRVLVkBsBuQbqErSNdw"
"SWK Holdings Corporation (SWKH) 10-Q for Q3, 2022","14755 PRESTON ROAD,DALLAS,TX,75254","https://alpha.auditchain.finance/analysis/QmQ8uQp9dfUiF4rnQqXooKvj8pFpzH3y4K1R2Ho5oqMyHH"
"UNIT CORPORATION (N/A) 10-Q for Q3, 2022","8200 SOUTH UNIT DRIVE,TULSA,OK,74132","https://alpha.auditchain.finance/analysis/QmdubswZbsaWWE2T4DkQv1aawCC1FWVTw8GsQr42ip6GeM"
"UNISYS CORP (UIS) 10-Q for Q3, 2022","801 LAKEVIEW DRIVE, SUITE 100,BLUE BELL,PA,19422","https://alpha.auditchain.finance/analysis/QmTS8YQobaU8o5aSbEB3Xr5UwbCBquvoyLPqn9o86FtfY4"
"SYNAPTICS INCORPORATED (SYNA) 10-Q for Q1, 2022","1109 MCKAY DRIVE,SAN JOSE,CA,95131-1706","https://alpha.auditchain.finance/analysis/QmNv167bnkAJnJ8HWhLRToRRZ8acdcCwwy39rWQq9XxUPX"
"READY CAPITAL CORPORATION (RC) 10-Q for Q3, 2022","1140 AVENUE OF THE AMERICAS, 7TH FLOOR,NEW YORK,NY,10036","https://alpha.auditchain.finance/analysis/QmRg5sytTrzuLsSi77vSKLPzMGMB6BP6PPAkyMFMK9Xrhn"
"INPIXON (INPX) 10-Q for Q3, 2022","2479 E. BAYSHORE ROAD,PALO ALTO,CA,94303","https://alpha.auditchain.finance/analysis/QmSLMpkpv4szhXowNxrtmzrhGc4f5LrDd8tinP1JCFXMYX"
"TAITRON COMPONENTS INCORPORATED (TAIT) 10-Q for Q3, 2022","28040 WEST HARRISON PARKWAY,VALENCIA,CA,91355","https://alpha.auditchain.finance/analysis/Qma2ikiNTwWsfdXGfmNxLzMekeyJBJuzByyXvkjAv73DqT"
"TANGER FACTORY OUTLET CENTERS, INC (SKT) 10-Q for Q3, 2022","3200 NORTHLINE AVENUE SUITE 360,GREENSBORO,NC,27408","https://alpha.auditchain.finance/analysis/QmQeLF9dCxgB8fwUVjQK4X57QB4VPgPWNAgTdetGMSDZ1V"
"TARGA RESOURCES CORP. (TRGP) 10-Q for Q3, 2022","TARGA RESOURCES PARTNERS LP,HOUSTON,TX,77002","https://alpha.auditchain.finance/analysis/QmPTCGRTELVUDu3KvqepUfdhGXQBGbmgeTaqjLTRYwuaEg"
"UNITED GUARDIAN INC (UG) 10-Q for Q3, 2022","230 MARCUS BLVD,HAUPPAUGE,NY,11788","https://alpha.auditchain.finance/analysis/QmUkrinPgZbjfuocjnfbYRVrTQoLpKuGF7cLxkFrJ7i8Da"
"United Parcel Service, Inc. (UPS) 10-Q for Q3, 2022","55 GLENLAKE PARKWAY NE,ATLANTA,GA,30328","https://alpha.auditchain.finance/analysis/QmeDjwRvhCiHQ4v2DA4AhxNcCaJYoRPAUB4efY8UjRaHKf"
"UNITED SECURITY BANCSHARES () 10-Q for Q3, 2022","2126 INYO STREET,FRESNO,CA,93721","https://alpha.auditchain.finance/analysis/QmfHybZQmE3nFfiC7XEeiUEHrcL1J8zys9fLYVrwfTPY8Y"
"UNITED STATES BASKETBALL LEAGUE INC (USBL) 10-Q for Q2, 2023","8270 WOODLAND CENTER,TAMPA,FL,33614","https://alpha.auditchain.finance/analysis/QmVSNLXr6EAhLVGj2VJ8AtQKKeQxLpMSG6kdXAZS6xvAYj"
"Universal Biosensors, Inc. () 10-Q for Q3, 2022","1 CORPORATE AVENUE,VICTORIA,C3,3178","https://alpha.auditchain.finance/analysis/QmYDTtapttAwLnRti7ihh4WLAKqQdNckqvFC3Skz8eJVRu"
"UNIVERSAL INSURANCE HOLDINGS, INC. (UVE) 10-Q for Q3, 2022","1110 W. COMMERCIAL BLVD.,FORT LAUDERDALE,FL,33309","https://alpha.auditchain.finance/analysis/QmcCusTpLd1VtDMkEApcHTjb2aaF3HsYpr3efYEpSshpAo"
"UPAY, Inc. () 10-Q for Q2, 2023","3010 LBJ FWY,DALLAS,TX,75234","https://alpha.auditchain.finance/analysis/Qmd49VWmKQ3PPEy1U4pi66T6TM5s63AN6jZQo8pn7hxBj6"
"URBAN EDGE PROPERTIES (UE) 10-Q for Q3, 2022","210 ROUTE 4 EAST,PARAMUS,NJ,07652","https://alpha.auditchain.finance/analysis/QmUyASY7qhL7iGWpPsz4KXwvEv4Vgi92byjYJTADSw7e9o"
"United Airlines Holdings, Inc. (UAL) 10-Q for Q3, 2022","E. ANNA HA - WHQLD,CHICAGO,IL,60606","https://alpha.auditchain.finance/analysis/QmXUVoTEXLUfXnaKZui92MnZgWkxFwaoBxGY38UQspuJTN"
"Univar Solutions Inc. (UNVR) 10-Q for Q3, 2022","3075 HIGHLAND PARKWAY,DOWNERS GROVE,IL,60515","https://alpha.auditchain.finance/analysis/QmS2F8qHrYNsJ1Py812Xdi9no5TZz5yBvoobtMedc8T3TT"
"BOXSCORE BRANDS, INC. () 10-Q for Q3, 2022","1080 N. BATAVIA STREET, SUITE A,ORANGE,CA,92867","https://alpha.auditchain.finance/analysis/QmSEQFxkoeXFNmtvTBwmuZ3uEPWZetXdsQ9byQot4gGau5"
"BOXSCORE BRANDS, INC. () 10-Q for Q3, 2022","1080 N. BATAVIA STREET, SUITE A,ORANGE,CA,92867","https://alpha.auditchain.finance/analysis/QmXHQrM9TkgNcPGxp5RHVnxvedxznDHa6gbEYYhVKhXPdq"
"US Alliance Corp () 10-Q for Q3, 2022","4123 SW GAGE CENTER DRIVE,TOPEKA,KS,66604","https://alpha.auditchain.finance/analysis/QmbFABAuTAqDfCQadsYPHnGdMZKMAbDge2RbWDNQKBdh8N"
"ONEOK, Inc. (OKE) 10-Q for Q3, 2022","100 WEST 5TH ST,TULSA,OK,74103","https://alpha.auditchain.finance/analysis/QmNhJ1bkD8TcKckdcRy3YfvsC8p86U15N1sbS1oNnifiw7"
"US NUCLEAR CORP. () 10-Q for Q3, 2022","7051 ETON AVENUE,CANOGA PARK,CA,91303","https://alpha.auditchain.finance/analysis/Qma2cpgAfVZvMiiLeBpTugdt9hSF4eir26MAWyosmaCrqK"
"OCWEN FINANCIAL CORPORATION (OCN) 10-Q for Q3, 2022","1661 WORTHINGTON ROAD,WEST PALM BEACH,FL,33409","https://alpha.auditchain.finance/analysis/QmTvzuqrVuaoKATHDFEdT5i49TQCr5SLJ24nGgEHewY5mX"
"VALERO ENERGY CORP/TX (VLO) 10-Q for Q3, 2022","P.O. BOX 696000,SAN ANTONIO,TX,78269-6000","https://alpha.auditchain.finance/analysis/QmQVHpU2ZcVbQi8sdivk1Pok5WG5AsBqRo9NZJuPsX7kKs"
"VANTAGE DRILLING INTERNATIONAL () 10-Q for Q3, 2022","P.O. BOX 309,GRAND CAYMAN,E9,KY1-1104","https://alpha.auditchain.finance/analysis/QmZ88cZBNaPAFJguh94UAN6KkRtjKKztryN9VRn81CtiUp"
"Ventas, Inc. (VTR) 10-Q for Q3, 2022","353 N. CLARK STREET,CHICAGO,IL,60654","https://alpha.auditchain.finance/analysis/QmdtV1cpA9y7gMCFBbYjLneUWf51FshjEU6XgZACcpjZww"
"WOLVERINE RESOURCES CORP. () 10-Q for Q1, 2023","UNIT #55, 11020 WILLIAMS ROAD,RICHMOND,A1,V7A 1X8","https://alpha.auditchain.finance/analysis/QmUuiyXRwRhcxCtBiJTXN517L26ohprUVkonYtLsXGoZky"
"VEREIT, Inc. (VER) 10-Q for Q3, 2021","2325 E. CAMELBACK ROAD,PHOENIX,AZ,85016","https://alpha.auditchain.finance/analysis/QmPMnkS7JCw8m3Q29uCBYNwHSrgLzDVcWXoa82bqBqb77T"
"ESPORTS ENTERTAINMENT GROUP, INC. (GMBL) 10-Q for Q1, 2023","BLOCK 6, TRIQ PACEVILLE,MALTA,O1,BKR 9077","https://alpha.auditchain.finance/analysis/QmXPexXuoLaZGbuxojwTuqmuHx5YFZ8yCervFWMf762cUq"
"FRESH TRACKS THERAPEUTICS, INC. (FRTX) 10-Q for Q3, 2022","5777 CENTRAL AVENUE,BOULDER,CO,80301","https://alpha.auditchain.finance/analysis/QmRELX47qnNRbRre3GteAq5bGEqfBFL5PxUTwWSPGsMz9C"
"VICTORY OILFIELD TECH, INC. () 10-Q for Q3, 2022","3355 BEE CAVES ROAD,AUSTIN,TX,78746","https://alpha.auditchain.finance/analysis/QmdSHQjypBXn1mpfFcL7Tp22jaFJNnhzmWi7DTKcyF8LwV"
"VIKING ENERGY GROUP, INC. () 10-Q for Q3, 2022","15915 KATY FREEWAY,HOUSTON,TX,77094","https://alpha.auditchain.finance/analysis/QmeddAYp1iuaQEcEowVA9NpHVUaf7hJqeiBXPe6kPryDmW"
"Vista Outdoor Inc. (VSTO) 10-Q for Q2, 2023","1 VISTA WAY,ANOKA,MN,55303","https://alpha.auditchain.finance/analysis/QmVcHqzAKu3cYhNZDoZKLKqLMTEnHALK6qA6FmeK2E7Svm"
"Vishay Intertechnology, Inc. (VSH) 10-Q for Q3, 2022","63 LANCASTER AVENUE,MALVERN,PA,19355","https://alpha.auditchain.finance/analysis/QmcTYqYTKyoAkePCuU3p8cGV3UhdJwEzSPzU6UhMgrBVVd"
"Ensysce Biosciences, Inc. (ENSC) 10-Q for Q3, 2022","7946 IVANHOE AVENUE,LA JOLLA,CA,92037","https://alpha.auditchain.finance/analysis/QmQnA1BHxgA9M7Dru2fsZKS7NLEc2ZnPtjjEhwQ6Bb9S2Z"
"VYCOR MEDICAL, INC. (VYCO) 10-Q for Q3, 2022","951 BROKEN SOUND PARKWAY,BOCA RATON,,FL,33487","https://alpha.auditchain.finance/analysis/Qmbxff7vi95gqkip8FaNUC7CQHTVvU9zJP4vr5L6Q8AGbx"
"WASHINGTON FEDERAL INC (WAFD) 10-K for FY, 2022","425 PIKE STREET,SEATTLE,WA,98101","https://alpha.auditchain.finance/analysis/QmdACZQJR1J6YnepgidHVp9qxetL1dVnUqaVoUE3tFDqpH"
"WATSCO, INC. (WSO) 10-Q for Q3, 2022","2665 S BAYSHORE DR,COCONUT GROVE,FL,33133","https://alpha.auditchain.finance/analysis/QmSAPEvsMJ4JqhKaV8yHfKA5bDvM1bhDwEwyrN6si1Voz9"
"WELLS FARGO & COMPANY/MN (WFC) 10-Q for Q3, 2022","420 MONTGOMERY STREET,SAN FRANCISCO,CA,94163","https://alpha.auditchain.finance/analysis/QmQA1RHhWGfbCe7dmfmLeQ6B4eBQeHUp3hncGkWtEKMQdw"
"C-BOND SYSTEMS, INC. (N/A) 10-Q for Q3, 2022","6035 SOUTH LOOP EAST,HOUSTON,TX,77033","https://alpha.auditchain.finance/analysis/QmTsYpgyyM9yohCKnsksHwe1k8mS4x3rNH2zXHweb2KmgF"
"WESTERN MIDSTREAM PARTNERS, LP (WES) 10-Q for Q3, 2022","9950 WOODLOCH FOREST DRIVE, SUITE 2800,THE WOODLANDS,TX,77380-7046","https://alpha.auditchain.finance/analysis/QmdVV1fA5pz8fsAFnjHan5HVjysr68sXYKQzRAJaJK6672"
"Sitio Royalties Corp. (STR) 10-Q for Q3, 2022","1401 LAWRENCE STREET,DENVER,CO,80202","https://alpha.auditchain.finance/analysis/QmY4ngh2wGZ11xRTVTXTBai6RUvStStCB6WZcbLQhRqjct"
"AMERICAN VIRTUAL CLOUD TECHNOLOGIES, INC. (AVCT) 10-Q for Q3, 2022","1720 PEACHTREE STREET,ATLANTA,GA,30309","https://alpha.auditchain.finance/analysis/QmUMRdoH9YG7ctoR6WcNLHEm7QREWxjp6pMvBpe62aFWVa"
"Whitestone REIT (WSR) 10-Q for Q3, 2022","2600 SOUTH GESSNER,HOUSTON,TX,77063","https://alpha.auditchain.finance/analysis/QmbcxncGDuVj8sh8kwk1nRWRNdxs99NeUMviA2t4f6KMzG"
"WILLIAMS COMPANIES, INC. (WMB) 10-Q for Q3, 2022","ONE WILLIAMS CTR,TULSA,OK,74172","https://alpha.auditchain.finance/analysis/QmPayD5dGH6m1FQ1qVT9JnG75Cmp29JXXmXm4XXj4bCaFL"
"WESTERN ALLIANCE BANCORPORATION (WAL) 10-Q for Q3, 2022","ONE E. WASHINGTON STREET,PHOENIX,AZ,85004","https://alpha.auditchain.finance/analysis/QmXsXdndDkf59r1vjicYkKsPF7gG78PcAJZSiYnFfcnLEe"
"TEMPUR SEALY INTERNATIONAL, INC. (TPX) 10-Q for Q3, 2022","1000 TEMPUR WAY,LEXINGTON,KY,40511","https://alpha.auditchain.finance/analysis/QmTe9zwVacwyFNiPdMvL9mdRnP6dkvy5xNmKiDcyGGb28G"
"AJIA INNOGROUP HOLDINGS, LTD () 10-Q for Q1, 2023","187 E. WARM SPRINGS ROAD, SUITE B307,LAS VEGAS,NV,89119","https://alpha.auditchain.finance/analysis/QmUVZn2Ugd2RACvvDzaqFimrERiSrb2zSLE6PBvtbMWFR7"
"GSG GROUP INC. () 10-Q for Q3, 2022","HAAGWINDE 20,5262KZ VUGHT,P7,00000","https://alpha.auditchain.finance/analysis/QmT78T9SiJXCjw8UKV7N7cqy17BF269Crro4RxVXdCnxNn"
"TECOGEN INC. () 10-Q for Q3, 2022","45 FIRST AVENUE,WALTHAM,MA,02451","https://alpha.auditchain.finance/analysis/QmdVL7aLThpD2UVevuKmr1QiRw8MzEHxva1rTd2ubnY9X7"
"CREEK ROAD MINERS, INC. () 10-Q for Q3, 2022","2700 HOMESTEAD ROAD,PARK CITY,UT,84098","https://alpha.auditchain.finance/analysis/QmcKjR3FuitiaoFBSorhmgXtUD1N15fx4mMWuvNtz4AcL9"
"TechnipFMC plc (FTI) 10-Q for Q3, 2022","HADRIAN HOUSE,NEWCASTLE UPON TYNE,X0,NE6 3PL","https://alpha.auditchain.finance/analysis/QmNqgtgNSiGeeG5k24Whckdee1UnrAYDXeeNmhLLhD4qh1"
"Terreno Realty Corporation (TRNO) 10-Q for Q3, 2022","101 MONTGOMERY STREET,SAN FRANCISCO,CA,94104","https://alpha.auditchain.finance/analysis/QmeeZAz5MuWh1T6xkKA3GMLRXTEfEEr7UzPmmaDKc1Nxd7"
"XBiotech Inc. (XBIT) 10-Q for Q3, 2022","5217 WINNEBAGO LANE,AUSTIN,TX,78744","https://alpha.auditchain.finance/analysis/QmbV7NySiznUciSs3GXEeerfa7xiDBswFvqKAZVXz2tWMs"
"XCEL ENERGY INC (XEL) 10-Q for Q3, 2022","414 NICOLLET MALL,MINNEAPOLIS,MN,55401","https://alpha.auditchain.finance/analysis/QmfTyBSDsiSjsnNxo1pK1YQWD3wN5ypSZDPE1TyGoPJTYS"
"W&T OFFSHORE, INC. (WTI) 10-Q for Q3, 2022","5718 WESTHEIMER RD,HOUSTON,TX,77057-5745","https://alpha.auditchain.finance/analysis/QmSMia77RFzHkK98Ptd4zvCtvTybqeBWaixdSdRufZ3o15"
"WOLVERINE WORLD WIDE INC /DE/ (WWW) 10-Q for Q3, 2022","9341 COURTLAND DR,ROCKFORD,MI,49351","https://alpha.auditchain.finance/analysis/QmcNz884wKn3KniX1gBPVXk37buRWCSAPfQD2fHzyZVxTo"
"ADORBS INC () 10-Q for Q3, 2022","234 E BEECH ST,LONG BEACH,NY,11561","https://alpha.auditchain.finance/analysis/QmePZCpLdNgiv171TvrcyF4WdnMPQ79qJXGLCzsPZCHgqR"
"Albertsons Companies, Inc. (ACI) 10-Q for Q2, 2022","250 PARKCENTER BLVD.,BOISE,ID,83706","https://alpha.auditchain.finance/analysis/QmaTExUDN8ECqRw2aFRyYZWNYBQ21WjAQYSzEVwFPX8BiW"
"Arcus Biosciences, Inc. (RCUS) 10-Q for Q3, 2022","3928 POINT EDEN WAY,HAYWARD,CA,94545","https://alpha.auditchain.finance/analysis/QmVQRDTPh9Yquwhkx7cZPguir1o6o46ErQojDVyMXvv7vb"
"BIGLARI HOLDINGS INC. (BH.A) 10-Q for Q3, 2022","17802 IH 10 WEST,SAN ANTONIO,TX,78257","https://alpha.auditchain.finance/analysis/QmUpR442nx411Fi8HenG4gL5KTaErzaFWC8aWzEigZMd4d"
"XEROX HOLDINGS CORPORATION (XRX) 10-Q for Q3, 2022","undefined","https://alpha.auditchain.finance/analysis/QmbTBoYjpMxyFsUF3omffeaFv2zRc3ahRtgJsaRwdd5i1J"
"Cactus, Inc. (WHD) 10-Q for Q3, 2022","920 MEMORIAL CITY WAY,HOUSTON,TX,77024","https://alpha.auditchain.finance/analysis/QmPKybwEazW6v89H7QMDgECaKBN4mq1g9VtVmTEk7J2qEc"
"YINFU GOLD CORPORATION (ELRE) 10-Q for Q2, 2023","DONGFANG SCIENCE AND TECHNOLOGY MANSION,SHENZHEN,F4,518000","https://alpha.auditchain.finance/analysis/QmbzZwWjxyxf2x9DXiNbG6u4enGrAdxZEn1pi7v8dzJxnQ"
"Casa Systems, Inc. (CASA) 10-Q for Q3, 2022","100 OLD RIVER ROAD,ANDOVER,MA,01810","https://alpha.auditchain.finance/analysis/QmcUQsWk8JVvTYJ26d93J2AgHbUVQtsn2sdM8LBgbeSJqF"
"YORK WATER CO (YORW) 10-Q for Q3, 2022","130 E MARKET ST,YORK,PA,17401-1219","https://alpha.auditchain.finance/analysis/QmTdMEqWnhji3bKZ2fNw6X1aBeNDZFEmomJLynrCJP9dSX"
"Aileron Therapeutics, Inc. (ALRN) 10-Q for Q3, 2022","285 SUMMER STREET,BOSTON,MA,02210","https://alpha.auditchain.finance/analysis/QmXiGfUH4TjZCiRXDmBpuEK7nRkji86Rx8xcHqLybqUYVw"
"INTERNATIONAL LAND ALLIANCE, INC. () 10-Q for Q3, 2022","350 10TH AVENUE,SAN DIEGO,CA,92101","https://alpha.auditchain.finance/analysis/QmSkm8NMzivtyfn4qBiNKfg3CsrmYrGrT6UkNhBoXKmi3H"
"ZHEN DING RESOURCES INC. () 10-Q for Q3, 2022","353 ST. NICHOLAS ST,MONTREAL,A8,H2Y 2P1","https://alpha.auditchain.finance/analysis/QmXyLdpDDr8Uw8WvYZaExC6kx3oRWQYZEozNwe4MRqKKkq"
"ZIMMER BIOMET HOLDINGS, INC. (ZBH) 10-Q for Q3, 2022","345 EAST MAIN STREET,WARSAW,IN,46580","https://alpha.auditchain.finance/analysis/QmfKeZzXyY2AqknuYWT9vgHfiNxtTc1wD61PEcMNhH523B"
"ZILLOW GROUP, INC. (ZG) 10-Q for Q3, 2022","1301 SECOND AVENUE, FLOOR 31,SEATTLE,WA,98101","https://alpha.auditchain.finance/analysis/Qmb2YRjALuEE4w1S91tyA9XGKJwkyBrwVMEaA2igw1nrnm"
"ANAPTYSBIO, INC (ANAB) 10-Q for Q3, 2022","10770 WATERIDGE CIRCLE, SUITE 210,SAN DIEGO,CA,92121","https://alpha.auditchain.finance/analysis/QmPHB1amsD7qe2vqWDdAvPUd1JxWwF3NQneAidPjASiW9K"
"MIGOM GLOBAL CORP. () 10-Q for Q3, 2022","1185 6TH AVE, 3RD FLOOR,NEW YORK,NY,10036","https://alpha.auditchain.finance/analysis/QmV8s96pgMgxJE93CM3kVLRCxXvzXQQTkdhLPh2XLoQYES"
"MARIZYME, INC. () 10-Q for Q3, 2022","555 HERITAGE DRIVE,JUPITER,FL,33458","https://alpha.auditchain.finance/analysis/QmPZkG7QunyNk8cJ5j9UtYYKEg2gFjVdmLdYrWAnYidoWD"
"AMERICAN INTERNATIONAL HOLDINGS CORP. () 10-Q for Q3, 2022","7950 LEGACY DRIVE,PLANO,TX,75024","https://alpha.auditchain.finance/analysis/QmXhNaSUb1xGx7He1MwzzYBkxinFDHKmFzshgHWmUB1Ypt"
"Homology Medicines, Inc (FIXX) 10-Q for Q3, 2022","ONE PATRIOTS PARK,BEDFORD,MA,01730","https://alpha.auditchain.finance/analysis/QmZtYUfG71RqSC7cuJC9dDgTJuahac3iC2F5Ggwmj6qzGK"
"Origin Bancorp, Inc. (OBNK) 10-Q for Q3, 2022","500 S SERVICE ROAD EAST,RUSTON,LA,71270","https://alpha.auditchain.finance/analysis/Qmc3C76E5dmyMo22QW3zds1h9oG3Ww4yAtugJN2nVkgYd5"
"RANPAK HOLDINGS CORP. (PACK) 10-Q for Q3, 2022","7990 AUBURN ROAD,CONCORD TOWNSHIP,OH,44077","https://alpha.auditchain.finance/analysis/QmXC8ecg8wwBQHwBfXo5xuJXPFkp4PpMzUyWbNHVAx3Mmb"
"Regnum Corp. () 10-Q for Q3, 2022","600 THIRD AVENUE, 10TH,NEW YORK,NY,10016","https://alpha.auditchain.finance/analysis/QmTWbvJKPCgD3mAmB49uLZndr2LzqNtvoXqR2zo2o5jk8N"
"SecureTech Innovations, Inc. (SCTH) 10-Q for Q3, 2022","2355 HIGHWAY 36 WEST, SUITE 400,ROSEVILLE,MN,55113","https://alpha.auditchain.finance/analysis/QmeWt2eJLtPTF5yUXx76CzbJQfiH6DprC3uNhjSZAYPqwH"
"TOMI ENVIRONMENTAL SOLUTIONS, INC. (TOMZ) 10-Q for Q3, 2022","8430 SPIRES WAY,FREDERICK,MD,21701","https://alpha.auditchain.finance/analysis/QmQDhbjDAhH6meNwNpGeMxAV1Nn2eVon8wLKs3EFnqExgT"
"THERMO FISHER SCIENTIFIC INC. (TMO) 10-Q for Q3, 2022","168 THIRD AVENUE,WALTHAM,MA,02451","https://alpha.auditchain.finance/analysis/QmTgoFMxNVe9Yd9oWpUz4Y5FWcYiLdqMLFoLs3oJ1R81BH"
"CNH INDUSTRIAL N.V. (CNHI) 10-Q for Q3, 2022","25 ST. JAMES'S STREET,LONDON,,X0,SW1A 1HA","https://alpha.auditchain.finance/analysis/QmYkXg4tzGG6GGCSz1dQxF9MpSSmYP2J2FPFsYHV6FmEvM"
"TREES CORPORATION () 10-Q for Q3, 2022","1901 S NAVAJO STREET,DENVER,CO,80223","https://alpha.auditchain.finance/analysis/QmRWdt5SVQ3TQp1NieQ616tbwgzcE93jzHScKGD3dJD8M9"
"CANNONAU CORP. () 10-Q for Q3, 2022","937 OLD SENECA TURNPIKE ROAD,SKANEATELES,NY,13152","https://alpha.auditchain.finance/analysis/QmRr7576MF8LCAiJcxcCE36ZthiigZhVVMoiFP9ySsiCjs"
"GENERAL ELECTRIC COMPANY (GE) 10-Q for Q3, 2022","5 NECCO STREET,BOSTON,MA,02210","https://alpha.auditchain.finance/analysis/QmSh94FY7U5gzbocEAFsb8sqMVyNEvZ4YNvYRmHbCYjyvs"
"GENERAL MOTORS COMPANY (GM) 10-Q for Q3, 2022","300 RENAISSANCE CENTER,DETROIT,MI,48265-3000","https://alpha.auditchain.finance/analysis/QmYuEA4seiSHJmZMcdm4aZMJL1NoEPmxJDGhbjtKuAUfFR"
"GENESIS ENERGY LP (GEL) 10-Q for Q3, 2022","811 LOUISIANA ST, SUITE 1200,HOUSTON,TX,77002","https://alpha.auditchain.finance/analysis/QmZppXUVftzj7aDPxV2Fy7dZuiZAVUGVA89wAvLQfZ4E3W"
"GENUINE PARTS CO (GPC) 10-Q for Q3, 2022","2999 WILDWOOD PARKWAY,ATLANTA,GA,30339","https://alpha.auditchain.finance/analysis/QmSCDPjSSVtuh1gWzYJQkatowE6sjUizDhHySagQAS5LNZ"
"Senmiao Technology Ltd (AIHS) 10-Q for Q2, 2023","16F, SHIHAO SQUARE, MIDDLE JIANNAN BLVD.,CHENGDU, SICHUAN,F4,610000","https://alpha.auditchain.finance/analysis/QmUwSKSPKZPjarCzxRM53i4ncKYb2grjBKS5waQ5NsdnsB"
"GIBRALTAR INDUSTRIES, INC. (ROCK) 10-Q for Q3, 2022","3556 LAKE SHORE ROAD,BUFFALO,NY,14219-0228","https://alpha.auditchain.finance/analysis/QmTFL1R6HXxRgvSznbv5GAhKcXngRx87JQrUacFTDFnq12"
"SYSOREX, INC. () 10-Q for Q3, 2022","13880 DULLES CORNER LANE, SUITE 175,HERNDON,VA,20171","https://alpha.auditchain.finance/analysis/Qmd1wRq4WHbme4MCGwa2ukidATV3mv1RKV9UM9dMvaRab5"
"GERON CORP (GERN) 10-Q for Q3, 2022","919 EAST HILLSDALE BOULEVARD,FOSTER CITY,CA,94404","https://alpha.auditchain.finance/analysis/QmSPZkLrQ8L2kXqx3aACH65KUnRGPmTTJaD2T93SHbcCCi"
"Reliant Holdings, Inc. () 10-Q for Q3, 2022","12343 HYMEADOW DRIVE,AUSTIN,TX,78750","https://alpha.auditchain.finance/analysis/QmRKjD8gikGdniMLJKgBDPHdbWWFVGYQVnfvku3bAHp9Su"
"Tilray Brands, Inc. (TLRY) 10-Q for Q1, 2022","655 MADISON AVENUE,NEW YORK,NY,10065","https://alpha.auditchain.finance/analysis/QmZpfwEtGXnwjAFTrV79BhjE6QcZCgvgHA7CRy2Nn4399b"
"NXP Semiconductors N.V. (NXPI) 10-Q for Q3, 2022",",,,","https://alpha.auditchain.finance/analysis/QmY4bT2PN5yb1NnBVKbEPGw4A47Zs6V8mpJSC7bF6AB4xG"
"ELVICTOR GROUP, INC. () 10-Q for Q3, 2022","VASSILEOS CONSTANTINOU 79,ATTIKI,J3,16672","https://alpha.auditchain.finance/analysis/QmaNSEau4Wv8GE1p2ZfpHUg2A5GWA28B8DmiqBYcNqvmWg"
"SPI ENERGY CO., LTD. (SPI) 10-Q for Q3, 2022","4803 URBANI AVE.,MCCLELLAN PARK,CA,95652","https://alpha.auditchain.finance/analysis/QmaKZR5zZ6XiRHeCGxhmFUVQ7t6A5Rgq6hzrityqLYryRr"
"General Motors Financial Company, Inc. (GM/26) 10-Q for Q3, 2022","801 CHERRY STREET,FORT WORTH,TX,76102","https://alpha.auditchain.finance/analysis/QmZSWD4gZ1eCbGKLTEPfH8oSccg2iXDTDb5FZfoR8h7HyD"
"MAPTELLIGENT, INC. () 10-Q for Q3, 2022","2831 ST. ROSE PARKWAY, SUITE # 297,HENDERSON,NV,89052","https://alpha.auditchain.finance/analysis/QmXGeyuLFuCpAmMnYt5xZxGv5BBshXQLsGF3fJa5b2ZhtY"
"ZAI LAB LIMITED (ZLAB) 10-Q for Q3, 2022","4560 JINKE ROAD,SHANGHAI,F4,201210","https://alpha.auditchain.finance/analysis/QmSMX3CAkfLrERPruq6STqvxTQmXxoUVrg4XJjuA4xKohq"
"SCOUTCAM INC. () 10-Q for Q3, 2022","14201 N. HAYDEN ROAD, SUITE A-1,SCOTTSDALE,AZ,85260","https://alpha.auditchain.finance/analysis/QmS5fzAaqYmpyU5H3naudYLbDQVhPQmCXAFmVXpJCPLaL1"
"US XPRESS ENTERPRISES INC (USX) 10-Q for Q3, 2022","4080 JENKINS ROAD,CHATTANOOGA,TN,37421","https://alpha.auditchain.finance/analysis/Qmf39mgRN3SSh3CPRBTYGBgSEdZGqYsAgYRHgsrw73cQx8"
"AGILITI, INC. \DE (AGTI) 10-Q for Q3, 2022","11095 VIKING DRIVE, SUITE 300,EDEN PRAIRIE,MN,55344","https://alpha.auditchain.finance/analysis/QmUjdxXSoVpMemUEtXxXcNgkYMwUkLniBnYEiEvJydj3G4"
"QuoteMedia, Inc. () 10-Q for Q3, 2022","17100 E SHEA BLVD,FOUNTAIN HILLS,AZ,85268","https://alpha.auditchain.finance/analysis/QmVGph61BPAZFRtKMzGRYyi2z1719Uj6CH8NraQ15i2pv3"
"Aridis Pharmaceuticals, Inc. (ARDS) 10-Q for Q3, 2022","983 UNIVERSITY AVENUE, BLDG. B,LOS GATOS,CA,95032","https://alpha.auditchain.finance/analysis/QmWuYStZZg7h62Sg5y5X328UhXUT9EKFj98ytFdtpCJqyY"
"Nikola Corporation (NKLA) 10-Q for Q3, 2022","4141 E BROADWAY ROAD,PHOENIX,AZ,85040","https://alpha.auditchain.finance/analysis/QmdkuBKiZ8GGFTZmgFvsx6UfNyYhxChj4ypjLSLPWg5TJs"
"FG Financial Group, Inc. (FGF) 10-Q for Q3, 2022","360 CENTRAL AVE,ST. PETERSBURG,FL,33701","https://alpha.auditchain.finance/analysis/QmTAZ7ebh3dG4gmFLKy4xPVdn3uvTubWDfWHdogaeD1BAc"
"Quarta-Rad, Inc. (QURT) 10-Q for Q3, 2022","1201 ORANGE ST.,WILMINGTON,DE,19801","https://alpha.auditchain.finance/analysis/QmWXvW7xz8sN5YSYhyxXcJ8Uo7oZkpEvzQ6CTNGxgA8R86"
"1ST CONSTITUTION BANCORP (FCCY) 10-Q for Q3, 2021","2650 ROUTE 130,CRANBURY,NJ,08512","https://alpha.auditchain.finance/analysis/QmQBcaHpxikipNwX8EmcmqL9sN4pNVnHa8ZqKdjNUR1uU9"
"22nd Century Group, Inc. (XXII) 10-Q for Q3, 2022","8560 MAIN STREET,WILLIAMSVILLE,NY,14221","https://alpha.auditchain.finance/analysis/Qmdg6Fks5CpjQzyqq6A2fqbsmk2dQXjc2pjqTA9f4Bd5vo"
"PAYSIGN, INC. (PAYS) 10-Q for Q3, 2022","2615 ST. ROSE PARKWAY,HENDERSON,NV,89052","https://alpha.auditchain.finance/analysis/QmfP8f4zQa59QcCesc8GHTVSmdeWYjnBof1ku7P5Xdyofr"
"Berry Corporation (bry) (BRY) 10-Q for Q3, 2022","16000 N. DALLAS PARKWAY, SUITE 500,DALLAS,TX,75248","https://alpha.auditchain.finance/analysis/QmY8zrBqu9CYk4XxCzAxfjjFgKQJejTVA1MitPH7ke5v6H"
"BrightView Holdings, Inc. (BV) 10-K for FY, 2022","980 JOLLY ROAD,BLUE BELL,PA,19422","https://alpha.auditchain.finance/analysis/QmSE2ef3XTfaT15TjrhMd1bbW5pJajyPwciL3A7rrjbbF7"
"Cigna Corporation (CI) 10-Q for Q3, 2022","900 COTTAGE GROVE ROAD,BLOOMFIELD,CT,06002","https://alpha.auditchain.finance/analysis/QmQGem6nXEyqwrjgtxfdyfwMQYMefv6sMhacNV88ewZtgf"
"ELECTRONIC SERVITOR PUBLICATION NETWORK, INC. () 10-Q for Q3, 2022","400 1ST AVE N.,,MINNEAPOLIS,MN,55401","https://alpha.auditchain.finance/analysis/Qmc2SXoQAjxU2DFfiapyeDWdQN8KMixG8fNRge9jFhAHd8"
"AAON, INC. (AAON) 10-Q for Q3, 2022","2425 SOUTH YUKON AVE.,TULSA,OK,74107","https://alpha.auditchain.finance/analysis/QmZGN14Ru4GXJKeMHrBUCJgnisbMnMaoJ1J19C3UzxUZ4v"
"ABBOTT LABORATORIES (ABT) 10-Q for Q3, 2022","100 ABBOTT PARK ROAD,ABBOTT PARK,IL,60064-3500","https://alpha.auditchain.finance/analysis/QmTfLmATthCvTLgzQst867siXtFfFbUDXY6MwiLxRU128M"
"ABEONA THERAPEUTICS INC (ABEO) 10-Q for Q3, 2022","1330 AVENUE OF THE AMERICAS, 33RD FLOOR,NEW YORK,NY,10019","https://alpha.auditchain.finance/analysis/QmcP4LaqKYCJyQNgAHjcGWzY5t8xPJP4vWY9vr7mRvGJqW"
"DIAMEDICA THERAPEUTICS INC. (DMAC) 10-Q for Q3, 2022","TWO CARLSON PARKWAY,MINNEAPOLIS,MN,55447","https://alpha.auditchain.finance/analysis/QmR9ccKPeQ787dAJk8oSiKKXv1jHD2cpyYagqXb9TNEBnx"
"EARTH SCIENCE TECH, INC. (ETST) 10-Q for Q2, 2022","8000 NW 31ST STREET, UNIT 19,DORAL,FL,33122","https://alpha.auditchain.finance/analysis/QmZ3srrkgUCRCtXMEwBaggaLKrM1RF5DPCd7mxTnJVsyEG"
"VICI Properties Inc. (VICI) 10-Q for Q3, 2022","535 MADISON AVENUE,  20TH FLOOR,NEW YORK,NY,10022","https://alpha.auditchain.finance/analysis/QmRN8ju1DbHPivLeSR6QWhztkE48KPjGFJKgA7m4nhGwSH"
"RCM TECHNOLOGIES, INC. (RCMT) 10-Q for Q3, 2022","2500 MCCLELLAN AVENUE,PENNSAUKEN,NJ,08109-4613","https://alpha.auditchain.finance/analysis/Qmehvqq2e6XGxpvhUXC2UPsgX7XT9GWYygdFHGu1fVjwAt"
"EQUITRANS MIDSTREAM CORPORATION (ETRN) 10-Q for Q3, 2022","2200 ENERGY DRIVE,CANONSBURG,PA,15317","https://alpha.auditchain.finance/analysis/QmTZFie2SRjUdWUs5JeLjsSzL4NuVYwqDBpkBtoXYBVxJq"
"RadNet, Inc. (RDNT) 10-Q for Q3, 2022","1510 COTNER AVE,LOS ANGELES,CA,90025","https://alpha.auditchain.finance/analysis/QmXDoykNLX91zSWvLZRyBXPFmAGA2A4CNtLUDgiaXGndsi"
"HFactor, Inc. (HWTR) 10-Q for Q3, 2022","244 MADISON AVE, #1249,NEW YORK,NY,10016","https://alpha.auditchain.finance/analysis/QmTwr6igtVdfxpHNhu1XZJ8YbsYP1zic6ptZLnC37oB9oM"
"INMUNE BIO INC. (INMB) 10-Q for Q3, 2022","225 NE MIZNER BLVD, SUITE 640,BOCA RATON,FL,33432","https://alpha.auditchain.finance/analysis/QmVCLh5TdoWaF8Gpb4133bNEF21Qk6EPuW7Pt18rz3mgi4"
"Kisses From Italy Inc. () 10-Q for Q3, 2022","80 SW 8TH STREET,MIAMI,FL,33130","https://alpha.auditchain.finance/analysis/QmXpsFaUyUgHzDeraf4ViLrfCJVs5qojNmLvE6LU667bKA"
"Kezar Life Sciences, Inc. (KZR) 10-Q for Q3, 2022","4000 SHORELINE COURT, SUITE 300,SOUTH SAN FRANCISCO,CA,94080","https://alpha.auditchain.finance/analysis/QmbbtrKKAGUnncrPG6dE2tSHbbuAfGGGtZJHnwjqBeexSR"
"iCoreConnect Inc. () 10-Q for Q3, 2022","529 E. CROWN POINT ROAD,OCOEE,FL,34761","https://alpha.auditchain.finance/analysis/QmUJiRKDNYmeZ44SZXwFL6ahA3duVkoDUKn2Rww9r7f45w"
"TREND INNOVATIONS HOLDING INC. () 10-Q for Q2, 2023","44A GEDIMINO AVENUE,VILNIUS,1Q,01110","https://alpha.auditchain.finance/analysis/QmQKECz75MuFsh9g1Hex4eMXSPg7AgHxXpHdzjirUjEqvH"
"ACORDA THERAPEUTICS, INC. (ACOR) 10-Q for Q3, 2022","420 SAW MILL RIVER ROAD,ARDSLEY,NY,10502","https://alpha.auditchain.finance/analysis/QmSvYAtUWE9zUxzvkiT4BJKyteZukFv9x5Hh8kngrtXGLM"
"ACORDA THERAPEUTICS, INC. (ACOR) 10-Q for Q3, 2022","420 SAW MILL RIVER ROAD,ARDSLEY,NY,10502","https://alpha.auditchain.finance/analysis/QmS9trB3AvDWj6rTLiQYKAEkaFWtPx4vi6KGsFXqVhYL7a"
"LFTD PARTNERS INC. (LIFD) 10-Q for Q3, 2022","4227 HABANA AVENUE,JACKSONVILLE,FL,32217","https://alpha.auditchain.finance/analysis/QmaaGHdNJozhb75zi3nHrxVuozrxT2MpkU3mnms2URyhEW"
"Adamant DRI Processing and Minerals Group () 10-Q for Q3, 2022","4D, BLOCK B, NANHAI BUILDING,,PEOPLES REPUBLIC OF CHINA,F4,00000","https://alpha.auditchain.finance/analysis/QmXJTL5EmwFtuxETzh6qX2TZZrrt7DBruCxqrMEk9fB7z1"
"ADMA BIOLOGICS, INC. (ADMA) 10-Q for Q3, 2022","C/O ADMA BIOLOGICS, INC.,RAMSEY,NJ,07446","https://alpha.auditchain.finance/analysis/QmTVW5ir7Y1CkHDwFTyVQm1dibnARtfBPH4cfCou58QEnX"
"ADVANCED MICRO DEVICES, INC (AMD) 10-Q for Q3, 2022","2485 AUGUSTINE DRIVE,SANTA CLARA,CA,95054","https://alpha.auditchain.finance/analysis/QmPBNevD8RZbxVmFKmDarfnhaV7CvsoBktK2hgAbz8CSyh"
"CHINOOK THERAPEUTICS, INC. (KDNY) 10-Q for Q3, 2022","400 FAIRVIEW AVENUE NORTH, SUITE 900,SEATTLE,WA,98109","https://alpha.auditchain.finance/analysis/QmbviUQJBuHhw1w3SYmSyzi9JjNxM55EhGycZB28ZczAn4"
"ADVANCED MICRO DEVICES, INC (AMD) 10-Q for Q3, 2022","2485 AUGUSTINE DRIVE,SANTA CLARA,CA,95054","https://alpha.auditchain.finance/analysis/QmVwcE2TLmy57QJTWCeFtMpZ9Fsp43TiDo81CPefdFASRX"
"AGILE THERAPEUTICS INC (AGRX) 10-Q for Q3, 2022","500 COLLEGE ROAD EAST,PRINCETON,NJ,08540-6635","https://alpha.auditchain.finance/analysis/QmYCkj1mxRbJmFwPnYvYDcbhacgFt4aR5ZEuaDXd7v1cm9"
"AGILYSYS, INC. (AGYS) 10-Q for Q2, 2022","1000 WINDWARD CONCOURSE,ALPHARETTA,GA,30005","https://alpha.auditchain.finance/analysis/QmUHrWfXVeGXhShZuqzwvbZ8UKu332KjDeih5YGHxGigQD"
"Ares Industrial Real Estate Income Trust Inc. () 10-Q for Q3, 2022","1200 17TH STREET,DENVER,CO,80202","https://alpha.auditchain.finance/analysis/Qmb6bsGMkQUHEtAKWQvjC8788kuW4ebwGLYbHuZxQD3pcZ"
"AIS HOLDINGS GROUP, INC. () 10-Q for Q2, 2023","2-41-7-336, SHINSAKAE, NAKA-KU,NAGOYA-SHI, AICHI,M0,460-0007","https://alpha.auditchain.finance/analysis/QmS1Z21AwiUfp8RoBYrgu6W99BMhsSVK3CRd7Rm6mJsBZo"
"ALBEMARLE CORPORATION (ALB) 10-Q for Q3, 2022","4250 CONGRESS STREET,CHARLOTTE,NC,28209","https://alpha.auditchain.finance/analysis/QmWiG3SqGSvQVYRuGeSCc2qLqx7PwBvyBKqJEmgdUfMKkP"
"Baker Hughes Company (BKR) 10-Q for Q3, 2022","17021 ALDINE WESTFIELD ROAD,HOUSTON,TX,77073","https://alpha.auditchain.finance/analysis/QmdK4vKyYbKQjwf1TZzoqajjjPUVpz8y8scwscmtDxGjpb"
"Amphastar Pharmaceuticals, Inc. (AMPH) 10-Q for Q3, 2022","11570 SIXTH STREET,RANCHO CUCAMONGA,CA,91730","https://alpha.auditchain.finance/analysis/QmT78Cp1fyJcU6v1D1JGskDK65DD3CcbB7eCvMduXbcYCW"
"ARROW ELECTRONICS INC (ARW) 10-Q for Q3, 2022","9201 EAST DRY CREEK ROAD,CENTENNIAL,CO,80112","https://alpha.auditchain.finance/analysis/QmNaFwokx7SMp1ncMiUqdhXVUZ85DyCGX5XWyWqrB9WEQz"
"ASHFORD INC. (AINC) 10-Q for Q3, 2022","14185 DALLAS PARKWAY,DALLAS,TX,75254","https://alpha.auditchain.finance/analysis/QmZ2MJDFZ7TeYiRC5JNNF2a6EZZHy28R2ePwWmDTUdjgfW"
"Atlanticus Holdings Corp (ATLC) 10-Q for Q3, 2022","FIVE CONCOURSE PARKWAY,ATLANTA,GA,30328","https://alpha.auditchain.finance/analysis/QmRWaRmHxJD5X6ueEh7Dy7PCa9R5oHJVVxwMHUHvr6AmMT"
"Sio Gene Therapies Inc. (SIOX) 10-Q for Q2, 2023","1501 BROADWAY,NEW YORK,NY,10036","https://alpha.auditchain.finance/analysis/QmNc35AVBgB6antgsoYWXKUawiXHFPxdth1jobbnZQmgtV"
"First Wave BioPharma, Inc. (FWBI) 10-Q for Q3, 2022","777 YAMATO ROAD,BOCA RATON,FL,33431","https://alpha.auditchain.finance/analysis/QmZEXVVgyBjv9aFKNUZAN31NM4VJmhKQm2iXsz7qdn8oQ2"
"ROCKETFUEL BLOCKCHAIN, INC. () 10-Q for Q2, 2023","3651 LINDELL ROAD, SUITE D565,LAS VEGAS,NV,89103","https://alpha.auditchain.finance/analysis/QmYUM3RphK4VjMqCzcvi7PExhF327sRsQ14hzuvTzU2u9E"
"Baker Hughes Holdings LLC (-) 10-Q for Q3, 2022","17021 ALDINE WESTFIELD ROAD,HOUSTON,TX,77073","https://alpha.auditchain.finance/analysis/QmbvRCQeVE9jLK1H9hi5B3XvczbjD4QZc4VViM8tnpNUXV"
"Balchem Corporation (BCPC) 10-Q for Q3, 2022","5 PARAGON DRIVE,MONTVALE,NJ,07645","https://alpha.auditchain.finance/analysis/QmaKdjariw1KskCJ2qmm8oFDH581KY6BBopi5pJAnPRoS5"
"BANC OF CALIFORNIA, INC. (BANC) 10-Q for Q3, 2022","3 MACARTHUR PLACE,SANTA ANA,CA,92707","https://alpha.auditchain.finance/analysis/QmZZZzduKuYH8jy11riBBkhUDVPAZKGorpKs6CuNF9k3bp"
"BARNES GROUP INC (B) 10-Q for Q3, 2022","123 MAIN ST,BRISTOL,CT,06010","https://alpha.auditchain.finance/analysis/QmY3hBTx9dMh7xFWpiNkhtWC59eHzvfX244Z3rMRbcUax1"
"Cheniere Corpus Christi Holdings, LLC () 10-Q for Q3, 2022","700 MILAM STREET,HOUSTON,TX,77002","https://alpha.auditchain.finance/analysis/QmZNbgW2HeUfbYD1akX6Hpf5vYDSVemrmVrzT3kM5kaGQH"
"COSMOS GROUP HOLDINGS INC. (N/A) 10-Q for Q3, 2022","ROOMS 1309-11, 13TH FLOOR,WANCHAI,K3,00000","https://alpha.auditchain.finance/analysis/Qma3boX77o7kiREfhzp84sV3eZZMiB3ETkcfPcjhJZm5A7"
"CRONA CORP. () 10-Q for Q3, 2022","STRADA JEAN-LOUIS CALDERON 31,BUCHAREST,S5,030167","https://alpha.auditchain.finance/analysis/QmTXqwA9s1yF7TiJMFnZcEikwXB9UkP2hMTsF7nM5zgEZ2"
"DELEK US HOLDINGS, INC. (DK) 10-Q for Q3, 2022","7102 COMMERCE WAY,BRENTWOOD,TN,37027","https://alpha.auditchain.finance/analysis/QmapiS1N2NYRTXmBZ17Dz5FLNv9LfhMfkEXksQEiFcbVPr"
"BEASLEY BROADCAST GROUP, INC. (BBGI) 10-Q for Q3, 2022","3033 RIVIERA DRIVE,NAPLES,FL,34103","https://alpha.auditchain.finance/analysis/QmTyezwjyHZH2ixtuNAt4svBWKCgPapbbYqEjBN9Hr2qFf"
"BEL FUSE INC /NJ (BELFA) 10-Q for Q3, 2022","206 VAN VORST ST.,JERSEY CITY,NJ,07302","https://alpha.auditchain.finance/analysis/QmNcpSmXdVngU85zrhqjZt55wMyUiJToWvMrNgnmRKnrzM"
"BERKSHIRE HATHAWAY INC (BRK.A) 10-Q for Q3, 2022","3555 FARNAM STREET,OMAHA,NE,68131","https://alpha.auditchain.finance/analysis/QmNk2CkcLNXZomhdQyP8ghFeLwNV2UJozTivQPu6RchZDQ"
"BERRY GLOBAL GROUP, INC. (BERY) 10-K for FY, 2022","101 OAKLEY STREET,EVANSVILLE,IN,47710","https://alpha.auditchain.finance/analysis/QmTbJqaG2ckscBMJ4nu3wAofnv9RVZGMuy3cKTNJAKV9uG"
"PCT LTD () 10-Q for Q3, 2022","4235 COMMERCE STREET,LITTLE RIVER,SC,29566","https://alpha.auditchain.finance/analysis/QmT2iTfcswUJX5wcb67cjo1WK532ytGwjFCtHsCaH2fPVH"
"JBG SMITH PROPERTIES (JBGS) 10-Q for Q3, 2022","4747 BETHESDA AVENUE,BETHESDA,MD,20814","https://alpha.auditchain.finance/analysis/QmRPnLqaczbhcEJdhUhafA1cNM5oPkGtKYBeKRwC4Xcbbq"
"BIO-TECHNE Corp (TECH) 10-Q for Q1, 2023","614 MCKINLEY PL N E,MINNEAPOLIS,MN,55413","https://alpha.auditchain.finance/analysis/QmfZgvJcAjQAFixAfhYD2EdweFbD2wkcu4QLR9VcVep3my"
"BIOCRYST PHARMACEUTICALS, INC. (BCRX) 10-Q for Q3, 2022","4505 EMPEROR BOULEVARD,DURHAM,NC,27703","https://alpha.auditchain.finance/analysis/QmdEKvMj5DZrmZRVP615HP5EFobr26Hdru6Zzs8sqduVgo"
"BIOLIFE SOLUTIONS INC (BLFS) 10-Q for Q3, 2022","3303 MONTE VILLA PARKWAY,BOTHELL,WA,98021","https://alpha.auditchain.finance/analysis/QmTzXnHChivgvX9VsYUCaFgUkhiwb8k53BJWPzKB9pUWGu"
"KINETIK HOLDINGS INC. (KNTK) 10-Q for Q3, 2022","2700 POST OAK BLVD.,HOUSTON,TX,77056","https://alpha.auditchain.finance/analysis/QmNgui91vXecrgahKczbLf2SDFdPCP1wsRd5H324LiqvSt"
"BlackLine, Inc. (BL) 10-Q for Q3, 2022","21300 VICTORY BOULEVARD,WOODLAND HILLS,CA,91367","https://alpha.auditchain.finance/analysis/QmYGJ4C4FoMZ5ExGgZXkNXEdNC3mh3u9MvC8gCePyyheBd"
"KINETIC GROUP INC. () 10-K for FY, 2022","2801 NW 7TH AVENUE,MIAMI,FL,33122","https://alpha.auditchain.finance/analysis/QmPSFMzL2z5MsR4XUUmURgpSSYLF1fhKDzqYrVk41zhsee"
"Free Flow Inc. () 10-Q for Q3, 2022","6269 CALEDON ROAD,KING GEORGE,VA,22485","https://alpha.auditchain.finance/analysis/QmWk8YLYmwSz4EUcSJYimyZWKvCrMDD3ES6L4VE3fuvCiP"
"Ingersoll Rand Inc. (IR) 10-Q for Q3, 2022","525 HARBOUR PLACE DRIVE, SUITE 600,DAVIDSON,NC,28036","https://alpha.auditchain.finance/analysis/QmQN8S3fd3eB6zMgmJxWGQX8d8hbtrEkXUbKqL89pEBexs"
"GUARANTY BANCSHARES, INC. (GNTY) 10-Q for Q3, 2022","201 SOUTH JEFFERSON AVENUE,MOUNT PLEASANT,TX,75455","https://alpha.auditchain.finance/analysis/QmVb7gN2TCr1srtjz7M97mJRCDMvzfk3puNWYA18aMHdzL"
"BLUE DOLPHIN ENERGY COMPANY (BDCO) 10-Q for Q3, 2022","801 TRAVIS SUITE 2100,HOUSTON,TX,77002-5729","https://alpha.auditchain.finance/analysis/QmfWXnYocyMeGweYkpSnP4YcXzRfRVs9qoY85YSE1YsPjT"
"FREEDOM HOLDING CORP. (FRHC) 10-Q for Q2, 2023","C/O POULTON & YORDAN,SALT LAKE CITY,UT,84101","https://alpha.auditchain.finance/analysis/Qme2uzQLnxA5gac3tvowH78cE3qM3otCXdiRQgZxCgnKJs"
"BOARDWALK PIPELINE PARTNERS, LP () 10-Q for Q3, 2022","9 GREENWAY PLAZA, SUITE 2800,HOUSTON,TX,77046","https://alpha.auditchain.finance/analysis/QmR2yciBd3kED5fGMDbCShSyDJdLccgS82htWGafau8aH6"
"Boise Cascade Company (BCC) 10-Q for Q3, 2022","1111 WEST JEFFERSON STREET, SUITE 300,BOISE,ID,83702","https://alpha.auditchain.finance/analysis/QmZDhHVZrCmC1EgUbQQpdmcKtXw4NDaqwfzFSLNQS76qfg"
"BOK FINANCIAL CORP () 10-Q for Q3, 2022","BANK OF OKLAHOMA TOWER,TULSA,OK,74172","https://alpha.auditchain.finance/analysis/QmUT7byZcBEN2GpEvFi9MsBH4nPk6scsABNQPSpWcS31DZ"
"BOSTON SCIENTIFIC CORPORATION (BSX) 10-Q for Q3, 2022","300 BOSTON SCIENTIFIC WAY,MARLBOROUGH,MA,01752-1234","https://alpha.auditchain.finance/analysis/QmcY1LPC33RwuZryaDtKfePQ85G1xAeZggpmCNwzQVrYSH"
"BROADRIDGE FINANCIAL SOLUTIONS, INC. (BR) 10-Q for Q1, 2023","5 DAKOTA DRIVE,LAKE SUCCESS,NY,11042","https://alpha.auditchain.finance/analysis/QmbR6KmhyBQ6tD48Eou1DhRNydSSKTHkY1bxj9LnboLBCZ"
"Processa Pharmaceuticals, Inc. (PCSA) 10-Q for Q3, 2022","7380 COCA COLA DRIVE,HANOVER,MD,21076","https://alpha.auditchain.finance/analysis/QmfJ78AFhtJoYwbycZNYCpT1JtQyywKgrpVY1M4CvJB3B7"
"Hilton Grand Vacations Inc. (HGV) 10-Q for Q3, 2022","6355 METROWEST BOULEVARD, SUITE 180,ORLANDO,FL,32835","https://alpha.auditchain.finance/analysis/QmR5RNiTWCJFX9YeNEHJSt1WBUMKzm9Cspm3BzaNBVh2i7"
"BTCS Inc. (BTCS) 10-Q for Q3, 2022","9466 GEORGIA AVENUE #124,SILVER SPRING,MD,20910","https://alpha.auditchain.finance/analysis/QmRWHYE6pKPFVHQ2s8jaRCq1TDnfM1iAA4WXBVD24bDK3G"
"BTCS Inc. (BTCS) 10-Q for Q3, 2022","9466 GEORGIA AVENUE #124,SILVER SPRING,MD,20910","https://alpha.auditchain.finance/analysis/QmU4JdRrqnTsg1pAFi52DAYj9mXE6DoMsJbnNnHuLaoaEs"
"MYOMO, INC. (MYO) 10-Q for Q3, 2022","137 PORTLAND STREET,BOSTON,MA,02114","https://alpha.auditchain.finance/analysis/QmfPkM2Az7GA2HDfHFCqGhxVvDzsYZdpg2QuaTpe3mT8Uz"
"BWX TECHNOLOGIES, INC. (BWXT) 10-Q for Q3, 2022","800 MAIN STREET,LYNCHBURG,VA,24504","https://alpha.auditchain.finance/analysis/QmPwKkJ8GXKeaZMvCS5jzeY45xJxKz1wacwsNSxnzMjytn"
"XERIANT, INC. () 10-Q for Q1, 2023","INNOVATION CENTRE #1, 3998 FAU BLVD.,BOCA RATON,FL,33431","https://alpha.auditchain.finance/analysis/QmaymC3i9byfBBGBwgPhhCJDDK5AQxrSzvTRL7b6ks3MLd"
"Rekor Systems, Inc. (REKR) 10-Q for Q3, 2022","7172 COLUMBIA GATEWAY DRIVE,COLUMBIA,MD,21046","https://alpha.auditchain.finance/analysis/QmRG4kgQu1pwmSRdZTVfWEkvE5kEKKVH38tFtCBF1cftp1"
"BANNER CORPORATION (BANR) 10-Q for Q3, 2022","10 S FIRST AVENUE,WALLA WALLA,WA,99362","https://alpha.auditchain.finance/analysis/QmXQUiZU7vskYLQ1zNgb7Rdbu4Rg5X6caDR2GgfSzraC9w"
"TIMBER PHARMACEUTICALS, INC. (TMBR) 10-Q for Q3, 2022","110 ALLEN ROAD, SUITE 401,BASKING RIDGE,NJ,07920","https://alpha.auditchain.finance/analysis/QmbDewj4fMr7nxe9Zb7v3KBkkExnr4yz7sj9S9iPAjG2hd"
"SANTA FE GOLD CORPORATION () 10-Q for Q1, 2023","3544 RIO GRANDE BLVD., NW,ALBUQUERQUE,NM,87107","https://alpha.auditchain.finance/analysis/QmYZRjVTFnrWWQ6xbNyusqzzNyBeUhpHgLSs3pwe1oH8mE"
"QRONS INC. () 10-Q for Q3, 2022","28-10 JACKSON AVENUE, #26N,LONG ISLAND CITY,NY,11101","https://alpha.auditchain.finance/analysis/QmdaQMig2xirxcLBTYCkhZ9qeDZhQBLmfKTAtobMeQ9FXF"
"SELECT ENERGY SERVICES, INC. (WTTR) 10-Q for Q3, 2022","1233 W LOOP SOUTH, SUITE 1400,HOUSTON,TX,77027","https://alpha.auditchain.finance/analysis/QmTaXSpjGm9MeJkBuk2SjQ9Tks1LofkDV6Udho6njmhJam"
"Angi Inc. (ANGI) 10-Q for Q3, 2022","555 WEST 18TH STREET,NEW YORK,NY,10011","https://alpha.auditchain.finance/analysis/Qmd3pC1SK7BQhsAo1BeHLYba6CD4DuXEYy6xPUT681wqUc"
"Amneal Pharmaceuticals, Inc. (AMRX) 10-Q for Q3, 2022",",,,","https://alpha.auditchain.finance/analysis/QmQLaNsLZetyNVJpSkQY8yNezfWFTTTxNYzJj1n8BwG3en"
"BioCrude Technologies USA, Inc. () 10-Q for Q3, 2022","1255 PHILLIPS SQUARE, SUITE 605,MONTREAL,A8,H3B 3G5","https://alpha.auditchain.finance/analysis/QmXL5DJ1q1Ru7ZKgGnrpPyPKXjpkZkj8xV1Hb3AQ9S2rRo"
"BioCrude Technologies USA, Inc. () 10-Q for Q3, 2022","1255 PHILLIPS SQUARE, SUITE 605,MONTREAL,A8,H3B 3G5","https://alpha.auditchain.finance/analysis/QmQN6Y6xNTdxDmkGSSnAS5vXaJbXdRrDTLYozgEx2s1RAg"
"FIRST INDUSTRIAL REALTY TRUST, INC. (FR) 10-Q for Q3, 2022","undefined","https://alpha.auditchain.finance/analysis/QmWsmRdWjHQMFRC6ACwYW5VqBwCa3DM5uoUqnRKJ7ymXVu"
"GeneThera, Inc. () 10-Q for Q3, 2022","3051 W 105TH AVENUE,WESTMINSTER,CO,80031","https://alpha.auditchain.finance/analysis/QmVr5Ec49PyjJZfcr9su5gpwiFvt6tbGQu3SiQMyydbLGU"
"HALL OF FAME RESORT & ENTERTAINMENT COMPANY (HOFV) 10-Q for Q3, 2022","2626 FULTON DRIVE NW,CANTON,OH,44718","https://alpha.auditchain.finance/analysis/QmViV4FJL6t6uAjWH1oc9SEvsjQsUA7niVde6VsDXAYkiz"
"POST HOLDINGS, INC. (POST) 10-K for FY, 2022","2503 S. HANLEY ROAD,ST. LOUIS,MO,63144","https://alpha.auditchain.finance/analysis/QmSZEQkDfiGPzuVSviprNrbEhrWHo22K54CrPrju1STF91"
"Premier, Inc. (PINC) 10-Q for Q1, 2023","13034 BALLANTYNE CORPORATE PLACE,CHARLOTTE,NC,28277","https://alpha.auditchain.finance/analysis/QmeW2EPVqCpLNyPaRnFvQ4DXkbmuPePYniwTA9jAgmoZmH"
"Booking Holdings Inc. (BKNG) 10-Q for Q3, 2022","800 CONNECTICUT AVE,NORWALK,CT,06854","https://alpha.auditchain.finance/analysis/QmbmUn8crNkPThNpucmRcLLaCbwv5YNjQetZ14jHyE1Ke5"
"ModivCare Inc. (MODV) 10-Q for Q3, 2022","6900 LAYTON AVENUE,DENVER,CO,80237","https://alpha.auditchain.finance/analysis/QmPJ1vCzgyY6xrfqudgWd4kaVupa4fCPo36yaJvA86Q4Hg"
"CORE LABORATORIES N.V. (CLB) 10-Q for Q3, 2022","VAN HEUVEN GOEDHARTLAAN 7 B,1181 LE AMSTELVEEN,P7,1181 LE","https://alpha.auditchain.finance/analysis/QmbF4WfynZxLM4a8vRgvBxT4b6vkVxGyz6JoYwf4pQVVEM"
"PUGET ENERGY INC /WA () 10-Q for Q3, 2022","355 110TH AVE NE,BELLEVUE,WA,98004","https://alpha.auditchain.finance/analysis/Qme2NwucwM37BVR9uFQdrAQhKnLWcNfcnZfWdWARMjwaRN"
"ONE WORLD PRODUCTS, INC. () 10-Q for Q3, 2022","3471 WEST OQUENDO ROAD, SUITE 301,LAS VEGAS,NV,89118","https://alpha.auditchain.finance/analysis/QmTx3WfJsNgGb8Z6PM3WHbdwcdYt2bxwqMLn4CpQbpbSwd"
"iQSTEL Inc. () 10-Q for Q3, 2022","300 ARAGON AVENUE, SUITE 375,CORAL GABLES,FL,33134","https://alpha.auditchain.finance/analysis/QmPiKMD2fURZ6LXDLJaCtRf2QoXdgS5WMTjBmHpWtx5RvQ"
"CRAWFORD & CO (CRD-A) 10-Q for Q3, 2022","5335 TRIANGLE PARKWAY,PEACHTREE CORNERS,GA,30092","https://alpha.auditchain.finance/analysis/QmX3xELziyj2peHXLiAtZGxQL6yLtzVY3DmRypUA1SvpxN"
"ProPhase Labs, Inc. (PRPH) 10-Q for Q3, 2022","711 STEWART AVE, SUITE 200,NEW YORK,NY,11530","https://alpha.auditchain.finance/analysis/QmSoMwaDE5xSx6w5Dy3nW1zUDBpjHd1kUrPNomAWv3S4X4"
"Black Knight, Inc. (BKI) 10-Q for Q3, 2022","601 RIVERSIDE AVENUE,JACKSONVILLE,FL,32204","https://alpha.auditchain.finance/analysis/QmR9n4Pc8Q63g1763rthqk84kcjGLD9nq6wLBawa7WhpLZ"
"BLOOM ENERGY CORP (BE) 10-Q for Q3, 2022","4353 NORTH FIRST STREET,SAN JOSE,CA,95134","https://alpha.auditchain.finance/analysis/QmPQw8KnMrwjZ6yPbLZ1yoM47yf7evzGKXUyGx3jYSeD6T"
"CITRINE GLOBAL, CORP () 10-Q for Q3, 2022","2 JABOTINSKY ST., ATRIUM TOWER,TEL AVIV,L3,6721503","https://alpha.auditchain.finance/analysis/QmYaiH33C1Fj5wx3FDeTbtJY9kFqusxvFsVJXutE71xfdJ"
"Bright Mountain Media, Inc. () 10-Q for Q3, 2022","6400 CONGRESS AVE.,BOCA RATON,FL,33487","https://alpha.auditchain.finance/analysis/QmSM4iCMKACS6HFzZL23NAbw5a6uhpeZiWnU6GXh8P7X7H"
"AUGUSTA GOLD CORP. () 10-Q for Q3, 2022","SUITE 555 - 999 CANADA PLACE,VANCOUVER,A1,V6C 3E1","https://alpha.auditchain.finance/analysis/QmYz4KHHQvmx9DfjJj1Xqg28HDhDreXDz5gGnoQsvAMau7"
"CADIZ INC (CDZI) 10-Q for Q3, 2022","550 SOUTH HOPE STREET,LOS ANGELES,CA,90071","https://alpha.auditchain.finance/analysis/QmSa5bMtFuMPx9aih22XTZnQkboEUweN2E2SbbXeRPmWSw"
"CREATIVE MEDICAL TECHNOLOGY HOLDINGS, INC. (CELZ) 10-Q for Q3, 2022","211 E. OSBORN RD.,PHOENIX,AZ,85012","https://alpha.auditchain.finance/analysis/QmSyneuSxxCGRtMqHwCyoyQbVvPHgpZ7QQ8WG25UKrUwGa"
"Topgolf Callaway Brands Corp. (MODG) 10-Q for Q3, 2022","2180 RUTHERFORD RD,CARLSBAD,CA,92008-8815","https://alpha.auditchain.finance/analysis/QmRCuSDbSFHhjPVUPA5zuYtCQkLpVPyGYFBo6nTT7ddvNQ"
"CAMBER ENERGY, INC. (CEI) 10-Q for Q3, 2022","15915 KATY FREEWAY,HOUSTON,TX,77094","https://alpha.auditchain.finance/analysis/QmU8nPTtrqQD3nhXvmPuNaAN6ogryYpJb7BW5Yy1oWQNmd"
"SPLASH BEVERAGE GROUP, INC. (SBEV) 10-Q for Q3, 2022","1314 E LAS OLAS BLVD, SUITE 221,FORT LAUDERDALE,FL,33301","https://alpha.auditchain.finance/analysis/QmSQLEiLwsGyJmjArdTk1pwLLbgGqDjBpPCWmmytDd3r2b"
"Canterbury Park Holding Corp (CPHC) 10-Q for Q3, 2022","1100 CANTERBURY ROAD S.,SHAKOPEE,MN,55379","https://alpha.auditchain.finance/analysis/QmTH8NHc7CnJjBgn4GisSt7nJoTYhH9t5zvrzpTrg1tgWn"
"CAPITAL PROPERTIES, INC. (CPTP) 10-Q for Q3, 2022","5 STEEPLE STREET,PROVIDENCE,RI,02903","https://alpha.auditchain.finance/analysis/QmRwF5wVrvae3cGyo5Cjd7NZcXXSdgsQDntbnj9ydUwD9g"
"CAPSTONE COMPANIES, INC. () 10-Q for Q3, 2022","431 FAIRWAY DRIVE,DEERFIELD BEACH,FL,33441","https://alpha.auditchain.finance/analysis/QmXLZbf4orrFL55mh5Cr2hTyL1yJBQ46Wi6ZHrfzC3wBMK"
"Cardinal Health, Inc. (CAH) 10-Q for Q1, 2023","7000 CARDINAL PLACE,DUBLIN,OH,43017","https://alpha.auditchain.finance/analysis/QmRvCmVCCb3rb19ZZ66VRNMZ7mvN6nZUvUrLpYS4nsffPt"
"fuboTV Inc. /FL (FUBO) 10-Q for Q3, 2022","1290 AVENUE OF THE AMERICAS,NEW YORK,NY,10104","https://alpha.auditchain.finance/analysis/QmQ2jPYwBdAVk8pCbRXG1mbqzrrJJPoR5ZJBpmU8ejmbwL"
"CAVCO INDUSTRIES INC. (CVCO) 10-Q for Q2, 2023","3636 N CENTRAL AVE,PHOENIX,AZ,85012","https://alpha.auditchain.finance/analysis/QmcD9nwoH3STmUu13WEhpF4sZmy8Kk5MvWqYRxtTyH1nmW"
"CCO Holdings, LLC () 10-Q for Q3, 2022","12405 POWERCOURT DR,ST LOUIS,MO,63131","https://alpha.auditchain.finance/analysis/QmaQpzmA5gZ3h4uRVwyqDu1Kp522xoa28anhxRdeHJoXSg"
"CELANESE CORPORATION (CE) 10-Q for Q3, 2022","222 W. LAS COLINAS BLVD., SUITE 900N,IRVING,TX,75039-5421","https://alpha.auditchain.finance/analysis/QmZt6NdUoGBgADS8eauCrA1RgHTkd3PPQQGgG2rEVCif5S"
"CENTENE CORPORATION (CNC) 10-Q for Q3, 2022","7700 FORSYTH BLVD.,ST LOUIS,MO,63105","https://alpha.auditchain.finance/analysis/QmcEDri9LHQb3mw34QJ4Qyxx752kfRUm2CXMs3HsSqfBhh"
"CF INDUSTRIES HOLDINGS, INC. (CF) 10-Q for Q3, 2022","4 PARKWAY NORTH,DEERFIELD,IL,60015","https://alpha.auditchain.finance/analysis/QmXGonZhpFdCJxsaTww4mtD1MKkr4QMzVbuqbhfwuqktcd"
"CROWN HOLDINGS, INC. (CCK) 10-Q for Q3, 2022","770 TOWNSHIP LINE ROAD,YARDLEY,PA,19067","https://alpha.auditchain.finance/analysis/QmQ71K7pMoUacRVZybCBbaAfryktdsuLA4YHkrZXVD8Yec"
"QUEST PATENT RESEARCH CORP () 10-Q for Q3, 2022","411 THEODORE FREMD AVE.,RYE,NY,10580","https://alpha.auditchain.finance/analysis/QmaNybiAax5LKtd6VkymSi1Ttkc5PwWFUJbo5a2Rsosnm1"
"Adtalem Global Education Inc. (ATGE) 10-Q for Q1, 2023","500 WEST MONROE,CHICAGO,IL,60661","https://alpha.auditchain.finance/analysis/Qme5HBkdsycxLrrPZJ9ZvKNAouruJxWuy6US5GVeNAyjVW"
"DIAMONDHEAD CASINO CORPORATION () 10-Q for Q3, 2022","1013 PRINCESS STREET,ALEXANDRIA,,VA,22314","https://alpha.auditchain.finance/analysis/QmTmeCw4HhvvMWizuC7muZMkXUn54vub3sdjojsXf1EmwL"
"Diebold Nixdorf, Incorporated (DBD) 10-Q for Q3, 2022","P.O. BOX 3077,NORTH CANTON,OH,44720-8077","https://alpha.auditchain.finance/analysis/QmY7MmjYkPHWjASp16Vq94ZJ7joJbpb4bsL5MWZ4HhR76g"
"BITNILE HOLDINGS, INC. (NILE) 10-Q for Q3, 2022","11411 SOUTHERN HIGHLANDS PARKWAY,LAS VEGAS,NV,89141","https://alpha.auditchain.finance/analysis/QmZMH1gPFkctarYrP5WiMpzeuSpJoKE6FofEzsg83HSdVp"
"DOUGLAS DYNAMICS, INC (PLOW) 10-Q for Q3, 2022","11270 W. PARK PLACE SUITE 300,MILWAUKEE,WI,53224","https://alpha.auditchain.finance/analysis/QmebikTCQHuzEBuipwn6XDKWHEBgvC5evgD4FwKwtpq62X"
"DPL Inc. () 10-Q for Q3, 2022","1065 WOODMAN DRIVE,DAYTON,OH,45432","https://alpha.auditchain.finance/analysis/QmV4nntqRbXz8bUNwXSJFLLhPWL2tPfkJFix8zDjUePiKT"
"DSwiss, Inc. (DQWS) 10-Q for Q3, 2022","UNIT 18-11, 18-12 & 18-01, TOWER A,,KUALA LUMPUR,N8,59200","https://alpha.auditchain.finance/analysis/QmXpLa7vnT29eeRyDRcbaXhubfiC9mYZzG5YBmHHDzg9Xn"
"DYNARESOURCE, INC. (DYNR) 10-Q for Q3, 2022","222 W. LAS COLINAS BLVD,IRVING,TX,75039","https://alpha.auditchain.finance/analysis/QmQveQdgF6fCovuYLvEfhtLwWbU2BDHYCmi3zuhCXcQ5EN"
"Dynatronics Corporation (DYNT) 10-Q for Q1, 2022","7030 PARK CENTRE DRIVE,SALT LAKE CITY,UT,84121","https://alpha.auditchain.finance/analysis/QmT8qKS9z6fC8mMsHHBpuagfPpgEic5iY428a38tT6frGV"
"DYNEX CAPITAL, INC. (DX) 10-Q for Q3, 2022","4991 LAKE BROOK DRIVE,GLEN ALLEN,VA,23060","https://alpha.auditchain.finance/analysis/QmYpUUjjtSVqNrV6d5CM3FAX91wcStZrWqPM2z4qSsqc9R"
"DATA CALL TECHNOLOGIES, INC. () 10-Q for Q3, 2022","700 SOUTH FRIENDSWOOD DRIVE,FRIENDSWOOD,TX,77546","https://alpha.auditchain.finance/analysis/QmceGcqYF7RM73fVMLj5FqW8hGAZQJJNa68Zsg3WuNPcA7"
"Black Bird Biotech, Inc. () 10-Q for Q3, 2022","3505 YUCCA DRIVE,FLOWER MOUND,TX,75028","https://alpha.auditchain.finance/analysis/QmQoEdLP3uAq6VgDFeXukSkyRSranmkAxw7RCv9LaJwrFq"
"PLx Pharma Inc. (PLXP) 10-Q for Q3, 2022","9 FISHERS LANE,SPARTA,NJ,07871","https://alpha.auditchain.finance/analysis/QmbmNv9bKj3v8bLKXGfDH2XGrnjA235ahk1kEw5Thy1HXS"
"DOLLAR TREE, INC. (DLTR) 10-Q for Q3, 2022","500 VOLVO PARKWAY,CHESAPEAKE,VA,23320","https://alpha.auditchain.finance/analysis/QmRQNtRLmnNaftvvcjWsHbzbVpe7eBhWWnP4pBGtuF7Kra"
"DOMTAR CORPORATION () 10-Q for Q3, 2022","234 KINGSLEY PARK DRIVE,FORT MILL,SC,29715","https://alpha.auditchain.finance/analysis/QmT8PiZH1fQV8Q4sHUbDtb7sr6yqycPzSWax28RdbHu8Y6"
"Keurig Dr Pepper Inc. (KDP) 10-Q for Q3, 2022","53 SOUTH AVENUE,BURLINGTON,MA,01803","https://alpha.auditchain.finance/analysis/QmTtUzTf1aHSuWTewtW5M9cASjNYgwaen6jSKWVfZqRyEv"
"THE E.W. SCRIPPS COMPANY (SSP) 10-Q for Q3, 2022","312 WALNUT STREET,CININNATI,OH,45202","https://alpha.auditchain.finance/analysis/QmPzv9veU75kLpkDTxFpBKmQVjWgtjktsxyvKZqn2U1XSX"
"EDISON INTERNATIONAL (EIX) 10-Q for Q3, 2022","2244 WALNUT GROVE AVE,,ROSEMEAD,CA,91770","https://alpha.auditchain.finance/analysis/QmZpKeZe9kJFCtADT9rnx56J7CqQALTxUBmEbASXHokmoi"
"EMERSON ELECTRIC CO. (EMR) 10-K for FY, 2022","8000 W FLORISSANT AVE,ST LOUIS,MO,63136","https://alpha.auditchain.finance/analysis/QmcbAsMCao1KDtsDNnuQaNnLsviXKVLmAoHsVMFQS5fsZs"
"INTEGRATED VENTURES, INC. (INTV) 10-Q for Q1, 2023","18385 ROUTE 287,TIOGA,PA,16946","https://alpha.auditchain.finance/analysis/QmepSLRzoFH9znC8GqVsGhMJn4ikDNb3hZVXDWsEneaKzc"
"ENTEGRIS INC (ENTG) 10-Q for Q3, 2022","129 CONCORD ROAD,BILLERICA,MA,01821","https://alpha.auditchain.finance/analysis/QmPv9d7U7wkFD4zUKHY132CVzp859SBDzfetvD8KG3mKf7"
"ENTERPRISE PRODUCTS PARTNERS L.P. (EPD) 10-Q for Q3, 2022","1100 LOUISIANA 10TH FLOOR,HOUSTON,TX,77002","https://alpha.auditchain.finance/analysis/QmSEbwBVXWAJTU4zrCqWuXiZmbD7hSvcXSC2eBZMvWMbRB"
"EVERFLOW EASTERN PARTNERS LP () 10-Q for Q3, 2022","585 WEST MAIN STREET,CANFIELD,OH,44406","https://alpha.auditchain.finance/analysis/Qma8RpcF3aCi5Dd9wbKvuHbSXdxn7AViYhqnRemvhkXdi9"
"EDISON INTERNATIONAL (EIX) 10-Q for Q3, 2022","2244 WALNUT GROVE AVE,,ROSEMEAD,CA,91770","https://alpha.auditchain.finance/analysis/QmZpKeZe9kJFCtADT9rnx56J7CqQALTxUBmEbASXHokmoi"
"EMERSON ELECTRIC CO. (EMR) 10-K for FY, 2022","8000 W FLORISSANT AVE,ST LOUIS,MO,63136","https://alpha.auditchain.finance/analysis/QmcbAsMCao1KDtsDNnuQaNnLsviXKVLmAoHsVMFQS5fsZs"
"INTEGRATED VENTURES, INC. (INTV) 10-Q for Q1, 2023","18385 ROUTE 287,TIOGA,PA,16946","https://alpha.auditchain.finance/analysis/QmepSLRzoFH9znC8GqVsGhMJn4ikDNb3hZVXDWsEneaKzc"
"ENTEGRIS INC (ENTG) 10-Q for Q3, 2022","129 CONCORD ROAD,BILLERICA,MA,01821","https://alpha.auditchain.finance/analysis/QmPv9d7U7wkFD4zUKHY132CVzp859SBDzfetvD8KG3mKf7"
"ENTERPRISE PRODUCTS PARTNERS L.P. (EPD) 10-Q for Q3, 2022","1100 LOUISIANA 10TH FLOOR,HOUSTON,TX,77002","https://alpha.auditchain.finance/analysis/QmSEbwBVXWAJTU4zrCqWuXiZmbD7hSvcXSC2eBZMvWMbRB"
"EVERFLOW EASTERN PARTNERS LP () 10-Q for Q3, 2022","585 WEST MAIN STREET,CANFIELD,OH,44406","https://alpha.auditchain.finance/analysis/Qma8RpcF3aCi5Dd9wbKvuHbSXdxn7AViYhqnRemvhkXdi9"
"EXPEDITORS INTERNATIONAL OF WASHINGTON, INC. (EXPD) 10-Q for Q3, 2022","1015 THIRD AVENUE,SEATTLE,WA,98104","https://alpha.auditchain.finance/analysis/QmP361Gck33WjJTrZUFWpaBGVy6bEF5xYCYwVHUFewW8ZV"
"KIORA PHARMACEUTICALS, INC. (KPRX) 10-Q for Q3, 2022","1371 EAST 2100 SOUTH,SALT LAKE CITY,UT,84105","https://alpha.auditchain.finance/analysis/Qma6bFMz9toTtdDbqmqxm19TdrNJNv2fwf5PqJrSSWEwEg"
"EXTREME NETWORKS, INC. ( EXTR) 10-Q for Q1, 2023","2121 RDU CENTER DRIVE,MORRISVILLE,NC,27560","https://alpha.auditchain.finance/analysis/QmVKU18uvbCfM9P35FcT6NR1HwUNoR8Eq4uGBprFbgPRiT"
"CHENIERE ENERGY, INC. (LNG) 10-Q for Q3, 2022","700 MILAM ST.,HOUSTON,TX,77002","https://alpha.auditchain.finance/analysis/QmcMfwvkTKn2ynp4RjAAqaHdNbcExSTQTXtjkTGtS8XAmZ"
"EASTERLY GOVERNMENT PROPERTIES, INC. (DEA) 10-Q for Q3, 2022","2001 K STREET NW,WASHINGTON,DC,20006","https://alpha.auditchain.finance/analysis/QmbggQury87A6QEeLARKKoLR752ttY14X3wGJ3rU6h4MVr"
"Ecomax, Inc. () 10-Q for Q1, 2023","40 WALL STREET, 28TH FLOOR,NEW YORK,NY,10005","https://alpha.auditchain.finance/analysis/QmYrdHwAp2Ctrh3Zbh1YEz4zvD8pgeD8QecqzivmSgRSa7"
"Sesen Bio, Inc. (SESN) 10-Q for Q3, 2022","245 FIRST STREET,CAMBRIDGE,MA,02142","https://alpha.auditchain.finance/analysis/QmaweNz8McWTeARkp1GNS3P3SdogLrQ532R3z2scMsTbef"
"Ellington Residential Mortgage REIT (EARN) 10-Q for Q2, 2022","53 FOREST AVENUE,OLD GREENWICH,CT,06870","https://alpha.auditchain.finance/analysis/QmTgRuEdf6FK35ryRbrrgL6Nzk4N5bhgxVcPhvZyRSKqJ3"
"HARTMAN vREIT XXI, INC. () 10-Q for Q3, 2022","2909 HILLCROFT,HOUSTON,TX,77057","https://alpha.auditchain.finance/analysis/QmdUuUQo6Ex9pcUgadohJ2cj67Me86ckBjWK68x47YbjHt"
"Right On Brands, Inc. () 10-Q for Q2, 2023","6501 DALROCK ROAD, SUITE 100,ROWLETT,TX,75089","https://alpha.auditchain.finance/analysis/QmVhT35YYBJkqWgcd4cPXbzNXfE32KQU2gmwzFVnvMVDyv"
"HILL-ROM HOLDINGS, INC. (HRC) 10-K for FY, 2021","130 EAST RANDOLPH STREET,CHICAGO,IL,60601","https://alpha.auditchain.finance/analysis/QmeR8XVMD3nSpUGtf3TR1gQkgpPnefmdiadnYHAgBAUW3B"
"GENERATION HEMP, INC. () 10-Q for Q3, 2022","5128 HORSESHOE TRAIL,DALLAS,TX,75209","https://alpha.auditchain.finance/analysis/QmanYwtYAPcGJNmZEsaCjgL74XoR63nFP6iHD7Z9sSvEoa"
"CHIMERIX, INC. (CMRX) 10-Q for Q3, 2022","2505 MERIDIAN PARKWAY, SUITE 100,DURHAM,NC,27713","https://alpha.auditchain.finance/analysis/QmT2f85UTZ6ujUHa8iaED33NpazT7heg1tZKuiJnHpj2xR"
"CBAK ENERGY TECHNOLOGY, INC. (CBAT) 10-Q for Q3, 2022","BAK INDUSTRIAL PARK, MEIGUI STREET,DALIAN,F4,116422","https://alpha.auditchain.finance/analysis/QmdEk98ChFLGioih5TfdagwuRkoEXJomoiy5MRpKCLqihG"
"HOMETRUST BANCSHARES, INC. (HTBI) 10-Q for Q1, 2023","10 WOODFIN STREET,ASHEVILLE,NC,28801","https://alpha.auditchain.finance/analysis/QmZ714mNehwQb25zzXShg4kPAnzJdEo29CFMyaFrnsaNcA"
"THE HOWARD HUGHES CORPORATION (HHC) 10-Q for Q3, 2022","9950 WOODLOCH FOREST DR.,THE WOODLANDS,TX,77380","https://alpha.auditchain.finance/analysis/QmUuwcrJgTbwiKPHvnVvx2V2D7LHD8GoRV8B3YDxPyVHi3"
"HUDSON GLOBAL, INC. (HSON) 10-Q for Q3, 2022","53 FOREST AVENUE,OLD GREENWICH,CT,06870","https://alpha.auditchain.finance/analysis/QmV6s9GrzcgUNtGuQ4sKRMDu1QairZoR8j8EfNepPfgFQy"
"Cinedigm Corp. (CIDM) 10-Q for Q2, 2023","244 FIFTH AVENUE,NEW YORK,NY,10001","https://alpha.auditchain.finance/analysis/QmerAcQJrfTRNbktk83Se6oYX6DX487dRPf7GyVemmKTxJ"
"Statera Biopharma, Inc (fka Cytocom Inc) (STAB) 10-Q for Q3, 2022","2537 RESEARCH BOULEVARD, SUITE 201,FORT COLLINS,CO,80526","https://alpha.auditchain.finance/analysis/QmTxE2FGM35XjME24cYUpodGTQcLaxqRf2XRfstea8R89U"
"AiADVERTISING, INC () 10-Q for Q3, 2022","321 SIXTH STREET,SAN ANTONIO,TX,78215","https://alpha.auditchain.finance/analysis/QmWAuJcmdwYyM9SWqBert11E6ydKXbckGf8ggv7SW4rP9d"
"Statera Biopharma, Inc (fka Cytocom Inc) (STAB) 10-Q for Q3, 2022","2537 RESEARCH BOULEVARD, SUITE 201,FORT COLLINS,CO,80526","https://alpha.auditchain.finance/analysis/QmS7AgwtNpGF9nWXrWxkUgaZCFXnGYVDZjZg931HDK9EBk"
"CMG HOLDINGS GROUP, INC. () 10-Q for Q3, 2022","2130 NORTH LINCOLN PARK WEST 8N,CHICAGO,IL,60614","https://alpha.auditchain.finance/analysis/QmZuVTijcxbPw9A4mWUszgGfMrcDxMSVDCQbtkNpcs81oz"
"CNL STRATEGIC CAPITAL, LLC () 10-Q for Q3, 2022","P.O. BOX 4920,ORLANDO,FL,32802","https://alpha.auditchain.finance/analysis/QmeXHWHq6QUpBRb9TWCP2chZesHLjEYngnFULWGYzeTMtw"
"Calumet Specialty Products Partners, L.P. (CLMT) 10-Q for Q3, 2022","2780 WATERFRONT,INDIANAPOLIS,IN,46214","https://alpha.auditchain.finance/analysis/QmQDzqe1nkfvKkPU8g11ZGDqZWpVNbG7bBjdH1bP14yhPH"
"COEUR MINING, INC. (CDE) 10-Q for Q3, 2022","104 SOUTH MICHIGAN AVENUE,CHICAGO,IL,60603","https://alpha.auditchain.finance/analysis/QmWwi7Gu1LeEeUPzNneV88tRswS9XA2XnfPrhdLMSptJFt"
"ICU MEDICAL INC/DE (ICUI) 10-Q for Q3, 2022","951 CALLE AMANECER,SAN CLEMENTE,CA,92763-6212","https://alpha.auditchain.finance/analysis/QmWCMZn4HoHpqPqHykZjg9M86c2BNmMGaJ9o5PSnrfvHkw"
"GLADSTONE LAND CORP (LAND) 10-Q for Q3, 2022","1521 WESTBRANCH DRIVE,MCLEAN,VA,22102","https://alpha.auditchain.finance/analysis/QmNgYbFTStZVpebo3SrdVeDAWMadc39MBZsH6uYQCjT28g"
"ICU MEDICAL INC/DE (ICUI) 10-Q for Q3, 2022","951 CALLE AMANECER,SAN CLEMENTE,CA,92763-6212","https://alpha.auditchain.finance/analysis/QmSh7uw2a5nvi4FjV2BjECwEt3YYVQiFnahDeaVXpSXsXv"
"OBLONG, INC. (OBLG) 10-Q for Q3, 2022","25587 CONIFER ROAD,CONIFER,CO,80433","https://alpha.auditchain.finance/analysis/QmeofwdSrV7ETWg2rZhM3AmcWkEL8rnAttPMm3cTvigX8H"
"INFINERA CORP (INFN) 10-Q for Q3, 2022","6373 SAN IGNACIO AVENUE,SAN JOSE,CA,95119","https://alpha.auditchain.finance/analysis/QmPxpXQUajyaSyGuVaZkXL4bvDtbKtDSUvRGYNFDNtZj6z"
"OBLONG, INC. (OBLG) 10-Q for Q3, 2022","25587 CONIFER ROAD,CONIFER,CO,80433","https://alpha.auditchain.finance/analysis/QmQivB77Vt7zLP4Z6rzWZjh9SeRvc5qFqaXUTCSmDh7gxV"
"Good Gaming, Inc. () 10-Q for Q3, 2022","415 MCFARLAN ROAD,KENNETT SQUARE,PA,19348","https://alpha.auditchain.finance/analysis/QmNoZSXwWyDGifNh8i6NzR4pjvqGbAPyrBjfG2z2USQ3Eu"
"W.W. Grainger, Inc. (GWW) 10-Q for Q3, 2022","100 GRAINGER PARKWAY,LAKE FOREST,IL,60045-5201","https://alpha.auditchain.finance/analysis/QmawLbTU4zdfCbvgtf7GvK5QWpS5t3X3E9YJaxTRdp5U8S"
"INNODATA INC (INOD) 10-Q for Q3, 2022","55 CHALLENGER ROAD,RIDGEFIELD PARK,NJ,07660","https://alpha.auditchain.finance/analysis/QmVpBPzrWwx123uuWRLdytGrn8YDmMnCW87wtHTkR9Gf4n"
"GRAY TELEVISION INC (GTN.A) 10-Q for Q3, 2022","4370 PEACHTREE ROAD NE,ATLANTA,GA,30319","https://alpha.auditchain.finance/analysis/QmSjbtzZaPC6TmKACd87gsnR1nPXrvARnWUpay6YirHHtL"
"INSIGNIA SYSTEMS, INC/MN (ISIG) 10-Q for Q3, 2022","212 THIRD AVE N,MINNEAPOLIS,MN,55401","https://alpha.auditchain.finance/analysis/QmSs5LmEyAqDvqj3Au8fNifMzEGXXRkCnRurg1gXQkKE59"
"GRANITE CONSTRUCTION INC (GVA) 10-Q for Q3, 2022","585 WEST BEACH ST,WATSONVILLE,CA,95076","https://alpha.auditchain.finance/analysis/Qmdw3oXyQHPvTEYaJ7QQVJAhJbtuk2UNDngdHVcpxmcUNq"
"GENIUS BRANDS INTERNATIONAL, INC. (GNUS) 10-Q for Q3, 2022","190 N. CANON,BEVERLY HILLS,CA,90210","https://alpha.auditchain.finance/analysis/QmY4LLtn6Mfjnd9G8soiU9zBNvHGBr1ZVufoWKpzZGL23C"
"Genprex, Inc. (GNPX) 10-Q for Q3, 2022","1601 TRINITY STREET, BLDG. B,AUSTIN,TX,78712","https://alpha.auditchain.finance/analysis/QmQdv4Cd4hrYn9msaNQagaftZ3pq3pqC71RasvMwqb966n"
"INTER PARFUMS, INC. (IPAR) 10-Q for Q3, 2022","551 FIFTH AVE,NEW YORK,NY,10176","https://alpha.auditchain.finance/analysis/QmR9M2bmbtw2zdPCiMZX3JdXJZmTjHqC4myJ6tZJZeDV4d"
"GILEAD SCIENCES, INC. (GILD) 10-Q for Q3, 2022","333 LAKESIDE DR,FOSTER CITY,CA,94404","https://alpha.auditchain.finance/analysis/QmX24thDEK8eKtfD6hC21a2i1KhgmKX53Cd38jNEbGDiBs"
"Global Medical REIT Inc. (GMRE) 10-Q for Q3, 2022","2 BETHESDA METRO CENTER,BETHESDA,MD,20814","https://alpha.auditchain.finance/analysis/QmSQ9tPpC3gTDbmFDoDHm4TJcU22bKWr9mEw6JNZ5uAyCh"
"INTERNATIONAL PAPER COMPANY (IP) 10-Q for Q3, 2022","6400 POPLAR AVENUE,MEMPHIS,TN,38197","https://alpha.auditchain.finance/analysis/QmWaxuCu2GvKKNCogcaL6RAU8REsm631VMG3nmm2bR5SV9"
"CARA THERAPEUTICS, INC. (CARA) 10-Q for Q3, 2022","4 STAMFORD PLAZA,STAMFORD,CT,06902","https://alpha.auditchain.finance/analysis/QmbXoPD6gHHk3SRHoHz2jtVvEDszjWewBnuMDyPmxzTEHJ"
"PRECIGEN, INC. (PGEN) 10-Q for Q3, 2022","20374 SENECA MEADOWS PARKWAY,GERMANTOWN,MD,20876","https://alpha.auditchain.finance/analysis/QmZ5oTBV8rJW38qJ86RULw86UXtTh23Rix2WnMqqbpGMmR"
"GRACO INC. (GGG) 10-Q for Q3, 2022","88 11TH AVENUE NE,MINNEAPOLIS,MN,55413-1894","https://alpha.auditchain.finance/analysis/QmckSYmcvkzHfyYVwtCeE6MVT5R6U48z4uWjGEDb4mUdNn"
"Green Brick Partners, Inc. (GRBK) 10-Q for Q3, 2022","2805 DALLAS PARKWAY,PLANO,TX,75093","https://alpha.auditchain.finance/analysis/Qmdm9RUysCjW8ohdSHPUJmnhex74G4R3WzuweFcK7fSPUR"
"INNOVATION PHARMACEUTICALS INC. () 10-Q for Q1, 2023","301 EDGEWATER PLACE,WAKEFIELD,MA,01880","https://alpha.auditchain.finance/analysis/QmPdxkboMQmZBHfzFsM2ZeR9NhFJkT4arX389QDWtL8QP5"
"Green Brick Partners, Inc. (GRBK) 10-Q for Q3, 2022","2805 DALLAS PARKWAY,PLANO,TX,75093","https://alpha.auditchain.finance/analysis/Qmbx2SmfwEzu5QpVc3DWmSJ6D5KZbz39pF8ZzkChutGrMg"
"GREENBACKER RENEWABLE ENERGY COMPANY LLC () 10-Q for Q3, 2022","C/O GREENBACKER CAPITAL MANAGEMENT LLC,NEW YORK,NY,10017","https://alpha.auditchain.finance/analysis/Qmbwppu7bgBMjaY8ND7Xx9q8stcu6JpD6wmbMbKuBRaC4h"
"IRONWOOD PHARMACEUTICALS, INC. (IRWD) 10-Q for Q3, 2022","100 SUMMER STREET, SUITE 2300,BOSTON,MA,02110","https://alpha.auditchain.finance/analysis/QmcGxLsPspiFfU1qhjLKyNzEmGoQRcEABDti5fCGtRkZvs"
"AMERICAN HEALTHCARE REIT, INC. () 10-Q for Q3, 2022","18191 VON KARMAN AVENUE,IRVINE,CA,92612","https://alpha.auditchain.finance/analysis/QmWL3fnuKwkbZ1Jk8mk6rEMrB64KMsR3mNvQPspNVzzUVN"
"iStar Inc. (STAR) 10-Q for Q3, 2022","1114 AVENUE OF THE AMERICAS,NEW YORK,NY,10036","https://alpha.auditchain.finance/analysis/QmZkwtPbYcGzuwDQpzCDh8EVmtaVoLAuwUxarKSXNwMfeL"
"GB SCIENCES INC () 10-Q for Q2, 2022","6450 CAMERON STREET #110A,LAS VEGAS,NV,89118","https://alpha.auditchain.finance/analysis/QmbTrsVRBEnUXqjFkytdxuKy5q9To3DTm1RaALWRQsa4DH"
"H&R Block, Inc. (HRB) 10-Q for FY, 2023","ONE H&R BLOCK WAY,KANSAS CITY,MO,64105","https://alpha.auditchain.finance/analysis/QmWsqjjd5y9Qo1b4KCifCUcmSCQim8dcfFWSVkf9v87wQx"
"HAEMONETICS CORPORATION (HAE) 10-Q for Q2, 2023","125 SUMMER STREET,BOSTON,MA,02110","https://alpha.auditchain.finance/analysis/QmSSB8Li86cW9wUCZTK5fogtHdDh7CmGoRrEYhr7TK627d"
"VISION HYDROGEN CORPORATION () 10-Q for Q3, 2022","95 CHRISTOPHER COLUMBUS DRIVE,JERSEY CITY,NJ,07302","https://alpha.auditchain.finance/analysis/QmQgH4hUZnXBArFcrD3uSoRHjbRwgpbUKJHhavCehbdRq7"
"Battalion Oil Corp (BATL) 10-Q for Q3, 2022","3505 WEST SAM HOUSTON PARKWAY NORTH,HOUSTON,TX,77043","https://alpha.auditchain.finance/analysis/QmX28zDeeJNwVCQ6yA1hNuPwSxn2qMVuGNMSqDPL8a8phb"
"Hallmark Financial Services, Inc. (HALL) 10-Q for Q3, 2022","777 MAIN STREET, SUITE 1000,FORT WORTH,TX,76102","https://alpha.auditchain.finance/analysis/QmS1TJyYwkPm9XBLBW2Kk4yZ5ourZ3gcvKid729x4uVjeD"
"CELSIUS HOLDINGS, INC. (CELH) 10-Q for Q3, 2022","2424 N. FEDERAL HWY,BOCA RATON,FL,33431","https://alpha.auditchain.finance/analysis/Qme6JszBWsEvA5i39CAiQMXhFdAGMReuRpEJdLdtpzTLSu"
"IDEAL POWER INC. (IPWR) 10-Q for Q3, 2022","5508 HIGHWAY 290 WEST,AUSTIN,TX,78735","https://alpha.auditchain.finance/analysis/QmZbmq8KgFkZ56UQAJh6mFDxapCw295w8cUGRckjbP8DoW"
"HANOVER INSURANCE GROUP, INC. (THG) 10-Q for Q3, 2022","440 LINCOLN ST,WORCESTER,MA,01653","https://alpha.auditchain.finance/analysis/QmT3erVoquHZBVCr174Lwo8oo8PkaqoMKtCM6EZX14uVQT"
"Harley-Davidson, Inc. (HOG) 10-Q for Q3, 2022","3700 W JUNEAU AVE,MILWAUKEE,WI,53208","https://alpha.auditchain.finance/analysis/QmSMdi1NFR8pggiC68wom8iGjTDuh7LoW1AQnUCLzrDyZP"
"L3HARRIS TECHNOLOGIES, INC. (LHX) 10-Q for Q3, 2022","1025 W NASA BLVD,MELBOURNE,FL,32919","https://alpha.auditchain.finance/analysis/QmfDTvnAuoRtUhm82c9XgvBECGD3dMdERxpAUc1HFw48q7"
"INVENTRUST PROPERTIES CORP. (IVT) 10-Q for Q3, 2022","3025 HIGHLAND PARKWAY SUITE 350,DOWNERS GROVE,IL,60515","https://alpha.auditchain.finance/analysis/QmR7dtKcxrKVgNxmygFuEj5JZiFjVmAkjhh7cZBc2SXg6T"
"Invesco Mortgage Capital Inc. (IVR) 10-Q for Q3, 2022","TWO PEACHTREE POINTE,ATLANTA,GA,30309","https://alpha.auditchain.finance/analysis/QmQyQvZa3f1ysA2P7wC3kx23Ko1NpGSZCCCkLjrsHEag6q"
"HAWTHORN BANCSHARES, INC. (HWBK) 10-Q for Q3, 2022","132 EAST HIGH STREET,JEFFERSON CITY,MO,65101","https://alpha.auditchain.finance/analysis/QmPtzPit56185EDy4gSYbUDhE7ySQ3bkGLaogrg9m32ZWF"
"CHINA HEALTH INDUSTRIES HOLDINGS, INC. () 10-Q for Q1, 2023","3199-1 LONGXIANG ROAD, SONGBEI DISTRICT,HEILONGJIANG PROVINCE,F4,150028","https://alpha.auditchain.finance/analysis/QmRh7y31xVsxQUXThFozF6rLybBnWpyUEMrLQ3Gs9GcXUH"
"China United Insurance Service, Inc. () 10-Q for Q3, 2022","7F, NO. 311 SECTION 3,,TAIPEI CITY,F5,00000","https://alpha.auditchain.finance/analysis/QmfThgsdD54X5dHZgpvxRicuaTsKRHct164QpQP29P2QV4"
"Collegium Pharmaceutical, Inc. (COLL) 10-Q for Q3, 2022","100 TECHNOLOGY CENTER DRIVE,STOUGHTON,MA,02072","https://alpha.auditchain.finance/analysis/QmNracq41fDvKMmsSupVNysSPqv5nvGVGrYmiWP9P4u761"
"Cinemark Holdings, Inc. (CNK) 10-Q for Q3, 2022","3900 DALLAS PARKWAY,PLANO,TX,75093","https://alpha.auditchain.finance/analysis/QmRcKDH6mxM12dehm65o89k17DQGoTbP6RnwbcAxJJrsQj"
"J&J SNACK FOODS CORP (JJSF) 10-K for FY, 2022","6000 CENTRAL HIGHWAY,PENNSAUKEN,NJ,08109","https://alpha.auditchain.finance/analysis/QmNwVKj9oAX6UeezHUcCVM72Nefn88Vy3jZDM84BQEz1rj"
"COMMERCE BANCSHARES, INC. (CBSH) 10-Q for Q3, 2022","1000 WALNUT,KANSAS CITY,MO,64106","https://alpha.auditchain.finance/analysis/QmaYhpKkJGMWMGd6ArjTfbpyGjHT9pXDen6kiCaiCw7LQb"
"CITIZENS COMMUNITY BANCORP, INC. (CZWI) 10-Q for Q3, 2022","2174 EASTRIDGE CENTER,EAU CLAIRE,WI,54701","https://alpha.auditchain.finance/analysis/QmSexzcbdyKuHDp186hyrc5fjG1wiUMYg7ws2wDMcBXAYa"
"Jacobs Solutions Inc. (J) 10-K for FY, 2022","1999 BRYAN STREET, SUITE 1200,DALLAS,TX,75201","https://alpha.auditchain.finance/analysis/QmRGCa8hF4ANfcRq41jDNF1TCK6yeJQk7shWZkYwRFEH3a"
"JETBLUE AIRWAYS CORP (JBLU) 10-Q for Q3, 2022","27-01 QUEENS PLAZA NORTH,LONG ISLAND CITY,NY,11101","https://alpha.auditchain.finance/analysis/QmToSGXyeodYzqgLfrrTLChnDDvuQkDogjZPc16d2712AD"
"Conformis, Inc. (CFMS) 10-Q for Q3, 2022","600 TECHNOLOGY DRIVE,BILLERICA,MA,01821","https://alpha.auditchain.finance/analysis/QmPNSCpRqUV5NUeYkNVHpGwCJN2AH5ftNN1fTtXLscuuox"
"SHARING ECONOMY INTERNATIONAL INC. (N/A) 10-Q for Q3, 2022","CORNWALL CENTRE, NO.85 CASTLE PEAK ROAD,NEW TERRITORIES,K3,00000","https://alpha.auditchain.finance/analysis/QmRvXhvXYYiwoCrLo7UihBmD12NXK5eXvzQ9N9Q3Hig1Rw"
"HEARTLAND EXPRESS INC (HTLD) 10-Q for Q3, 2022","901 HEARTLAND WAY,NORTH LIBERTY,IA,52317","https://alpha.auditchain.finance/analysis/QmennAw3bECNJU8CzCyAfnamcLPQXiFrkdbcP1DcGsdi5Z"
"HEALTHSTREAM INC (HSTM) 10-Q for Q3, 2022","500 11TH AVENUE NORTH,NASHVILLE,TN,37203","https://alpha.auditchain.finance/analysis/QmXkhtsAZiqQNLYPEgipP5p6xC4m4io8mG78yCzLnFkuf2"
"AIM IMMUNOTECH INC. (AIM) 10-Q for Q3, 2022","2117 SW HIGHWAY 484,OCALA,FL,32801","https://alpha.auditchain.finance/analysis/QmWpf9DxyGEgM8tMR2pwSxqNBBbysvLv8cdL4BPk53fJdf"
"JUNIPER NETWORKS, INC. (JNPR) 10-Q for Q3, 2022","1133 INNOVATION WAY,SUNNYVALE,CA,94089","https://alpha.auditchain.finance/analysis/QmSQoEwC1Q6L6Si8Sa3WGcyew1nWNX6ge489Gk4NZLdcTu"
"JANUS HENDERSON GROUP PLC  (JHG) 10-Q for Q3, 2022","201 BISHOPSGATE,LONDON,X0,EC2M 3AE","https://alpha.auditchain.finance/analysis/QmeVbXnA9GPYZMZoennAhSfFMf4zwqtgWVasGKnG5HyfkR"
"Jazz Pharmaceuticals plc (JAZZ) 10-Q for Q3, 2022","FIFTH FLOOR, WATERLOO EXCHANGE,DUBLIN,L2,4","https://alpha.auditchain.finance/analysis/QmeYYt5bhf5Vw8LEus4RShcKBQ8umXyJirsASG2tXexj5g"
"John Bean Technologies Corporation (JBT) 10-Q for Q3, 2022","70 W MADISON,CHICAGO,IL,60602","https://alpha.auditchain.finance/analysis/Qmb6nm2f7XLh3WEqsRfmpYXPhRq7rFcsMo72xPcKct8Zrb"
"KB HOME (KBH) 10-Q for Q3, 2022","10990 WILSHIRE BLVD,LOS ANGELES,CA,90024","https://alpha.auditchain.finance/analysis/QmTEj7kNyk9qF77xL4rqETJFhGXroRTz914d9QTY4B78aw"
"KBS GROWTH & INCOME REIT, INC. () 10-Q for Q3, 2022","800 NEWPORT CENTER DRIVE,NEWPORT BEACH,CA,92660","https://alpha.auditchain.finance/analysis/QmP4D3f9TsWwPZE9LEtigJS1DGoPMFmPhGiShtcbCz5Pad"
"KELLOGG COMPANY (K) 10-Q for Q3, 2022","ONE KELLOGG SQ,BATTLE CREEK,MI,49016-3599","https://alpha.auditchain.finance/analysis/QmeTESq5kd46XcacPabWfMeaKWkq82gz2N3ZtsLouEyFfD"
"HST Global, Inc. () 10-Q for Q3, 2022","150 RESEARCH DR.,HAMPTON,VA,23666","https://alpha.auditchain.finance/analysis/QmcEcrUB8EygY3gnnvSPhvVMGGsLUYBM6N3cPPmejNsY5J"
"COHBAR, INC. (CWBR) 10-Q for Q3, 2022","1455 ADAMS DRIVE, SUITE 2050,MENLO PARK,CA,94025","https://alpha.auditchain.finance/analysis/QmbxG2TyDpkc2Qr3BuvdETEHuPTqvLPQ5s8NZ2RTmHEqCv"
"KINGSTONE COMPANIES, INC. (KINS) 10-Q for Q3, 2022","15 JOYS LANE,KINGSTON,NY,12401","https://alpha.auditchain.finance/analysis/QmdPLyCqSXa1L4jw4VKMJLNZ15Zug45uXrACY1ZJSV1TfZ"
"HUMANA INC (HUM) 10-Q for Q3, 2022","500 W MAIN ST,LOUISVILLE,KY,40202","https://alpha.auditchain.finance/analysis/QmR5sXnhH6weuF7DfA5AGcKYm4KDF958UADa7UTDBVkfTb"
"KLX Energy Services Holdings, Inc. (KLXE) 10-Q for Q3, 2022","3040 POST OAK BOULEVARD,HOUSTON,TX,77056","https://alpha.auditchain.finance/analysis/QmR7wEGyotbYnVZtu5wmHceNPP3TrZ3VFh8ypwJGJf5S7M"
"HYSTER-YALE MATERIALS HANDLING, INC. (HY) 10-Q for Q3, 2022","5875 LANDERBROOK DRIVE,CLEVELAND,OH,44124","https://alpha.auditchain.finance/analysis/Qmdi1fdcUQRtHPPA27oZGhVQxUHUJXig5oXrYGQvoJS6K4"
"NUTRALIFE BIOSCIENCES, INC. () 10-Q for Q3, 2022","6601 LYONS ROAD,L 6 COCONUT CREEK,FL,33073","https://alpha.auditchain.finance/analysis/Qmbz8ckyrmtRfmo1Z3rXDTEc3dR8GNpfCLgwSYFgJXgVps"
"NV5 Global, Inc. (NVEE) 10-Q for Q3, 2022","200 SOUTH PARK ROAD,HOLLYWOOD,FL,33021","https://alpha.auditchain.finance/analysis/Qmcb1Prxf1J4tMvxsomkFgXBTFjWSiBhtitWt1eUbvfvHr"
"NantHealth, Inc. (NH) 10-Q for Q3, 2022","3000 RDU CENTER DRIVE,MORRISVILLE,NC,27560","https://alpha.auditchain.finance/analysis/QmdN7qrBSNNEvoxjF64QmGRMZMQAhDoDYAo3qeyPbWngWc"
"PALISADE BIO, INC. (PALI) 10-Q for Q3, 2022","7750 EL CAMINO REAL, SUITE 5200,CARLSBAD,CA,92009","https://alpha.auditchain.finance/analysis/QmRKSUASS7F8dwGaprbJ1Aa6c7kzuieURNgHJ8PhBFaNt9"
"NEW CONCEPT ENERGY, INC. (GBR) 10-Q for Q3, 2022","1603  LBJ  FREEWAY,DALLAS,TX,75234","https://alpha.auditchain.finance/analysis/QmcmkRq6HeFnnEuspjhRxaN16EMdTZ7jzQee3j9LXejwh9"
"IDAHO STRATEGIC RESOURCES, INC (IDR) 10-Q for Q3, 2022","201 N. 3RD STREET,COEUR D'ALENE,ID,83814","https://alpha.auditchain.finance/analysis/QmV3gsMB78dL8ULRoqLyVq7NkAHg6nHopUjVbMPr8fLbmL"
"Rithm Capital Corp. (RITM) 10-Q for Q3, 2022","799 BROADWAY,New York,NY,10003","https://alpha.auditchain.finance/analysis/QmPbG5NYxiZgsMYujmuiVKPcSpB1RMpy42JuwXsvFLAc5x"
"Noble Corporation plc (NE) 10-Q for Q3, 2022","undefined","https://alpha.auditchain.finance/analysis/QmfKpQuGu7KKRwzUAhyLBioJXhMqu97ER6yVYCgASosaqA"
"NIGHTFOOD HOLDINGS, INC. () 10-Q for Q1, 2023","500 WHITE PLAINS ROAD,TARRYTOWN,NY,10591","https://alpha.auditchain.finance/analysis/QmcPkgv4ZtxZpMLpuuF2CVaVwPK3j6FZAcyHytVgiUJYtr"
"NORTHWEST BANCSHARES, INC. (NWBI) 10-Q for Q3, 2022","100 LIBERTY STREET,WARREN,PA,16365","https://alpha.auditchain.finance/analysis/QmTc6mxfh4Z81Ndk85UqJa8SKcPR22kf2NSGGdXbxHy5DC"
"Report for GH259400TOMPUOLS65II on 2020-12-31","undefined","https://alpha.auditchain.finance/analysis/Qme6nQz9iFyix8APVndZYCeFupxAEnepFjZY6JSTxRwgEp"
"Knowles Corporation (KN) 10-Q for Q3, 2022","1151 MAPLEWOOD DRIVE,ITASCA,IL,60143","https://alpha.auditchain.finance/analysis/QmdsZhiC2gZFEqTCTftHNXJ7iXraQWU2hSfN9paPG5D8HG"
"KORTH DIRECT MORTGAGE INC. () 10-Q for Q3, 2022","135 SAN LORENZO AVE,CORAL GABLES,FL,33146","https://alpha.auditchain.finance/analysis/QmZMDgJf7U77qHBKapcqkHXRmsfQpB3BgriKJ8xAvx2shX"
"LABORATORY CORPORATION OF AMERICA HOLDINGS (LH) 10-Q for Q3, 2022","358 S MAIN ST,BURLINGTON,NC,27215","https://alpha.auditchain.finance/analysis/Qmd5TaNw9tC94ku91yXzNiza841V7xrBm4f85bmZpfzoi4"
"LANDSTAR SYSTEM, INC. (LSTR) 10-Q for Q3, 2022","13410 SUTTON PARK DRIVE SOUTH,JACKSONVILLE,FL,32224","https://alpha.auditchain.finance/analysis/QmdGe2bPEuBke8gTdbJra6xZ6Zj8qekt7cjAurFkwkvske"
"Laureate Education, Inc. (LAUR) 10-Q for Q3, 2022","650 S. EXETER STREET,BALTIMORE,MD,21202","https://alpha.auditchain.finance/analysis/QmbgVKd9CcbrMRPj2PEDo74EDBYiph7wo558EzobVUJoZ1"
"LEAP THERAPEUTICS, INC. (LPTX) 10-Q for Q3, 2022","47 THORNDIKE STREET,CAMBRIDGE,MA,02142","https://alpha.auditchain.finance/analysis/QmSMFNvyL8WQqgTZ24DjM2Q8Q28hDyHhftQEhvN4g74tce"
"LENNOX INTERNATIONAL INC (LII) 10-Q for Q3, 2022","2140 LAKE PARK BLVD,RICHARDSON,TX,75080","https://alpha.auditchain.finance/analysis/Qmah13ubJewC9SVicSCcf8PuQw7hoDN4n4puwXTAojqTfo"
"LEVEL 3 PARENT, LLC () 10-Q for Q3, 2022","1025 ELDORADO BOULEVARD,BROOMFIELD,CO,80021","https://alpha.auditchain.finance/analysis/QmPhn7PwXxtDC2FGLQ246EgUJBwDpQmydpqoNW96CA4nHT"
"LINCOLN EDUCATIONAL SERVICES CORP (LINC) 10-Q for Q3, 2022","14 SYLVAN WAY,PARSIPPANY,NJ,07054","https://alpha.auditchain.finance/analysis/QmUuAcUxvQUeSPVkNT5qQa9g9zyEDyfRhBhXAo9MR8ruAr"
"LIONS GATE ENTERTAINMENT CORP /CN/ (LGF.A) 10-Q for Q2, 2023","2700 COLORADO AVENUE,SANTA MONICA,CA,90404","https://alpha.auditchain.finance/analysis/QmZCjyMJo2n3tBHU9UmnYLRLsUwdHvBJdmw3VQfAeysjLw"
"LITTELFUSE INC /DE (LFUS) 10-Q for Q3, 2022","8755 WEST HIGGINS ROAD,CHICAGO,IL,60631","https://alpha.auditchain.finance/analysis/QmV12vTCFfUW3eNtVR5ibvepqmhenamPzj4nHWuYx4XXfP"
"LPL Financial Holdings Inc. (LPLA) 10-Q for Q3, 2022","4707 EXECUTIVE DRIVE,SAN DIEGO,CA,92121","https://alpha.auditchain.finance/analysis/QmWAPBHvP6hSWpcyqxaYvmXaVYNCV7RdZ1sFMafm27GPP3"
"LSB Industries, Inc. (LXU) 10-Q for Q3, 2022","3503 NW 63RD STREET,OKLAHOMA CITY,OK,73116-2238","https://alpha.auditchain.finance/analysis/QmfYJgmRvBCT8vspk7bk6ggmCYs7mwpuKyrCSkPBWPDH4j"
"LSI Industries Inc. (LYTS) 10-Q for Q1, 2022","10000 ALLIANCE RD,CINCINNATI,OH,45242","https://alpha.auditchain.finance/analysis/QmYjVQWBzcKU2bZLgdD7KuKjawbkusa3LqZ6saeT9akvVL"
"Ladder Capital Corp (LADR) 10-Q for Q3, 2022","345 PARK AVENUE,NEW YORK,NY,10154","https://alpha.auditchain.finance/analysis/QmahVrzFYQaxn3KVTsFNQUcRzXQ89eXM9unqEuoixLJEUc"
"LEATT CORPORATION () 10-Q for Q3, 2022","12 KIEPERSOL DRIVE, ATLAS GARDENS,DURBANVILLE, WESTERN CAPE,T3,7550","https://alpha.auditchain.finance/analysis/QmVqT86ow3YG61PgAL5jcFTXig6Vayu5rHtHwrxLDrHZYz"
"LIBERTY MEDIA CORPORATION (LSXMA) 10-Q for Q3, 2022","12300 LIBERTY BOULEVARD,ENGLEWOOD,CO,80112","https://alpha.auditchain.finance/analysis/Qmbe9YFdTmJWDy8kVnAbfPd8JLBwopsncdsNxekwqGC1eQ"
"LINDE PLC (LIN) 10-Q for Q3, 2022","FORGE, 43 CHURCH STREET WEST,WOKING SURREY,X0,GU216HT","https://alpha.auditchain.finance/analysis/Qmb56hKu7vvi9ombY5zmKxUsWkhTMQs9Xntf8X2reaVhNx"
"LOGICQUEST TECHNOLOGY, INC. () 10-Q for Q2, 2022","5 INDEPENDENCE WAY,PRINCETON,NJ,08540","https://alpha.auditchain.finance/analysis/QmRZbRrS2dRGxswJ4n8iVvTha8BnPgxiQs5h7TQ3o15SkG"
"ACCREDITED SOLUTIONS, INC. () 10-Q for Q3, 2022","9980 SOUTH 300 WEST, SUITE 200,SANDY,UT,84070","https://alpha.auditchain.finance/analysis/QmYPs2v9LpKHapdUdKwKBdsurkvNBX9GfvFoEMEcebD2sx"
"Luvu Brands, Inc. () 10-Q for Q1, 2023","2745 BANKERS INDUSTRIAL DRIVE,ATLANTA,GA,30360","https://alpha.auditchain.finance/analysis/QmPrZmyBo2w3phqbSCX9G8VJxzyFSBYHsJvS8fpGw55dfs"
"MID-AMERICA APARTMENT COMMUNITIES, INC. (MAA) 10-Q for Q3, 2022","6815 POPLAR AVENUE,GERMANTOWN,TN,38138","https://alpha.auditchain.finance/analysis/QmWj8x11VYCRi5kWqC7vWVjd6opEx1mCrpGgkWDb1TzBKk"
"MOOG Inc. (MOG.A) 10-K for FY, 2022","400 JAMISON ROAD,EAST AURORA,NY,14052","https://alpha.auditchain.finance/analysis/QmRrvwNh2Y1NBuHHBwWUouG58s4pt93xCd5uiscq7JW9sc"
"MPLX LP (MPLX) 10-Q for Q3, 2022","200 E. HARDIN STREET,FINDLAY,OH,45840","https://alpha.auditchain.finance/analysis/QmT9E8v7KyfdXC3etgtM7Hx5cb1njjKghKqszHmjvGdcFW"
"MULIANG VIAGOO TECHNOLOGY, INC. () 10-Q for Q3, 2022","1958 QIANMING EAST ROAD,SHANGHAI,F4,201500","https://alpha.auditchain.finance/analysis/Qme4oxWFMCWZeDFsovCtcpEonHogKErXVq7iTYD4WqVMji"
"MYMETICS CORPORATION (MYMX) 10-Q for Q3, 2022","EUROPEAN EXECUTIVE OFFICE,EPALINGES,V8,CH-1066","https://alpha.auditchain.finance/analysis/QmUinRAqhTXkHhsCpheJFqNUhNKZp2c41F1FLW9jR3zu8g"
"EMMAUS LIFE SCIENCES, INC. () 10-Q for Q3, 2022","21250 HAWTHORNE BOULEVARD, SUITE 800,TORRANCE,CA,90503","https://alpha.auditchain.finance/analysis/QmQ9oYTyi8iuEkaFooyuGCJAL2FqGYPZzEeddCrNCDmGL9"
"Madison Technologies Inc. () 10-Q for Q3, 2022","4448 PATTERDALE DRIVE,NORTH VANCOUVER,A1,V7R 4L8","https://alpha.auditchain.finance/analysis/QmeMpqzJQ4sfcoKrMszGXbEGR8VbqPiKcVgpWT4kLccd9P"
"Pyxus International, Inc. () 10-Q for Q2, 2023","8001 AERIAL CENTER PARKWAY,MORRISVILLE,NC,27560-8413","https://alpha.auditchain.finance/analysis/QmQXB85djWNTGr1iqDYF3dg8SQ5C2EzHJ53NCyAyPkkbpn"
"CURE PHARMACEUTICAL HOLDING CORP. (CURR) 10-Q for Q3, 2022","5805 SEPULVEDA BLVD., SUITE 801,SHERMAN OAKS,CA,91411","https://alpha.auditchain.finance/analysis/QmdmCWf2ZAWg9nhmeXPoqj43ehWansh29pv1qakczRTCzK"
"BLUE BIOFUELS, INC. (BIOF) 10-Q for Q3, 2022","3710 BUCKEYE ST,PALM BEACH GARDENS,FL,33401","https://alpha.auditchain.finance/analysis/Qmcyz1j6YuBzsSgfujsdkQU2WFUHcJUhztcDuC7fXFwURg"
"High Wire Networks, Inc. (HWNI) 10-Q for Q3, 2022","980 N. FEDERAL HIGHWAY, SUITE 304,BOCA RATON,FL,33432","https://alpha.auditchain.finance/analysis/Qme6syVm7MyrkTWy5B66bTeJP9qLFUgMKmtmMVzkj2D7uY"
"Marathon Petroleum Corporation (MPC) 10-Q for Q3, 2022","539 SOUTH MAIN STREET,FINDLAY,OH,45840-3229","https://alpha.auditchain.finance/analysis/QmTi8zZLTX9JKEiecb5VyVzheDkZoQDsRPo4SegBqSgVYc"
"GREENWAVE TECHNOLOGY SOLUTIONS, INC. (GWAV) 10-Q for Q3, 2022","277 SUBURBAN DRIVE,SUFFOLK,VA,23434","https://alpha.auditchain.finance/analysis/QmTi5P6Xg3Ymi4LUJFHr74syvAZgkN75STMVAMcvJVsjC5"
"MediXall Group, Inc. () 10-Q for Q3, 2022","2929 EAST COMMERCIAL BLVD,FT LAUDERDALE,FL,33308","https://alpha.auditchain.finance/analysis/QmT7Wka5nYJjDbi8NwtFi4g2FXxkpJtwZAn4PYGbTM6Jwu"
"MediXall Group, Inc. () 10-Q for Q3, 2022","2929 EAST COMMERCIAL BLVD,FT LAUDERDALE,FL,33308","https://alpha.auditchain.finance/analysis/QmPcQBsJmwcHnjSsBNhsBteLchPVzSLrqkSj7SG5J2hSPE"
"Metropolitan Bank Holding Corp. (MCB) 10-Q for Q3, 2022","99 PARK AVENUE,NEW YORK,NY,10016","https://alpha.auditchain.finance/analysis/Qme8SZcDQrr5TxzP6B8GzR6Ay3fsR7A2CWcrXRW4Nb1tAL"
"Middlefield Banc Corp. (MBCN) 10-Q for Q3, 2022","15985 E HIGH ST,MIDDLEFILED,OH,44062-9263","https://alpha.auditchain.finance/analysis/QmUazexTMFBXxSFGbGzoB3pXsTpN3gBEy2W8ytx9MfmLMP"
"EQUATOR Beverage Company () 10-Q/A for Q3, 2022","185 HUDSON STREET,JERSEY CITY,NJ,07302","https://alpha.auditchain.finance/analysis/QmW2DaZmhLCCQyq2Y9AvAUGsu5xkTR9pkXa2SttmbGapPi"
"Mondelēz International, Inc. (MDLZ) 10-Q for Q3, 2022","905 WEST FULTON MARKET,CHICAGO,IL,60607","https://alpha.auditchain.finance/analysis/QmQHHYy7QbS4SFAczCkFot5p6deJcrUfVtzidfqBHKQSwY"
"MONOPAR THERAPEUTICS INC. (MNPR) 10-Q for Q3, 2022","1000 SKOKIE BLVD SUITE 350,WILMETTE,IL,60091","https://alpha.auditchain.finance/analysis/QmceuVd9hAeJ39vNaaVfRu325RCThjS3kAmj2uLGu6XZYS"
"MONSTER BEVERAGE CORPORATION (MNST) 10-Q for Q3, 2022","1 MONSTER WAY,CORONA,CA,92879","https://alpha.auditchain.finance/analysis/QmPTEqyvPcYG8AR6FPQSUtkXNxzMUEDi4Ey5ghw8LGiPXf"
"MOTOROLA SOLUTIONS, INC. (MSI) 10-Q for Q3, 2022","500 W. MONROE ST.,CHICAGO,IL,60661","https://alpha.auditchain.finance/analysis/QmfYEJBGtCMfoLjdNkxyVRzgwvRBDhfsHMoUqWwsRDCwmr"
"NATIONAL INSTRUMENTS CORP (NATI) 10-Q for Q3, 2022","11500 NORTH MOPAC EXPRESSWAY,AUSTIN,TX,78759","https://alpha.auditchain.finance/analysis/QmbmTzeSKybkQVN9r682YyBgbm8b1cGJoH9NbPByU4R3MM"
"NAVIDEA BIOPHARMACEUTICALS, INC. (NAVB) 10-Q for Q3, 2022","4995 BRADENTON AVENUE,DUBLIN,OH,43017","https://alpha.auditchain.finance/analysis/QmZ1TVfJL23xnQZiX3q8zmBQsAYYABsyPmNA9HhtFTSZ3u"
"NETSOL TECHNOLOGIES, INC. (NTWK) 10-Q for Q1, 2023","23975 PARK SORRENTO,CALABASAS,CA,91302","https://alpha.auditchain.finance/analysis/QmTELoLdYWbbGCWtHnCsji24Sz8wqFG5nkFq4HADSFLVUw"
"New Relic, Inc. (NEWR) 10-Q for Q2, 2023","188 SPEAR STREET, STE. 1000,SAN FRANCISCO,CA,94105","https://alpha.auditchain.finance/analysis/QmShayhJYNGoQcEFRwM1tc5u5tqPHYqM1W1vRYLtPnKYB3"
"LUMOS PHARMA, INC. (LUMO) 10-Q for Q3, 2022","4200 MARATHON BLVD.,AUSTIN,TX,78756","https://alpha.auditchain.finance/analysis/QmV21itk1y3Va1cXxgz5eWW4Rm8E5KKs2EHzxLv8nrhR2R"
"NEWS CORPORATION (NWSA) 10-Q for Q1, 2023","1211 AVENUE OF THE AMERICAS,NEW YORK,NY,10036","https://alpha.auditchain.finance/analysis/QmSkEV1axuQ7eD5VsY5YE2LSwTQmbsWDVDwgDyYDasrCgK"
"NioCorp Developments Ltd. () 10-Q for Q1, 2023","7000 S. YOSEMITE STREET,CENTENNIAL,CO,80112","https://alpha.auditchain.finance/analysis/Qmajkxgh2UrHknYhajcvwx7eQncpVTJMFjjQ73vh3Sw7oT"
"NORTHWEST NATURAL HOLDING COMPANY (NWN) 10-Q for Q3, 2022","250 SW TAYLOR STREET,PORTLAND,OR,97204","https://alpha.auditchain.finance/analysis/QmbrHEDV7uD1Qg4sXPd5wz4iJGuyPdZfDKjwLxd42pBe2Z"
"Clearway Energy, Inc. (CWEN.A) 10-Q for Q3, 2022","300 CARNEGIE CENTER, SUITE 300,PRINCETON,NJ,08540","https://alpha.auditchain.finance/analysis/QmPrbCEHr7ZFpGexLfQ5auQoG7whEhg2DW1onFTRoG14kT"
"NUTRA PHARMA CORP () 10-Q for Q3, 2022","12538 W. ATLANTIC BLVD.,CORAL SPRINGS,FL,33071","https://alpha.auditchain.finance/analysis/QmQqKwxhNLqQN3fohv5JRb4hCApMXhAMoH7ZhRHdPQjr3y"
"REDWOOD MORTGAGE INVESTORS VIII, L.P. () 10-Q for Q3, 2022","177 BOVET ROAD,SAN MATEO,CA,94402","https://alpha.auditchain.finance/analysis/QmWwHMdQjSGsy1S67CdqDvHxCY4FynJ9KhDNZQ26cJHihj"
"REGAL REXNORD CORP (RRX) 10-Q for Q3, 2022","200 STATE ST,BELOIT,WI,53511","https://alpha.auditchain.finance/analysis/QmQ3dBrks5Qi2AxPAJbCXaU2EBsryc6Pgm7AJ768S54fNi"
"REGENCY CENTERS CORPORATION (REG) 10-Q for Q3, 2022","ONE INDEPENDENT DRIVE,JACKSONVILLE,FL,32202","https://alpha.auditchain.finance/analysis/QmYbJY6xSMLMCufJDBVupAtCSNp2MTWpiDK2Tf2YDTmXWj"
"REGENCY CENTERS CORPORATION (REG) 10-Q for Q3, 2022","ONE INDEPENDENT DRIVE,JACKSONVILLE,FL,32202","https://alpha.auditchain.finance/analysis/QmefQcvv7DPd6nnNmhbgKREEDLJ6t4fgcYxgZbesRauVJJ"
"REGO PAYMENT ARCHITECTURES, INC. () 10-Q for Q3, 2022","325 SENTRY PARKWAY,BLUE BELL,PA,19422","https://alpha.auditchain.finance/analysis/QmdxJqhmxATjZMq1gwqGLeS47z8aSFqiA3WQfFiWQSJY6e"
"RELIANCE STEEL & ALUMINUM CO (RS) 10-Q for Q3, 2022","16100 N. 71ST STREET, SUITE 400,SCOTTSDALE,AZ,85254","https://alpha.auditchain.finance/analysis/QmRxHTRrLG3whYnYfEkhLuSN256LW1BPCkmvLX9g4URNdd"
"DigitalBridge Group, Inc. (DBRG) 10-Q for Q3, 2022","750 PARK OF COMMERCE DRIVE,BOCA RATON,FL,33487","https://alpha.auditchain.finance/analysis/QmcwiqVDmxMZy5vjee58X5tutSJVLrEhtrkcFeA8GfVNiX"
"DigitalBridge Group, Inc. (DBRG) 10-Q for Q3, 2022","750 PARK OF COMMERCE DRIVE,BOCA RATON,FL,33487","https://alpha.auditchain.finance/analysis/QmcqsW2day9qW5zmhJr4G5hvQ2yHVXHRqXG1833wK7ysTT"
"COMSTOCK INC. (LODE) 10-Q for Q3, 2022","117 AMERICAN FLAT ROAD,VIRGINIA CITY,,NV,89440","https://alpha.auditchain.finance/analysis/Qmd85DrW6NsqRKWQn5Wzh6xt2vqogcif4QiAMwUoT9mboR"
"XENOUS HOLDINGS, INC. (XITO) 10-Q for Q2, 2023","SUITE 20.03, PLAZA 138, JALAN AMPANG,KUALA LUMPUR,N8,50450","https://alpha.auditchain.finance/analysis/Qmb2C1TcPaQFD692qu7dNZHZdqiuMW94nw7V9x1x4JttoR"
"COOPER-STANDARD HOLDINGS INC. (CPS) 10-Q for Q3, 2022","40300 TRADITIONS DRIVE,NORTHVILLE,MI,48168","https://alpha.auditchain.finance/analysis/QmPmMG6RN7fcxNXFybx2pRodo17EAy1CF3yEH5SGA8tFg9"
"Crexendo, Inc. () 10-Q for Q3, 2022","1615 S. 52ND STREET,TEMPE,AZ,85281","https://alpha.auditchain.finance/analysis/QmPQuQ1FD9c2S2XkqgJTvvwcM6G9dFJWq7bqwu1Q9MYw5w"
"Crinetics Pharmaceuticals, Inc. (CRNX) 10-Q for Q3, 2022","10222 BARNES CANYON ROAD, BLDG. #2,SAN DIEGO,CA,92121","https://alpha.auditchain.finance/analysis/QmR5NChTuGveFtvygJKnxpe8Ssv5PHVk7aG6NrSvpGWjt4"
"Criteo S.A. (CRTO) 10-Q for Q3, 2022","32 RUE BLANCHE,PARIS,I0,75009","https://alpha.auditchain.finance/analysis/QmSLnWDTtKF4XJNNKNq9rVbEoC3xhtuS2FHWUyBKyU8MMH"
"DARDEN RESTAURANTS, INC. (DRI) 10-Q for Q1, 2023","1000 DARDEN CENTER DRIVE,ORLANDO,FL,32837","https://alpha.auditchain.finance/analysis/QmbkfV95xAV32buarC4SzghXipSLzVRkcndFTMzU3XMgsu"
"DATA I/O CORPORATION (DAIO) 10-Q for Q3, 2022","6645 185TH AVE NE, SUITE 100,REDMOND,WA,98052","https://alpha.auditchain.finance/analysis/QmYPuRD8ub8uUDMGT8vyKh2zuN5y2jv1rXZ6TL6GGbmnsg"
"DELUXE CORPORATION (DLX) 10-Q for Q3, 2022","801 S. MARQUETTE AVE.,MINNEAPOLIS,MN,55402","https://alpha.auditchain.finance/analysis/QmWg3kEwnhGoQnj7oH5ocp5ByMFcEANpka1bnmFFfq7pos"
"VISIUM TECHNOLOGIES, INC () 10-Q for Q1, 2023","401 E. LAS OLAS BOULEVARD,,FORT LAUDERDALE,FL,33301","https://alpha.auditchain.finance/analysis/QmZFvrabxkSM1TmQEfixw1eiZM2SCDvG1fzQnJ5AXzsS3A"
"Nuveen Global Cities REIT, Inc. () 10-Q for Q3, 2022","730 THIRD AVENUE,NEW YORK,NY,10017","https://alpha.auditchain.finance/analysis/QmRYvRwFfdt9a4VFLLbdiFCzfaS222Tekzo8na5JeAVwyW"
"OCCIDENTAL PETROLEUM CORPORATION (OXY) 10-Q for Q3, 2022","5 GREENWAY PLAZA,HOUSTON,TX,77046","https://alpha.auditchain.finance/analysis/QmSP8kVnvL8iCTfQCCeVkXvmNuVJNvHM4utB8nNkawoQLS"
"ASGN Inc (ASGN) 10-Q for Q3, 2022","4400 COX ROAD, SUITE 110,GLEN ALLEN,VA,23060","https://alpha.auditchain.finance/analysis/Qmds86p46c8zXL1t2FvwD5dD1fURaXt9s8GLtTUKNG3Bys"
"ONE GROUP HOSPITALITY, INC. (STKS) 10-Q for Q3, 2022","411 W. 14TH STREET,NEW YORK,NY,10014","https://alpha.auditchain.finance/analysis/Qmev6Vi5PLv4TGUiJ6yko92CQmEYQ2JEr2RNNjWKqeR8G2"
"OP BANCORP (OPBK) 10-Q for Q3, 2022","1000 WILSHIRE BLVD., SUITE 500,LOS ANGELES,CA,90017","https://alpha.auditchain.finance/analysis/QmW3CXthhPuv9TRYpLY6nBtyj5uZB2PV9stWSe58LonNS1"
"ORAGENICS, INC. (OGEN) 10-Q for Q3, 2022","4902 EISENHOWER BLVD,TAMPA,FL,33634","https://alpha.auditchain.finance/analysis/QmYrK1sxHxGG7ieu7GeSEc8dneHKkvWeRbwpjYtsNrejHz"
"Oshkosh Corporation (OSK) 10-Q for Q3, 2022","1917 FOUR WHEEL DRIVE,OSHKOSH,WI,54902","https://alpha.auditchain.finance/analysis/QmPvW87PUfaZF1BTs3k8xiQaiTCX83xC7j794nfkA78zye"
"ORMAT TECHNOLOGIES, INC. (ORA) 10-Q for Q3, 2022","6140 PLUMAS STREET,RENO,NV,89519-6075","https://alpha.auditchain.finance/analysis/QmT35q2qo96MfNwB3CVVPoLJZJ5TjAecoz9rqb5BMkCner"
"OUTFRONT Media Inc. (OUT) 10-Q for Q3, 2022","405 LEXINGTON AVENUE,NEW YORK,NY,10174","https://alpha.auditchain.finance/analysis/QmYSEDJY76Sq6SXy5Qp6oKGHdkmsUn88Ngq1E3J6dNoq8y"
"O-I GLASS, INC. (OI) 10-Q for Q3, 2022","ONE MICHAEL OWENS WAY,PERRYSBURG,OH,43551-2999","https://alpha.auditchain.finance/analysis/QmNRLzzZAG9A9hXjB2xun6FEWM9Li32u3Aot8BMRpA1CS6"
"Oak Valley Bancorp (OVLY) 10-Q for Q3, 2022","125 N. THIRD AVE.,OAKDALE,CA,95361","https://alpha.auditchain.finance/analysis/QmU82hFPcaNyuZZYj7pUqgj686ypKXK2s2iayBqo9dpsCi"
"SCULPTOR CAPITAL MANAGEMENT, INC. (SCU) 10-Q for Q3, 2022","9 WEST 57TH STREET FL 39,NEW YORK,NY,10019","https://alpha.auditchain.finance/analysis/QmXSomsE91oSZhQkRY7zLoVt4xdBd1Bcxkinrrvr4ayhwm"
"Old National Bancorp (ONB) 10-Q for Q3, 2022","ONE MAIN ST,EVANSVILLE,IN,47708","https://alpha.auditchain.finance/analysis/Qmab7xuPujyECBwRbPt4nLoEurk9Yyn7uJLPFeqoCuqaxD"
"OptimizeRx Corp (OPRX) 10-Q for Q3, 2022","400 WATER ST., STE. 200,ROCHESTER,MI,48307","https://alpha.auditchain.finance/analysis/QmSnS5jGHKu3AYgp4ys8DEYBZLbexBvHpBbWikTjY3HB5C"
"Organic Agricultural Co Ltd () 10-Q for Q2, 2023","ROOM 6504 BUILDING 3, KEJICHUANGXINCHENG,HARBIN, HEILONGJIANG PROVINCE,F4,150090","https://alpha.auditchain.finance/analysis/QmUrfZdhq9QdXM5PptcBCxKNQ57rKRziF4zNEidrHLaYjX"
"RVL Pharmaceuticals plc (RVLP) 10-Q for Q3, 2022","400 CROSSING BOULEVARD,BRIDGEWATER,NJ,08807","https://alpha.auditchain.finance/analysis/QmVbo7TVbDywXw4dEpRVRH37h5jj89vFZCfpE8priVNAQG"
"Otonomy, Inc. (OTIC) 10-Q for Q3, 2022","4796 EXECUTIVE DRIVE,SAN DIEGO,CA,92121","https://alpha.auditchain.finance/analysis/QmPrm8HHjXx8tHZKcY97cMEqaV315HwPr1WSXrmwECuRan"
"OTTER TAIL CORPORATION (OTTR) 10-Q for Q3, 2022","215 S CASCADE ST,FERGUS FALLS,MN,56538-0496","https://alpha.auditchain.finance/analysis/QmfC1iALGkPyA4ZCV7UiT6vnR6ZnhMQVVEuuptsRv5cXus"
"PACIFIC HEALTH CARE ORGANIZATION, INC. () 10-Q for Q3, 2022","1201 DOVE STREET,NEWPORT BEACH,CA,92260","https://alpha.auditchain.finance/analysis/QmPBgqHkqKc4MYyLwiKD68V2nTAFKPDQg8LPry2HC8sfW4"
"Priority Technology Holdings, Inc. (PRTH) 10-Q for Q3, 2022","2001 WESTSIDE PARKWAY,ALPHARETTA,GA,30004","https://alpha.auditchain.finance/analysis/QmbWhaokb2k1i7gmLdjXqoYgYhQw1hr1LSufjLB6mvAPwo"
"PARK NATIONAL CORPORATION (PRK) 10-Q for Q3, 2022","50 NORTH THIRD ST,NEWARK,OH,43055","https://alpha.auditchain.finance/analysis/QmQPtrfVEgb6vC8ak2uBPYC3RKn56Z69T8qFmWFN1K3Z9R"
"PARKER-HANNIFIN CORPORATION (PH) 10-Q for Q1, 2023","6035 PARKLAND BOULEVARD,CLEVELAND,OH,44124-4141","https://alpha.auditchain.finance/analysis/Qmcp39ABw3b5K6xMGxxeYP93upU7VQiuD4iBpeNLrTk2dt"
"MACERICH CO (MAC) 10-Q for Q3, 2022","401 WILSHIRE BLVD,SANTA MONICA,CA,90401","https://alpha.auditchain.finance/analysis/QmUarhtK6AsD5wGEJf3bs9PQMnGDXSXP5ApsETUgoXP2HF"
"MAGELLAN GOLD CORPORATION () 10-Q for Q3, 2022","602 CEDAR STREET,WALLACE,ID,83873","https://alpha.auditchain.finance/analysis/QmSKnL3jQvwxGhaJQVSWpWUDtXjnZYaN6YVijif2JFAhhz"
"Magellan Midstream Partners, L.P. (MMP) 10-Q for Q3, 2022","ONE WILLIAMS CENTER, MD 28-1,TULSA,OK,74172","https://alpha.auditchain.finance/analysis/Qma2tgXdkjrvVQ8MRUgx2aAXEAbvKE5Gt9Tk1st2M69njT"
"PDF SOLUTIONS, INC. (PDFS) 10-Q for Q3, 2022","2858 DE LA CRUZ BOULEVARD,SANTA CLARA,CA,95050","https://alpha.auditchain.finance/analysis/QmTtG1uQAK4pSATuayPfse381ATxsQNPpn1LcF9ZsDrLzp"
"PennyMac Financial Services, Inc. (PFSI) 10-Q for Q3, 2022","3043 TOWNSGATE ROAD,WESTLAKE VILLAGE,CA,91361","https://alpha.auditchain.finance/analysis/Qmf48xqDFiHcB4j4JmatrvsHMEX7aMrcDCvLPeGy2mQPJq"
"PLANET FITNESS, INC. (PLNT) 10-Q for Q3, 2022","4 LIBERTY LANE WEST,HAMPTON,NH,03842","https://alpha.auditchain.finance/analysis/Qmcsrgs4izheXxGV6CQvcbEWp7xjSJBaujcwGGuyF5GA1y"
"POWERDYNE INTERNATIONAL, INC. () 10-Q for Q3, 2022","45 MAIN STREET,NORTH READING,MA,01864","https://alpha.auditchain.finance/analysis/Qmahyc5JmhPutBBBkbNxQSG2FfuoMgubX7Xw9T8r8Df3sQ"
"MANHATTAN ASSOCIATES, INC. (MANH) 10-Q for Q3, 2022","2300 WINDY RIDGE PARKWAY TENTH FLOOR,ATLANTA,GA,30339","https://alpha.auditchain.finance/analysis/QmZXaQV4WTPKbuRphhpNEcaduTQXAH1BUD4bzPu3rDphTH"
"MARCUS CORP (MCS) 10-Q for Q3, 2022","100 EAST WISCONSIN AVENUE,MILWAUKEE,WI,53202-4125","https://alpha.auditchain.finance/analysis/QmYLuusW8zcrxnz97zDmD4XoAjZvBPZwkscqRXnKhBjZyM"
"MARRIOTT INTERNATIONAL INC /MD/ (MAR) 10-Q for Q3, 2022","7750 WISCONSIN AVENUE,BETHESDA,MD,20814","https://alpha.auditchain.finance/analysis/QmRgtb5r264AEWkWj1jSBXXYLPjwmTkE1fCEViwog6SwP6"
"Marsh & McLennan Companies, Inc. (MMC) 10-Q for Q3, 2022","1166 AVENUE OF THE AMERICAS,NEW YORK,NY,10036","https://alpha.auditchain.finance/analysis/QmNoc9nXBDnnTVuub7D5tg81XFsTJfknZWP9npZL4vMieT"
"Masco Corporation (MAS) 10-Q for Q3, 2022","17450 COLLEGE PARKWAY,LIVONIA,MI,48152","https://alpha.auditchain.finance/analysis/QmX5AHAvMvPB9pcCYfKkkrHNcwBUqZNCip9zbqCjFbdnwD"
"Masonite International Corporation (DOOR) 10-Q for Q3, 2022","1242 EAST 5TH AVENUE,TAMPA,FL,33605","https://alpha.auditchain.finance/analysis/QmZmFScquu6NiJBPH5Sam4RqX5Ug38YJfmKpWBi9FGq15J"
"M.D.C. HOLDINGS, INC. (MDC) 10-Q for Q3, 2022","4350 S MONACO STREET,DENVER,CO,80237","https://alpha.auditchain.finance/analysis/QmcSUXA34kndJT4gYNzmt5W9FG5xZPCWDfRUWNeeXVQVvW"
"Soluna Holdings, Inc. (SLNH) 10-Q for Q3, 2022","325 WASHINGTON AVENUE EXTENSION,ALBANY,NY,12205","https://alpha.auditchain.finance/analysis/QmfB5ddfNfDQMwiSAUxj1k8KwMoApjjiMdQhzTWWY4Yhpb"
"MercadoLibre, Inc. (MELI) 10-Q for Q3, 2022","DR. LUIS BONAVITA 1294 OF. 1733 TOWER II,MONTEVIDEO,X3,11300","https://alpha.auditchain.finance/analysis/QmYaCwMYwNbaFEgqRqfT8LUPWSvSYvKJ73wzTr82RpMkqE"
"AIXIN LIFE INTERNATIONAL, INC. (AIXN) 10-Q for Q3, 2022","HONGXING INTL BUSINESS BUILDING 2,,JINJIANG DISTRICT,CHENGDU CITY,F4,610021","https://alpha.auditchain.finance/analysis/QmPAKvQbLLYQFwgFCsz2d8GsjQDtVvF5qB9oHQdNsVWcPy"
"PREAXIA HEALTH CARE PAYMENT SYSTEMS INC. () 10-Q for Q1, 2023","#207, 1410 ? 11TH AVENUE SW,CALGARY,A0,T3C 0M8","https://alpha.auditchain.finance/analysis/QmUWFWRVkrXxZqabigH6YRcZTvMX1keajBr61xQxnECDPb"
"PRECISION OPTICS CORPORATION, INC. (PEYE) 10-Q for Q1, 2023","22 EAST BROADWAY,GARDNER,MA,01440","https://alpha.auditchain.finance/analysis/QmPRFkxuhGMEP341HvV4fnVScDLkiVCk4gUM4TU3J5RcBL"
"PROGRESS SOFTWARE CORP /MA (PRGS) 10-Q for Q3, 2022","15 WAYSIDE ROAD, SUITE 400,BURLINGTON,MA,01803","https://alpha.auditchain.finance/analysis/QmdXwiYonf3PAEGd8ddgLQQArUPBwDPMtmx8cQHdxqyifr"
"PROTAGONIST THERAPEUTICS, INC. (PTGX) 10-Q for Q3, 2022","7707 GATEWAY BLVD., SUITE 140,NEWARK,CA,94560-1160","https://alpha.auditchain.finance/analysis/QmXEUpwzCiRycq5LPg2uEgmaTrh4p4DEqqtgATuTTH1oYb"
"PROVIDENT FINANCIAL HOLDINGS, INC. (PROV) 10-Q for Q1, 2023","3756 CENTRAL AVE,RIVERSIDE,CA,92506","https://alpha.auditchain.finance/analysis/QmenW6TyEKYToieu5pd9Hmd24w85sEzumr74PBB44T5mjX"
"PUBLIC SERVICE CO OF COLORADO () 10-Q for Q3, 2022","1800 LARIMER STREET,DENVER,CO,80202","https://alpha.auditchain.finance/analysis/QmZnzCwnXTh9JDKZ9AZDY7oiyhy4HUKoTN5ifAKza6ZLRa"
"PACIFIC GREEN TECHNOLOGIES INC. (PGTK) 10-Q for Q2, 2023","8 THE GREEN,DOVER,DE,19901","https://alpha.auditchain.finance/analysis/QmeMWXTLWzg82S6Gqu6RoveYfj7npqxFZeUusvWYTsJD6G"
"PANHANDLE EASTERN PIPE LINE COMPANY, LP () 10-Q for Q3, 2022","8111 WESTCHESTER,DALLAS,TX,75225","https://alpha.auditchain.finance/analysis/QmXzPhSAm4SsU9WmF5bRbUr1UJDSkvHM8dr4Qi73PTEcnx"
"Transphorm, Inc. (TGAN) 10-Q for Q2, 2023","75 CASTILIAN DRIVE,GOLETA,CA,93117","https://alpha.auditchain.finance/analysis/QmY5Xt2LWYpDawkSV6XkdS7xEyVbvLQrgaGbVpPPSCiX9T"
"GOLDMAN SACHS PHYSICAL GOLD ETF (AAAU) 10-Q for Q3, 2022","240 GREENWICH STREET, 8TH FLOOR,NEW YORK,NY,10286","https://alpha.auditchain.finance/analysis/QmWk9p1anor7PY2yw8tEGAwUe6pvvQds8pWt54LYQ6yumJ"
"PIONEER NATURAL RESOURCES CO (PXD) 10-Q for Q3, 2022","777 HIDDEN RIDGE,IRVING,TX,75038","https://alpha.auditchain.finance/analysis/QmavJYByJBDFb3UxWgrRs9DpfNQyQzAsSq8JyXPBSLpfaf"
"PLYMOUTH INDUSTRIAL REIT, INC. (PLYM) 10-Q for Q3, 2022","20 CUSTOM HOUSE STREET - 11TH FLOOR,BOSTON,MA,02110","https://alpha.auditchain.finance/analysis/QmdXDkvQMUVVxnFvBrCrdWyE81y78RjGYNG449F9SSJofi"
"SILO PHARMA, INC. (SILO) 10-Q for Q3, 2022","560 SYLVAN AVE,ENGLEWOOD CLIFFS,NJ,07632","https://alpha.auditchain.finance/analysis/Qme5vsHQFczwNhc4S15ZpF7zmmQSdjXvLrtLkhMzgWQWHB"
"Prime Meridian Holding Co () 10-Q for Q3, 2022","1897 CAPITAL CIRCLE, NE,TALLAHASSEE,FL,32308","https://alpha.auditchain.finance/analysis/QmRda4zFLv9wSbadPN7qtvYP6AJAfmRuNzXtHUzGSiUKTb"
"CLEAN ENERGY TECHNOLOGIES, INC. (CETY) 10-Q for Q3, 2022","2990 REDHILL AVE,COSTA MESA,CA,92626","https://alpha.auditchain.finance/analysis/QmQce78GD7aadwxvWQsAhAmYuRsorivaSwNgst4akZfmyM"
"Prologis, Inc. (PLD) 10-Q for Q3, 2022","PIER 1 BAY 1,SAN FRANCISCO,CA,94111","https://alpha.auditchain.finance/analysis/QmWfGwUi9uR9YfqQTkFuP5DceRcAudhnRDT7B2ZEi3K1Tk"
"PROTOKINETIX, INCORPORATED () 10-Q for Q3, 2022","412 MULBERRY STREET,MARIETTA,OH,45750","https://alpha.auditchain.finance/analysis/QmeJXZ3obp9RimA9Fv9NHBpwCt9HQQgSPvCt49MkHU46BP"
"Q2 Holdings, Inc. (QTWO) 10-Q for Q3, 2022","10355 PECAN PARK BOULEVARD,Austin,TX,78729","https://alpha.auditchain.finance/analysis/QmbwDe3Fy66JoBUvAbUbg1JbSizdFGWPfpfaQaA1QKN2eC"
"QWEST CORPORATION (CTBB) 10-Q for Q3, 2022","P O BOX 4065,MONROE,LA,71203","https://alpha.auditchain.finance/analysis/QmfTeb23UAmcXaSnNaVmPmBPMN87pDqdCcRx3gHMEynfRa"
"RAYONIER ADVANCED MATERIALS INC. (RYAM) 10-Q for Q3, 2022","1301 RIVERPLACE BOULEVARD,JACKSONVILLE,FL,32207","https://alpha.auditchain.finance/analysis/QmXDokmF2w76q74vds4ncWy8J1MayQmFrtWdqSwf96rMAx"
"RELMADA THERAPEUTICS, INC. (RLMD) 10-Q for Q3, 2022","2222 PONCE DE LEON BLVD. 3RD FLOOR,CORAL GABLES,FL,33134","https://alpha.auditchain.finance/analysis/QmcvTU592nBWHrctTvM86bGKX55BjQbZrNJy5UYqgKwRJ3"
"REPUBLIC SERVICES, INC. (RSG) 10-Q for Q3, 2022","18500 N. ALLIED WAY,PHOENIX,AZ,85054","https://alpha.auditchain.finance/analysis/QmTWxc6eZh4DbdKDGP8Ayd7fQYJbneYsucTkmdmzdmJzw7"
"Revlon, Inc. (REVRQ) 10-Q for Q3, 2022","ONE NEW YORK PLAZA,NEW YORK,NY,10004","https://alpha.auditchain.finance/analysis/QmSRv7iybCZ5bmFuRVqMPrGWuDMwgpgMsQndSKh77Vd65c"
"STURM, RUGER & COMPANY, INC. (RGR) 10-Q for Q3, 2022","1 LACEY PLACE,SOUTHPORT,CT,06490","https://alpha.auditchain.finance/analysis/QmbGgFFHfGjTQ6H4QPJ12idm98z9hxZ7Kcbm75bDK7xHzZ"
"STRATTEC SECURITY CORP (STRT) 10-Q for Q1, 2023","3333 WEST GOOD HOPE ROAD,MILWAUKEE,WI,53209","https://alpha.auditchain.finance/analysis/QmTDXPuo9Fghn2zu1QNBDS7C64GeKSuKztcLBpVWrdLe2C"
"SUNPOWER CORP (SPWR) 10-Q for Q3, 2022","1414 HARBOUR WAY SOUTH, SUITE 1901,RICHMOND,CA,94804","https://alpha.auditchain.finance/analysis/QmdV34mHGk7vxa2mQGZagwZE8CU2buaMgHvegrQdsmgSVW"
"SVB FINANCIAL GROUP (SIVB) 10-Q for Q3, 2022","3003 TASMAN DR,SANTA CLARA,CA,95054","https://alpha.auditchain.finance/analysis/QmZaEcMWvDKXXJiSuztHx6YEq5ddSdab5JBdvUBYwVuhLw"
"Knight-Swift Transportation Holdings Inc. (KNX) 10-Q for Q3, 2022","2200 SOUTH 75TH AVENUE,PHOENIX,AZ,85043","https://alpha.auditchain.finance/analysis/QmWWiTTG53hMTLHXNjAj7NGwJGaqpwuFX9VAMG3K3NxKGD"
"SABRA HEALTH CARE REIT, INC. (SBRA) 10-Q for Q3, 2022","18500 VON KARMAN,IRVINE,CA,92612","https://alpha.auditchain.finance/analysis/QmPHarx3o3F9UFMzHqfkSr3tmpx7PxeRDCju345FRaqPbp"
"Safehold Inc. (SAFE) 10-Q for Q3, 2022","1114 AVENUE OF THE AMERICAS,NEW YORK,NY,10036","https://alpha.auditchain.finance/analysis/QmQg7cY1h6TXKcqzsTj32BXx6szjWazrYgvTtxUiizToUB"
"SENSATA TECHNOLOGIES HOLDING PLC (ST) 10-Q for Q3, 2022","INTERFACE HOUSE, INTERFACE BUSINESS PARK,SWINDON,X0,SN4 8SY","https://alpha.auditchain.finance/analysis/QmXsxnZCKncSUjdWerDXbZDfVZCTBNtH9aKhckGm9NKfRG"
"BREWBILT BREWING COMPANY () 10-Q for Q3, 2022","175 JOERSCHKE DR.,GRASS VALLEY,CA,94945-5259","https://alpha.auditchain.finance/analysis/QmYYFCRBEcRCGt1jtTUbEnLfQxv6awckQ3rmQn1TaTXUEA"
"Skyworks Solutions, Inc. (SWKS) 10-K for FY, 2022","5260 CALIFORNIA AVENUE,IRVINE,CA,92617","https://alpha.auditchain.finance/analysis/QmREwXyWHyrR4mBPUmyZ1cpLwtuxhnQkLpWuoZaB6eeSp8"
"SPINDLETOP OIL & GAS CO. (SPND) 10-Q for Q3, 2022","12850 SPURLING RD.,DALLAS,TX,75230-1279","https://alpha.auditchain.finance/analysis/QmZubYEpr3aCWwbD6HHmaZ3HHpDJRxSZKETXwih5QEFCuy"
"Spirit AeroSystems Holdings, Inc. (SPR) 10-Q for Q3, 2022","3801 SOUTH OLIVER,WICHITA,KS,67210","https://alpha.auditchain.finance/analysis/Qmb6mJ8f4B2fgu47FX3gVNvfcYWEibA49kt6ytxPrDfA4M"
"SUMMIT HOTEL PROPERTIES, INC. (INN) 10-Q for Q3, 2022","13215 BEE CAVE PARKWAY,AUSTIN,TX,78738","https://alpha.auditchain.finance/analysis/QmdENkc1eThBvxPyc7xojsxz5gDFW1C69WhSNpPHg79X5C"
"SUNOPTA INC. (STKL) 10-Q for Q3, 2022","7078 SHADY OAK ROAD,EDEN PRAIRIE,MN,55344","https://alpha.auditchain.finance/analysis/QmRvnm6FoM9ceHLXQta92RuFki8yBsuCHyhS2NDG853bnU"
"SUNSHINE BIOPHARMA, INC. (SBFM) 10-Q for Q3, 2022","6500 TRANS-CANADA HIGHWAY,POINTE-CLAIRE,A8,H9R 0A5","https://alpha.auditchain.finance/analysis/QmR7RwCLQo2kAEJ5qSmMXvawZJtsGS5Wu5xQeXm2sCqVxH"
"SYROS PHARMACEUTICALS, INC. (SYRS) 10-Q for Q3, 2022","35 CAMBRIDGE PARK DRIVE,CAMBRIDGE,MA,02140","https://alpha.auditchain.finance/analysis/Qmac3Cwgb7fcRSQ2DjdRfgqPe8PG9rQRDRALKSCzkmKKLZ"
"Tactile Systems Technology, Inc. (TCMD) 10-Q for Q3, 2022","1331 TYLER STREET NE STE 200,MINNEAPOLIS,MN,55413","https://alpha.auditchain.finance/analysis/QmetC1bpS68UtnLSncw6re7thBvmPCN9CSjQwE4bkqyqfw"
"TEAM, INC. (TISI) 10-Q for Q3, 2022","13131 DAIRY ASHFORD,SUGAR LAND,TX,77478","https://alpha.auditchain.finance/analysis/Qma6XRmYV7vfzyUBSKYKSqkYNGiT2NKwWFmkxkf1sRnH2j"
"Axon Enterprise, Inc. (AXON) 10-Q for Q3, 2022","17800 N. 85TH ST.,SCOTTSDALE,AZ,85255","https://alpha.auditchain.finance/analysis/QmUp8PJTtk7hZVt1FNyDqMmj2icujwyMWrtKqQJYnn4yTK"
"TEGNA INC. (TGNA) 10-Q for Q3, 2022","8350 BROAD STREET,TYSONS,VA,22102-5151","https://alpha.auditchain.finance/analysis/QmSR1wC3xQx5CYwJzPTadEfyCTwCJDTd7sXsG9JZa6bGhJ"
"TENAX THERAPEUTICS, INC. (TENX) 10-Q for Q3, 2022","ONE COPLEY PARKWAY,MORRISVILLE,NC,27560","https://alpha.auditchain.finance/analysis/QmQGPiRTfzthvuSgVTBxihr7SwEPGvT2gH1goE7Y9N1AvZ"
"TENNECO INC (TEN) 10-Q for Q3, 2022","7450 N. MCCORMICK BLVD.,SKOKIE,IL,60076","https://alpha.auditchain.finance/analysis/QmR8ser866ZzGapz5NTcu84FN4jzefz7vY6nRpPeKcgdzX"
"TEO Foods Inc. () 10-Q for Q3, 2022","BLVD INSURGENTES 19801,TIJUANA,O5,22216","https://alpha.auditchain.finance/analysis/QmTGCnhvLsF69345hHd6aCan82am6RAv9fVASCp39P2yju"
"TETRA TECH, INC. (TTEK) 10-K for FY, 2022","3475 EAST FOOTHILL BOULEVARD,PASADENA,CA,91107","https://alpha.auditchain.finance/analysis/QmS3Gz1DFqWNXqLQ85SjgkmqHYJetBEPVu1RUeAfWiN94Z"
"TEVA PHARMACEUTICAL INDUSTRIES LIMITED (TEVA) 10-Q for Q3, 2022","5 BAZEL ST,PETACH TIKVA,L3,49131","https://alpha.auditchain.finance/analysis/QmZrdjJc8pgPiTbFQnWbBYKQzPLQPzkmomWzUwPrk6nTuQ"
"THEGLOBE.COM, INC. (tglo) 10-Q for Q3, 2022","110 EAST BROWARD BOULEVARD,FORT LAUDERDALE,FL,33301","https://alpha.auditchain.finance/analysis/QmbGgtBGrfVSVL81SxkztuifuKZCKCKZTDk2gvWsY3Fcqe"
"The TJX Companies, Inc. (TJX) 10-Q for Q3, 2023","770 COCHITUATE RD,FRAMINGHAM,MA,01701","https://alpha.auditchain.finance/analysis/QmQ3Lzjm4R3LpXwBAvFDjHbxUYzNN2KuYtmuWCn19mNeoD"
"Tofutti Brands Inc. (TOFB) 10-Q for Q3, 2022","50 JACKSON DR,CRANFORD,NJ,07016","https://alpha.auditchain.finance/analysis/QmdWQoMASQzvqkqmk4hnjoLa7hpeZnRrpjEXqfYx9f3YVA"
"TravelCenters of America Inc. /MD/ (TA) 10-Q for Q3, 2022","24601 CENTER RIDGE ROAD,WESTLAKE,OH,44145","https://alpha.auditchain.finance/analysis/QmSXJUy4cfR7PQnC5wS3T7Zj47TR2BuvcKNt4AjPmfE5eU"
"TransDigm Group Incorporated (TDG) 10-K for FY, 2022","1301 EAST 9TH STREET,CLEVELAND,OH,44114","https://alpha.auditchain.finance/analysis/QmW5YnNvBAnnLLNWuA1mkBcxo8xVE798hms7yJ5iquodPY"
"Trevena, Inc. (TRVN) 10-Q for Q3, 2022","955 CHESTERBROOK BOULEVARD,CHESTERBROOK,PA,19087","https://alpha.auditchain.finance/analysis/QmaSdE9vGQG7gCwuL5KxeA5AY8712PvotLYEckt6Qivhgd"
"TriCo Bancshares (TCBK) 10-Q for Q3, 2022","TRICO BANCSHARES,CHICO,CA,95973","https://alpha.auditchain.finance/analysis/QmNebuDZzek5Qfjm7PfzVNpKriRTrQnTTEGtb7Rb5Qdtuh"
"TRINITY INDUSTRIES INC (TRN) 10-Q for Q3, 2022","14221 N DALLAS PARKWAY,DALLAS,TX,75254","https://alpha.auditchain.finance/analysis/QmS5tVcPtZH8DAPXWEyy7FUJ1ktcywiamJP53t7BnxzGjQ"
"TRIUMPH GROUP, INC. (TGI) 10-Q for Q2, 2023","899 CASSATT ROAD,BERWYN,PA,19312","https://alpha.auditchain.finance/analysis/QmUFxBdi4TWF9XeEfCqUumB4Q4ZBKGddGxNZsswpDWoq6Q"
"TSS, INC. () 10-Q for Q3, 2022","110 E. OLD SETTLERS ROAD,ROUND ROCK,TX,78664","https://alpha.auditchain.finance/analysis/QmaJ7QSJYmavjY3wbrGD1Bi679cQFeq49JpVyyW71EDMyV"
"TUCOWS INC /PA/ (TCX) 10-Q for Q3, 2022","96 MOWAT AVENUE,TORONTO,A6,M6K 3M1","https://alpha.auditchain.finance/analysis/QmY5oYdicEdrdQyKpe9z5Yky7nuaLrybaYhR6TYyBa4EJ3"
"TYSON FOODS, INC. (TSN) 10-K for FY, 2022","2200 DON TYSON PARKWAY,SPRINGDALE,AR,72762-6999","https://alpha.auditchain.finance/analysis/QmTpCDu7JVq4DErmc4zSGhZD6AxpyupxdF1Jechc2Amo3z"
"TAKUNG ART CO., LTD (TKAT) 10-Q for Q3, 2022","OFFICE Q 11TH FLOOR, KINGS WING PLAZA 2,HONG KONG,K3,999077","https://alpha.auditchain.finance/analysis/QmR2UqFVbTxho3LMPPvUFWJoY1VzvwKCR5S8NdMeWM45fb"
"TELADOC HEALTH, INC. (TDOC) 10-Q for Q3, 2022","2 MANHATTANVILLE ROAD,PURCHASE,NY,10577","https://alpha.auditchain.finance/analysis/QmZ4Ka5F6hkkC4SqhZakW9kfHLAhmuGTQ188AKWZ7BYKjG"
"THERAVANCE BIOPHARMA, INC. (TBPH) 10-Q for Q3, 2022","UGLAND HOUSE, SOUTH CHURCH STREET,GEORGE TOWN, GRAND CAYMAN,E9,KY1-1104","https://alpha.auditchain.finance/analysis/Qmdg3cGiiATTgrcvd9VDevjhZrUETNGeeg9bX1VLPJLkud"
"THUNDER MOUNTAIN GOLD INC (THMG) 10-Q for Q3, 2022","11770 W. PRESIDENT DR. STE F,BOISE,ID,83713","https://alpha.auditchain.finance/analysis/QmQCHexCPJppNHHXQoUCWBDiYpZNN6dErveWLia3VUMwoY"
"TRACON Pharmaceuticals, Inc. (TCON) 10-Q for Q3, 2022","4350 LA JOLLA VILLAGE DRIVE,San Diego,CA,92122","https://alpha.auditchain.finance/analysis/QmfQr1rWvvMuKqaMVqLXcku444Kv22HF4s3NX8gLrWqhA6"
"TRI-STATE GENERATION AND TRANSMISSION ASSOCIATION, INC. () 10-Q for Q3, 2022","1100 WEST 116TH AVENUE,WESTMINSTER,CO,80234","https://alpha.auditchain.finance/analysis/QmVBPCZwVK83d7YQrE42pVCusKv2bitfSgBacMQRZbuiBE"
"Charlie's Holdings, Inc. () 10-Q for Q3, 2022","1007 BRIOSO DR.,COSTA MESA,CA,92627","https://alpha.auditchain.finance/analysis/QmRgYzqo42kGZRLz9HVTG3QDCFjLGbr78JaFyGqL9rPAEp"
"RECRUITER.COM GROUP, INC. (RCRT) 10-Q for Q3, 2022","500 SEVENTH AVENUE,NEW YORK,NY,10018","https://alpha.auditchain.finance/analysis/QmasSomxjn8cgnFNTygYWf6htzEXWCMXdUbF6i8H6GskFX"
"TURNING POINT BRANDS, INC. (TPB) 10-Q for Q3, 2022","5201 INTERCHANGE WAY,LOUISVILLE,KY,40229","https://alpha.auditchain.finance/analysis/Qme81iZ786k4drS3wMjb8yFV2WjV97bNUr59VWBQVRA3YX"
"U.S. NeuroSurgical Holdings, Inc. () 10-Q for Q3, 2022","2400 RESEARCH BLVD,ROCKVILLE,MD,20850","https://alpha.auditchain.finance/analysis/QmZdTFUdFPTeK17PhGysA8Dqv4rh71afTxE3B1Nput7STh"
"UFP TECHNOLOGIES INC (UFPT) 10-Q for Q3, 2022","100 HALE STREET,NEWBURYPORT,MA,01950","https://alpha.auditchain.finance/analysis/QmRuqmvNxVb5WqKB31AyzH81uj16PJHHnMLB47uskFaRtz"
"UMH PROPERTIES, INC. (UMH) 10-Q for Q3, 2022","3499 ROUTE 9 N, SUITE 3-C,FREEHOLD,NJ,07728","https://alpha.auditchain.finance/analysis/Qmaj2rbmwN73uBsfZKK5KcWdtjDgy43HoDmEh3XkoiKjCx"
"UNIFI, INC. (UFI) 10-Q for Q1, 2022","7201 WEST FRIENDLY RD,GREENSBORO,NC,27419-9109","https://alpha.auditchain.finance/analysis/QmbfxqGxScn3nR1xTeAvYZyYHSv6uC7rGbex2LjpdtT4MH"
"Union Carbide Corporation () 10-Q for Q3, 2022","1254 ENCLAVE PARKWAY,HOUSTON,TX,77077","https://alpha.auditchain.finance/analysis/QmcVRC8hv8EpvVpyWXiSLes4EKcXPjy5Tw4mfSppimyrA1"
"UNITED BANCORP, INC (UBCP) 10-Q for Q3, 2022","201 SOUTH FOURTH STREET,MARTINS FERRY,OH,43935","https://alpha.auditchain.finance/analysis/QmesqEQQPpJRuwz5DzU9D4VxL79DhAbMkEdmzm1jmvQWgm"
"UNITED STATES ANTIMONY CORPORATION (UAMY) 10-Q for Q3, 2022","P O BOX 643,THOMPSON FALLS,MT,59873","https://alpha.auditchain.finance/analysis/QmNekZN9TrWHyjSubiFPyAzx38pVDEaNTi6iYePunAzWuT"
"United States Steel Corp (X) 10-Q for Q3, 2022","600 GRANT ST,PITTSBURGH,PA,15219-2800","https://alpha.auditchain.finance/analysis/QmboxznjeN9667vYoMu23UkdWEYutD5NfLQvLPL8xjuB5P"
"UNIVERSAL SECURITY INSTRUMENTS INC (UUU) 10-Q for Q2, 2023","11407 CRONHILL DRIVE, SUITES A-D,OWINGS MILLS,MD,21117-3586","https://alpha.auditchain.finance/analysis/QmU3AG7f2Qqu58u7bAYK8yR5GJQkUKdNc3uDz318BM2etc"
"UNIVERSAL SECURITY INSTRUMENTS INC (UUU) 10-Q for Q2, 2023","11407 CRONHILL DRIVE, SUITES A-D,OWINGS MILLS,MD,21117-3586","https://alpha.auditchain.finance/analysis/QmbMWVXS7qQyfvT7Ff3rewjJuq4snR64MnsmtDwsgsxdP2"
"USANA HEALTH SCIENCES, INC. (USNA) 10-Q for Q3, 2022","3838 WEST PARKWAY BLVD.,SALT LAKE CITY,UT,84120-6336","https://alpha.auditchain.finance/analysis/QmUszdgyXjwGpo7GhakSkfDwoZM5Wij3qRYjGsXvs4uC3G"
"UTAH MEDICAL PRODUCTS INC (UTMD) 10-Q for Q3, 2022","7043 S 300 WEST,MIDVALE,UT,84047","https://alpha.auditchain.finance/analysis/QmaofTmxUn4kx8zEht5WscBYQmgaLq4aVdZD4vFuyxbNiU"
"Valmont Industries, Inc. (VMI) 10-Q for Q3, 2022","15000 VALMONT PLAZA,OMAHA,NE,68154","https://alpha.auditchain.finance/analysis/QmP3xgHVATYbQCyt6C5z4JnekhJrxfYAwxd6oZ8pi8orFj"
"VASO CORPORATION () 10-Q for Q3, 2022","137 COMMERCIAL STREET, STE. 200,PLAINVIEW,NY,11803","https://alpha.auditchain.finance/analysis/QmRWH6HWaB4n8UyTJgJPxEMqaaEEp22bgwCpmDeXCrKEJa"
"Viavi Solutions Inc. (VIAV) 10-Q for Q1, 2023","1445 SOUTH SPECTRUM BLVD.,CHANDLER,AZ,85286","https://alpha.auditchain.finance/analysis/QmdxaeJGvnNzJ1jh7uur6QG96kJ8FFSaTiQKrCXSSd5NWY"
"VISTEON CORP (VC) 10-Q for Q3, 2022","ONE VILLAGE CENTER DRIVE,VAN BUREN TOWNSHIP,MI,48111","https://alpha.auditchain.finance/analysis/QmYdJKa356YbEjFsS83ikYc5yT6DP4E5AYevAcDarNxwqu"
"REDWOOD MORTGAGE INVESTORS VIII, L.P. () 10-Q for Q3, 2022","177 BOVET ROAD,SAN MATEO,CA,94402","https://alpha.auditchain.finance/analysis/QmX7TkNfLz3MnCn3QJLYqEwjZBQgqtZFYZhWd46QdKmuhA"
"REGENCY CENTERS CORPORATION (REG) 10-Q for Q3, 2022","ONE INDEPENDENT DRIVE,JACKSONVILLE,FL,32202","https://alpha.auditchain.finance/analysis/QmbysLi7RM3zEaotstmuh9tt25GwwnMLZESq3vbtb8kUJf"
"REGAL REXNORD CORP (RRX) 10-Q for Q3, 2022","200 STATE ST,BELOIT,WI,53511","https://alpha.auditchain.finance/analysis/QmNeRSJjutiZZsABmf2mgFXVcMNgwSPzYMpFwiLSUZsu8G"
"REGO PAYMENT ARCHITECTURES, INC. () 10-Q for Q3, 2022","325 SENTRY PARKWAY,BLUE BELL,PA,19422","https://alpha.auditchain.finance/analysis/QmUGcdgo3GXNTp5HxYatEVXtK2wkjX6xw7re3PSDEqkCX3"
"RELIANCE STEEL & ALUMINUM CO (RS) 10-Q for Q3, 2022","16100 N. 71ST STREET, SUITE 400,SCOTTSDALE,AZ,85254","https://alpha.auditchain.finance/analysis/QmZGG6XDBCBsC24xc4hCgHSJJTUDWr7mWQxjeSEa32Yg42"
"CalEthos, Inc. () 10-Q for Q3, 2022","THREE SUGAR CREEK CENTER,SUGAR LAND,TX,77478","https://alpha.auditchain.finance/analysis/QmUEKKBLBGcMU1rbsD8XpP7TjSdJ8eSF6gTm89tVwHGQov"
"REDWOOD MORTGAGE INVESTORS IX () 10-Q for Q3, 2022","177 BOVET ROAD,SAN MATEO,CA,94402","https://alpha.auditchain.finance/analysis/QmVN6r54Ks1yBHXEFN6nkqhbegV5GV9cdLuK8okg3XKNpi"
"Remark Holdings, Inc. (MARK) 10-Q for Q3, 2022","800 S COMMERCE ST,LAS VEGAS,NV,89106","https://alpha.auditchain.finance/analysis/QmWVp3PTtAVxK15vXDGi3C5uurJMsVPYrnM3icb9dKJyQn"
"RENNOVA HEALTH, INC. () 10-Q for Q3, 2022","400 S. AUSTRALIAN AVENUE, SUITE 800,WEST PALM BEACH,FL,33401","https://alpha.auditchain.finance/analysis/QmQsiowjLzkHmmGQmuArTG6p967iKWrPugvJGDSuts679X"
"VOLITIONRX LIMITED (VNRX) 10-Q for Q3, 2022","1489 WEST WARM SPRINGS ROAD,HENDERSON,NV,89014","https://alpha.auditchain.finance/analysis/QmbSwZC7qxE47MN5BY7D69Auuc5hp5bSHC4G3cAFdfQ6Fm"
"VOXX International Corporation (VOXX) 10-Q for Q2, 2023","180 MARCUS BLVD,HAUPPAUGE,NY,11788","https://alpha.auditchain.finance/analysis/Qmc6HPZf4Up8tqg446ZzDe8euDn2nmiLXDycjLPmSzaXqR"
"RETAIL OPPORTUNITY INVESTMENTS CORP (ROIC) 10-Q for Q3, 2022","11250 EL CAMINO REAL,SAN DIEGO,CA,92130","https://alpha.auditchain.finance/analysis/QmX3S9zhHhw38ZUf5sAxXUBBvcCBiiPwYaiY1GXz7H2deo"
"Valley National Bancorp (VLY) 10-Q for Q3, 2022","ONE PENN PLAZA,NEW YORK,NY,10119","https://alpha.auditchain.finance/analysis/QmbBtCLRSxbHPTYbbgoAnLC5XNVwPkQjNiNL7AQ2T2RCUx"
"Revlon, Inc. (REVRQ) 10-Q for Q3, 2022","ONE NEW YORK PLAZA,NEW YORK,NY,10004","https://alpha.auditchain.finance/analysis/QmbLEHtzvewKEskadTkzEF46gPMv8LVeMYMuGWaHc6Y6qM"
"Ocuphire Pharma, Inc. (OCUP) 10-Q for Q3, 2022","37000 GRAND RIVER AVE.,FARMINGTON HILLS,MI,48335","https://alpha.auditchain.finance/analysis/QmTpHKJ2WiM4fsLEf8Fjs5yj5oG6Wp69XqnEHokRjhFiJA"
"RIGEL PHARMACEUTICALS INC (RIGL) 10-Q for Q3, 2022","1180 VETERANS BOULEVARD,SOUTH SAN FRANCISCO,CA,94080","https://alpha.auditchain.finance/analysis/QmTcipte9FY1W7owp9pmuam2MZAKg8hxbu1JnhuN5dwwmQ"
"VERTEX ENERGY, INC. (VTNR) 10-Q for Q3, 2022","1331 GEMINI STREET,HOUSTON,TX,77058","https://alpha.auditchain.finance/analysis/QmRHqqT8CgsofYfJX89E2SoXB5zB3MrhaDpBQhTG8deh4b"
"REGEN BIOPHARMA, INC. () 10-K for FY, 2022","4700 SPRING ST #304,LA MESA,CA,91942","https://alpha.auditchain.finance/analysis/QmYxEqBGYEZqDSbN2JNXaArVw1c1iztu61zUMb1SdiGFZc"
"RLI Corp (RLI) 10-Q for Q3, 2022","9025 N. LINDBERGH DRIVE,PEORIA,IL,61615","https://alpha.auditchain.finance/analysis/QmVgLE3kejjQv7GieWC5ybUo9yEk5UWDQknbCK2HPqhemz"
"ZURN ELKAY WATER SOLUTIONS CORPORATION (ZWS) 10-Q for Q3, 2022","511 WEST FRESHWATER WAY,MILWAUKEE,WI,53204","https://alpha.auditchain.finance/analysis/QmdsrYAyDB94Yx6rjBLiYf3TyofFcKpDvibwA5NM8Q4kLo"
"RiceBran Technologies (RIBT) 10-Q for Q3, 2022","25420 KUYKENDAHL ROAD, SUITE B300,TOMBALL,TX,77375","https://alpha.auditchain.finance/analysis/QmUZBcWyiREtqN7vrJBQ9qhzTVkmndxVkumb5WKTTX8dfT"
"Ritchie Bros. Auctioneers Incorporated (RBA) 10-Q for Q3, 2022","9500 GLENLYON PARKWAY,BURNABY,A1,V5J 0C6","https://alpha.auditchain.finance/analysis/QmdwPg4Teo3o5CmYap8nBhZ7bZkRhprpqRccVfNYQfkjfH"
"ROLLINS, INC. (ROL) 10-Q for Q3, 2022","2170 PIEDMONT RD NE,ATLANTA,GA,30324","https://alpha.auditchain.finance/analysis/Qmb82LGkXBf1Kohk1pj8w23WtGT8k5HQA15Q9MqAUPBPHh"
"ROGERS CORP (ROG) 10-Q for Q3, 2022","2225 W CHANDLER BLVD,CHANDLER,AZ,85224","https://alpha.auditchain.finance/analysis/QmVT6JCsL4M48XXv4MfBrrK2dQ4Lo7AH1cEdjypXKV7gLq"
"W. P. Carey Inc. (WPC) 10-Q for Q3, 2022","ONE MANHATTAN WEST, 395 9TH AVENUE,NEW YORK,NY,10001","https://alpha.auditchain.finance/analysis/QmVfdxtRRELncuXDt74z1vVbHNbMCbV1zj218wsai8BwPt"
"METAVESCO, INC. () 10-Q for Q1, 2023","300 EAST MAIN STREET,NORFOLK,VA,23510","https://alpha.auditchain.finance/analysis/QmYL7AFwGCUb7h8zCbpnPfGRqX78EseqfqT3wkmTjREf8Y"
"WATTS WATER TECHNOLOGIES INC (WTS) 10-Q for Q3, 2022","815 CHESTNUT ST,NORTH ANDOVER,MA,01845","https://alpha.auditchain.finance/analysis/QmWqKtbnTtYBRstG3eZZ9uzrp6YmTtuoT2z2PveXqfLeyu"
"IDEANOMICS, INC. (IDEX) 10-Q for Q3, 2022","1441 BROADWAY,NEW YORK,NY,10018","https://alpha.auditchain.finance/analysis/QmU5bBT9CAYsG4qSxWXNcf6BDqmnNu4p9hvrnx2gxw9Lun"
"THE HEALING COMPANY INC. () 10-Q for Q1, 2023","11TH FLOOR, TEN GRAND STREET,,BROOKLYN,NY,11249","https://alpha.auditchain.finance/analysis/QmdGNtjApFTkuxQMtqdkp3nwkiStbu2VqPNT2dKy1nxikZ"
"Laredo Petroleum, Inc. (LPI) 10-Q for Q3, 2022","15 W. SIXTH STREET,TULSA,OK,74119","https://alpha.auditchain.finance/analysis/QmQPAHAEkS3KPDTBpnKHwEVpc1KqiWMMpN6Bw6wSvx3xzm"
"LEGGETT & PLATT, INC (LEG) 10-Q for Q3, 2022","NO. 1 LEGGETT ROAD,CARTHAGE,MO,64836","https://alpha.auditchain.finance/analysis/Qma6WJseCHDdtqPCrQukQAmCZU1UUt9vXbcuXQnUv6z5Rk"
"BUNKER HILL MINING CORP. () 10-Q for Q3, 2022","82 RICHMOND STREET EAST,ONTARIO,A6,M5C 1P1","https://alpha.auditchain.finance/analysis/QmWc8xUKxcvNXv6ASR45JqVW3kG5BPLPVW5PM1S7nKuXsG"
"LIFETIME BRANDS, INC. (LCUT) 10-Q for Q3, 2022","1000 STEWART AVENUE,GARDEN CITY,NY,11530","https://alpha.auditchain.finance/analysis/Qmd1Hux5XcoWNhyoQ5zbrzvK5LpTpAgyBDsa5eza3mLmLk"
"LIGHTBRIDGE CORPORATION (LTBR) 10-Q for Q3, 2022","11710 PLAZA AMERICA DRIVE,RESTON,VA,20190","https://alpha.auditchain.finance/analysis/QmY4ntuMwZ1MtRFePGVz67MLNzQNNpGLTSM2L3aivkwm4f"
"WHIRLPOOL CORP /DE/ (WHR) 10-Q for Q3, 2022","WHIRLPOOL CNTR 2000 M 63,BENTON HARBOR,MI,49022-2692","https://alpha.auditchain.finance/analysis/QmeoCikTdrtenjafFcmZSogvtYbLVjzF5Bv1VWLM4DvVXE"
"SANARA MEDTECH INC. (SMTI) 10-Q for Q3, 2022","1200 SUMMIT AVE,FORT WORTH,TX,76102","https://alpha.auditchain.finance/analysis/QmZyTuoEjMSR7xxb1UMJeV4FM1jWgEJNf9jM2DemmLQTY7"
"WALGREENS BOOTS ALLIANCE, INC. (WBA) 10-K for FY, 2022","108 WILMOT ROAD,DEERFIELD,IL,60015","https://alpha.auditchain.finance/analysis/QmahFTa8WPT9L4dfQBcdZhAAstcbx7veR5ymArDEEQpdLc"
"Climb Global Solutions, Inc. (CLMB) 10-Q for Q3, 2022","4 INDUSTRIAL WAY WEST,EATONTOWN,NJ,07724","https://alpha.auditchain.finance/analysis/QmQ4oGv4Wve97oY4A4jeyTcij3jAKXF7iu4ZQit2hyu3pS"
"Yellow Corporation (YELL) 10-Q for Q3, 2022","10990 ROE AVENUE,OVERLAND PARK,KS,66211","https://alpha.auditchain.finance/analysis/QmP2LUMujK99BjkGr8UgXEuV1jyX3kLWEtvibHmxacqXer"
"Yum China Holdings, Inc. (YUMC) 10-Q for Q3, 2022","7100 CORPORATE DRIVE,PLANO,TX,75024","https://alpha.auditchain.finance/analysis/Qme5TXjq2ymvvebVpNkAPEN6NA84enfBisiqjG4joaurtw"
"Zivo Bioscience, Inc. (ZIVO) 10-Q for Q3, 2022","21 E. LONG LAKE ROAD,BLOOMFIELD HILLS,MI,48304","https://alpha.auditchain.finance/analysis/QmRyxqjBTUojz4ovWMP6vL7dpW1Lha5cM1RToszqvuUoPS"
"ATYR PHARMA, INC. (LIFE) 10-Q for Q3, 2022","3545 JOHN HOPKINS COURT, STE #250,SAN DIEGO,CA,92121","https://alpha.auditchain.finance/analysis/QmWHzfYrKDZ852Uoo51GRbZwTKiJRQp1Ztf8vfrgXiFJQr"
"Frontdoor, Inc. (FTDR) 10-Q for Q3, 2022","150 PEABODY PLACE,MEMPHIS,TN,38103","https://alpha.auditchain.finance/analysis/Qmf1QJ9mQx7Ashmj1mDtRMRgac9YCviX54RgUhVNEbedgL"
"IHEARTMEDIA, INC. (IHRT) 10-Q for Q3, 2022","20880 STONE OAK PARKWAY,SAN ANTONIO,TX,78258","https://alpha.auditchain.finance/analysis/QmTKuvQAAxRwMVLgUGK8hzyfRMQjyxy478QfD3A8yPWzDg"
"Anterix Inc. (ATEX) 10-Q for Q2, 2023","3 GARRET MOUNTAIN PLAZA,WOODLAND PARK,NJ,07424","https://alpha.auditchain.finance/analysis/QmQDp5nMSRDXhrptcH6FAJSR6ipNsPk3HY2dc47CV8mtRp"
"JAGUAR HEALTH, INC. (JAGX) 10-Q for Q3, 2022","200 PINE STREET SUITE 400,SAN FRANCISCO,CA,94104","https://alpha.auditchain.finance/analysis/QmZ67WcVTCCkAj2KuMDNhtmQYLko4HMoj5UxVucFCXV84t"
"CHINA KING SPIRIT GROUP LTD. () 10-Q for Q1, 2023","1900 AVENUE OF THE STARS,LOS ANGELES,CA,90067","https://alpha.auditchain.finance/analysis/QmcVVMMAy1r1SBpS9xhv6o4trLsLdbEyhGmxtM4LY4K3pi"
"Joway Health Industries Group Inc. () 10-Q for Q3, 2022","NO 19 BAOWANG ROAD,TIANJIN, PRC,F4,300180","https://alpha.auditchain.finance/analysis/QmRMp4gqFKP1J5j9KE7Xv5JnQUKkD4Y72UjLugqiFSp9V6"
"Stride, Inc. (LRN) 10-Q for Q1, 2022","11720 PLAZA AMERICA DRIVE,RESTON,VA,20190","https://alpha.auditchain.finance/analysis/Qmek4m1to4LtyfzcFkbSeH8313Vw5aARAFDn76RthqK2tC"
"KAMAN CORPORATION (KAMN) 10-Q for Q3, 2022","1332 BLUE HILLS AVE,BLOOMFIELD,CT,06002","https://alpha.auditchain.finance/analysis/QmZGZZPREG8MREg8AHiEL8xt62oh18huvchHn63RHCZbRk"
"LIQTECH INTERNATIONAL INC (LIQT) 10-Q for Q3, 2022","INDUSTRIPARKEN 22C,BALLERUP,G7,DK-2750","https://alpha.auditchain.finance/analysis/QmXFsVSMceWiv8xQBN325edDJZADbJeXsJNU8vA24skQDe"
"KAR Auction Services, Inc. (KAR) 10-Q for Q3, 2022","11299 N. ILLINOIS STREET,CARMEL,IN,46032","https://alpha.auditchain.finance/analysis/QmPFEQWyf1p9PvuSFT9rv33AncrjqfDWYKEDYiRVN36gPU"
"KADANT INC (KAI) 10-Q for Q3, 2022","ONE TECHNOLOGY PARK DRIVE,WESTFORD,MA,01886","https://alpha.auditchain.finance/analysis/Qmf9wN2Fnzkhx7YTuNuu2tRb3QJtpMEVh96JyNTNqNkPhw"
"PACIFIC OAK STRATEGIC OPPORTUNITY REIT, INC. () 10-Q for Q3, 2022","11766 WILSHIRE BLVD.,LOS ANGELES,CA,90025","https://alpha.auditchain.finance/analysis/QmWxxarrVzPQiF2tQUm6mvXo9QoRoEtUDkkWU5GjHRjcpK"
"Kforce Inc (KFRC) 10-Q for Q3, 2022","1150 ASSEMBLY DRIVE,TAMPA,FL,33607","https://alpha.auditchain.finance/analysis/QmW7gwGXr54AvanmRDwmnMmZjSaT4hvwm831Nhk7Rg3Brr"
"KIMBERLY-CLARK CORPORATION (KMB) 10-Q for Q3, 2022","351 PHELPS DRIVE,IRVING,TX,75038","https://alpha.auditchain.finance/analysis/QmVk1gaoaMTjuGyp5QZqdmEzemv56nQYPjjFfyFMtgMavs"
"KKR & CO. INC. (KKR) 10-Q for Q3, 2022","30 HUDSON YARDS,NEW YORK,NY,10001","https://alpha.auditchain.finance/analysis/QmWviGoSKBFCRGR9rijWbYVb37ycPgwsZFFFRNwrKoszdw"
"KINGSWAY FINANCIAL SERVICES INC () 10-Q for Q3, 2022","10 S. RIVERSIDE PLAZA,CHICAGO,IL,60606","https://alpha.auditchain.finance/analysis/QmT5Q35rTg3nrRUx1KyX4VC48ptRxjxJXkr4USWTCT2mkv"
"DarkPulse, Inc. () 10-Q for Q3, 2022","815 WALKER STREET,HOUSTON,TX,77002","https://alpha.auditchain.finance/analysis/QmVsAXaW2gogREWFr5SNjrP4Y2qZMwkkjHpBasCxMPreip"
"KEARNY FINANCIAL CORP. (KRNY) 10-Q for Q1, 2023","120 PASSAIC AVENUE,FAIRFIELD,NJ,07004","https://alpha.auditchain.finance/analysis/QmeWvUqQFKfc2KJmUnQZMLr2MR4aVDB4vdR3YLZqiyjKGd"
"Kennedy-Wilson Holdings, Inc. (KW) 10-Q for Q3, 2022","151 S EL CAMINO DR,BEVERLY HILLS,CA,90212","https://alpha.auditchain.finance/analysis/QmbHYyWpAESTRjQcNuRucBmLt5iEiPsgQ79YWA2Uw1tAdK"
"Kosmos Energy Ltd. (KOS) 10-Q for Q3, 2022","8176 PARK LANE,DALLAS,TX,75231","https://alpha.auditchain.finance/analysis/QmYeFhr8Mp24Ski448fNWB9hTDffb5GdxMzncoWh4DgGka"
"Lancaster Colony Corporation (LANC) 10-Q for Q1, 2023","380 POLARIS PARKWAY,WESTERVILLE,OH,43082","https://alpha.auditchain.finance/analysis/QmNgLF5ne8nJsPKKp7STCagdQAHN7LQUMjL9J4EURJFzAT"
"LIXTE BIOTECHNOLOGY HOLDINGS, INC. (LIXT) 10-Q for Q3, 2022","248 ROUTE 25A,EAST SETAUKET,NY,11733","https://alpha.auditchain.finance/analysis/QmbSTVobVDJEFxRJDYY1U3zMKHhaDLk3G3NjD7qb6E9TGe"
"LITHIUM CORPORATION (LTUM) 10-Q for Q3, 2022","1031 RAILROAD ST. STE. 102B,ELKO,NV,89801","https://alpha.auditchain.finance/analysis/QmYF8LwzWM3ZPVKQBDtHRFvzd3X7W9yugUtXBtbpvnZJTy"
"LODE-STAR MINING INC. () 10-Q for Q3, 2022","1 EAST LIBERTY STREET, SUITE 600,RENO,NV,89501","https://alpha.auditchain.finance/analysis/QmdGuRbG7Ln8xxTQ4F87CrrXLw8ZacaZv5oSB1XxQ8BYVL"
