friendlyName , address ,analysisURL
"DORIAN LPG LTD. (LPG) 10-Q for Q3, 2022","27 SIGNAL ROAD,STAMFORD,CT,06878","https://auditchain.finance/analysis/QmWw6baCudnY5KkkEa1fGxQS9wYc9q4h8WJrKDeQ4ETfk7"
"Dorian LPG Ltd. (LPG) 10-K for FY, 2022","27 SIGNAL ROAD,STAMFORD,CT,06878","https://auditchain.finance/analysis/QmUDP9vAmcyf3eXnNTT3Jb58BDCjZgWbpp6e1koB1eqMAb"
"DORIAN LPG LTD. (LPG) 10-Q for Q3, 2022","27 SIGNAL ROAD,STAMFORD,CT,06878","https://auditchain.finance/analysis/QmR9fMAFv7kCyFQRPcU9XdLm4iC7oZ812rLA6q7qYwqkMt"
"DORIAN LPG LTD. (LPG) 10-Q for Q2, 2022","27 SIGNAL ROAD,STAMFORD,CT,06878","https://auditchain.finance/analysis/QmabfAm3gtn1d4PYpKD6GYoH18Rc1oE2rfFKCs6Jpddgva"
"DORIAN LPG LTD. (LPG) 10-Q for Q1, 2022","27 SIGNAL ROAD,STAMFORD,CT,06878","https://auditchain.finance/analysis/QmVNaGzWrFxxCyg9am72rFWFWeZW74K6gar6v1XkbdG7vi"
"Dorian LPG Ltd. (LPG) 10-K for FY, 2021","27 SIGNAL ROAD,STAMFORD,CT,06878","https://auditchain.finance/analysis/QmXa7FKAGV7MPRtMSvYJkxNLnaTCng7mjAXHu3EM3z7dtX"
"DORIAN LPG LTD. (LPG) 10-Q for Q3, 2021","27 SIGNAL ROAD,STAMFORD,CT,06878","https://auditchain.finance/analysis/QmRX1Sm9GXfypK7H4by3ACoqbG7W9PXZFC5TR4a6ekjgZ5"
"CASS INFORMATION SYSTEMS, INC. (CASS) 10-Q for Q3, 2022","12444 POWERSCOURT DRIVE,ST. LOUIS,MO,63131","https://auditchain.finance/analysis/QmZDNYgi8hM4jQFLvfxTYWtMtd9V4fn4YTKrjjWSD1GTH6"
"DORIAN LPG LTD. (LPG) 10-Q for Q1, 2021","27 SIGNAL ROAD,STAMFORD,CT,06878","https://auditchain.finance/analysis/QmbegfeZhjV1u2xj1LnGW5KioRsMZ3akDbh5uNWcrxfafe"
"CASS INFORMATION SYSTEMS, INC. (CASS) 10-Q for Q2, 2022","12444 POWERSCOURT DRIVE,ST. LOUIS,MO,63131","https://auditchain.finance/analysis/QmRFCMxMXX94tXqaaUzAJg5LFqKm59qZvHnUCKbNR1LumJ"
"CASS INFORMATION SYSTEMS, INC. (CASS) 10-Q for Q1, 2022","12444 POWERSCOURT DRIVE,ST. LOUIS,MO,63131","https://auditchain.finance/analysis/QmRwMSh2WQupqBDeSaR4KraMadJknso6j4xw56XuCyffc4"
"CASS INFORMATION SYSTEMS, INC. (CASS) 10-K for FY, 2021","12444 POWERSCOURT DRIVE,ST. LOUIS,MO,63131","https://auditchain.finance/analysis/QmQ4fTtGmxEbWqu6wqj8Wk3QQvhNJCjQf1avRiFfvCFhpk"
"CASS INFORMATION SYSTEMS, INC. (CASS) 10-Q for Q3, 2021","12444 POWERSCOURT DRIVE,ST. LOUIS,MO,63131","https://auditchain.finance/analysis/QmfGGi7UZX2gSdzWMwgrkhe2TgcEpWvb3SgUupfdvQzFqX"
"CASS INFORMATION SYSTEMS, INC. (CASS) 10-Q for Q1, 2022","12444 POWERSCOURT DRIVE,ST. LOUIS,MO,63131","https://auditchain.finance/analysis/QmRv9qRqvuERSyqAZTYz4nsm8ikJmwbnWYRBQsBV28zqBX"
"CASS INFORMATION SYSTEMS, INC. (CASS) 10-Q for Q1, 2021","12444 POWERSCOURT DRIVE,ST. LOUIS,MO,63131","https://auditchain.finance/analysis/QmdvTViiY2cXTNZA5KNYWDzDjCZfCABSufZf7goPmA6Ddf"
"CASS INFORMATION SYSTEMS, INC. (CASS) 10-Q for Q2, 2021","12444 POWERSCOURT DRIVE,ST. LOUIS,MO,63131","https://auditchain.finance/analysis/QmRvHkfR1TJgjxm4nZzyc5a9pNs41BpGUhQC7LZEo4Fr6Y"
"CASS INFORMATION SYSTEMS, INC. (CASS) 10-Q for Q3, 2020","12444 POWERSCOURT DRIVE,ST. LOUIS,MO,63131","https://auditchain.finance/analysis/QmbwsTkkK2zcp1nunYtM9MLXhr85MY1SiKZxjxgceX5zGk"
"CASS INFORMATION SYSTEMS, INC. (CASS) 10-K for FY, 2020","12444 POWERSCOURT DRIVE,ST. LOUIS,MO,63131","https://auditchain.finance/analysis/QmRTQSe8YC9JaxB2Zg8jVBUyT31m4umtbudkby2jyABqKT"
"CASS INFORMATION SYSTEMS, INC. (CASS) 10-Q for Q2, 2020","12444 POWERSCOURT DRIVE,ST. LOUIS,MO,63131","https://auditchain.finance/analysis/QmVa8MG8o8DkU7pevrWAA7Xi3EUaiHYeK3iuBcwTTe9zqB"
"CASS INFORMATION SYSTEMS, INC. (CASS) 10-Q for Q1, 2020","12444 POWERSCOURT DRIVE,ST. LOUIS,MO,63131","https://auditchain.finance/analysis/QmVnXcu6mX97MXgPPfBruJoyJLBkGUTPStnrDW8aNVXaqA"
"CASS INFORMATION SYSTEMS, INC. (CASS) 10-K for FY, 2019","12444 POWERSCOURT DRIVE,ST. LOUIS,MO,63131","https://auditchain.finance/analysis/QmX7wFCV4jTXwU1dpUwHbizUQfFvWH59qfCGU4ikkvoACZ"
"CASS INFORMATION SYSTEMS, INC. (CASS) 10-Q for Q3, 2019","12444 POWERSCOURT DRIVE,ST. LOUIS,MO,63131","https://auditchain.finance/analysis/QmQYa8n3WZHMgZrZDSYtiEurDWxJ9RW35CaRXsZSNkJXsc"
"F5, Inc. (FFIV) 10-K for FY, 2022","801 5TH AVENUE,SEATTLE,WA,98104","https://auditchain.finance/analysis/QmeS3vGzgi631xXq1wQRSUaU6M867HDRGMLACFboKLY8kL"
"CASS INFORMATION SYSTEMS INC (CASS) 10-Q for Q2, 2019","12444 POWERSCOURT DRIVE,ST. LOUIS,MO,63131","https://auditchain.finance/analysis/QmZD9iADnyrHDG8u2tCADixJo8tcZyXiLXyHtLdfwVvA5y"
"Compass Minerals International, Inc. (CMP) 10-Q for Q3, 2022","9900 W. 109TH STREET,OVERLAND PARK,KS,66210","https://auditchain.finance/analysis/QmenLUTAWavcUAziKWYnwXMhfsZRy7A6EjAqacrUCqdaKC"
"COMMVAULT SYSTEMS INC (CVLT) 10-Q for Q2, 2023","1 COMMVAULT WAY,TINTON FALLS,NJ,07724","https://auditchain.finance/analysis/QmPNkofdjGzibx7hhrUDmnrpVyH6sLNTbxXiccjRD2CLQK"
"CASELLA WASTE SYSTEMS, INC. (CWST) 10-Q for Q3, 2022","25 GREENS HILL ROAD,RUTLAND,VT,05701","https://auditchain.finance/analysis/QmQPBSrcJfWtD2c8X2Pbx4Vqtts2iegLi9DYgY23N6aRaG"
"Astria Therapeutics, Inc. (ATXS) 10-Q for Q3, 2022","75 STATE STREET,BOSTON,MA,02109","https://auditchain.finance/analysis/QmYGYrE5ELadEVScVkhH2xYZKMCetHjTGDgeSro1xKbUBC"
"BALANCE LABS, INC. () 10-Q for Q3, 2022","1111 LINCOLN ROAD,MIAMI,FL,33139","https://auditchain.finance/analysis/QmTMkKcPGky9wUfPKYUdQRtaGh9MArRxLXx2ErFzwaNy3J"
"CATALYST PHARMACEUTICALS, INC. (CPRX) 10-Q for Q3, 2022","355 ALHAMBRA CIRCLE,CORAL GABLES,FL,33134","https://auditchain.finance/analysis/QmULXuM8i2oq9ZTbrPZJJPAu4xotTnGcFeEK11xiyfaDVc"
"BLINK CHARGING CO. (BLNK) 10-Q for Q3, 2022","407 LINCOLN ROAD, SUITE 704,MIAMI BEACH,FL,33139","https://auditchain.finance/analysis/QmdAdddCT7bkaYAHYEoBqHyVQS8XyHCPkWcwogj3tsGKDg"
"THE BANK OF NEW YORK MELLON CORPORATION (BK) 10-Q for Q3, 2022","240 GREENWICH STREET,NEW YORK,NY,10286","https://auditchain.finance/analysis/QmUSSULtkakaLHtuoUB1CcMFmwN9V8ZffyhMUH8qJxrjZk"
"BankFinancial CORP (BFIN) 10-Q for Q3, 2022","60 NORTH FRONTAGE ROAD,BURR RIDGE,IL,60527","https://auditchain.finance/analysis/QmeDJmLvccihnxYuD4E2g9evi6KYxgMwFT3gkkLqtQvjzU"
"Bankwell Financial Group, Inc. (BWFG) 10-Q for Q3, 2022","208 ELM STREET,NEW CANAAN,CT,06840","https://auditchain.finance/analysis/QmSVDwANa4Wv2yHmxvyxEo7w8UyQ7iG2pYCrYGbYSPuBHs"
"BankUnited, Inc. (BKU) 10-Q for Q3, 2022","14817 OAK LANE,MIAMI LAKES,FL,33016","https://auditchain.finance/analysis/QmXtM5D5fuoYWmZyrJy4VNDtV2w1f39rBBv7yBggfTsbHe"
"COMPUTER PROGRAMS AND SYSTEMS, INC (CPSI) 10-Q for Q3, 2022","6600 WALL STREET,MOBILE,AL,36695","https://auditchain.finance/analysis/QmdSf3qXhmyhPpK9Xawv8y375LK8wPYyyV5DHjqKzvTzdh"
"COMPUTER TASK GROUP, INCORPORATED (CTG) 10-Q for Q3, 2022","300 CORPORATE PARKWAY,AMHERST,NY,14226","https://auditchain.finance/analysis/QmbqDuCLqGwSiNmYN2rPRfJe1MG3W7VJZPW2JMd7mQskRx"
"COMPX INTERNATIONAL INC. (CIX) 10-Q for Q3, 2022","5430 LBJ FREEWAY,DALLAS,TX,75240-2620","https://auditchain.finance/analysis/QmQP948Zj67fNm8ksixHFo9Uy4uC3wyxwPZdHVsmEJyQu3"
"Carlyle Group Inc. (CG) 10-Q for Q3, 2022","C/O THE CARLYLE GROUP,WASHINGTON,DC,20004","https://auditchain.finance/analysis/QmbaumncpEtyLLsFUGgSVzfUrCoHXmnxCYREp22UVhTv4x"
"ARTISAN CONSUMER GOODS, INC. (ARRT) 10-Q for Q1, 2023","999 N NORTHLAKE WAY STE 203,SEATTLE,WA,98103","https://auditchain.finance/analysis/Qmf1JUHSooyyJRW5Qsizjx4hn5ZkEueAdKE1H4Qqvafh8Y"
"CARO HOLDINGS INC. () 10-Q for Q2, 2023","7 CASTLE STREET,SHEFFIELD,X0,S3 8LT","https://auditchain.finance/analysis/QmeW1T75MmEd4kKTEA2YG5Xs5PH56if5xTFTs3JHxsMUWZ"
"BROAD STREET REALTY, INC. (N/A) 10-Q for Q3, 2022","7250 WOODMONT AVE,BETHESDA,MD,20814","https://auditchain.finance/analysis/QmcStqUzLZGq1pogdfotYBTjj2tjgmuikVtoAsAiBDaN5M"
"Catalent, Inc. (CTLT) 10-Q for Q1, 2023","14 SCHOOLHOUSE ROAD,SOMERSET,NJ,08873","https://auditchain.finance/analysis/QmYn2sqe11FJPT2QGNa8PuGnpQoxtMCtrDq7Pb6yLDotxj"
"COMTECH TELECOMMUNICATIONS CORP /DE/ (CMTL) 10-Q for Q3, 2022","68 SOUTH SERVICE ROAD,MELVILLE,NY,11747","https://auditchain.finance/analysis/QmPjfteQHtszWZe6asVRuDauNP5zNv2kNFPqxRQMc5F7pP"
"DORIAN LPG LTD. (LPG) 10-Q for Q2, 2023","27 SIGNAL ROAD,STAMFORD,CT,06878","https://auditchain.finance/analysis/QmS3E5AU8HUf1xy2higr6nomF1pqZK8LQryTNnaUitrNCA"
"CATERPILLAR INC (CAT) 10-Q for Q3, 2022","5205 N. O'CONNOR BOULEVARD,IRVING,TX,75039","https://auditchain.finance/analysis/QmdMg8QpEtExYWc7VFeYaQ9GfXWh6W6187Htd7reMYoVoW"
"Concho Resources Inc. (CXO) 10-Q for Q3, 2020","600 W. ILLINOIS AVENUE,MIDLAND,TX,79701","https://auditchain.finance/analysis/QmTMYBJBYpktLtS3WXYR1gtTenCzQXaj3EwbFvBL8s6XWu"
"CB FINANCIAL SERVICES, INC. (CBFV) 10-Q for Q3, 2022","100 NORTH MARKET STREET,CARMICHAELS,PA,15320","https://auditchain.finance/analysis/QmcwCACqiPuqpLmj6KEtUE3QBc2Qjpftv7gRXfr5aCmNae"
"CBL & ASSOCIATES PROPERTIES, INC. (CBL) 10-Q for Q3, 2022","2030 HAMILTON PLACE BVLD, SUITE 500,CHATTANOOGA,TN,37421","https://auditchain.finance/analysis/QmPbs3aTEksxuNpBpDB5vaUNXdTWxmGPBBf9j97BW554Vo"
"CBRE GROUP, INC. (“CBRE”) 10-Q for Q3, 2022","2100 MCKINNEY AVENUE,DALLAS,TX,75201","https://auditchain.finance/analysis/QmNPYGyk7pnWyhTDEKeVaUmi9fxwtoj3uUpPzX8VdHdye2"
"FABRINET (FN) 10-Q for Q1, 2023","FABRINET WEST, INC.,SANTA CLARA,CA,95054","https://auditchain.finance/analysis/QmQjim3hzo7gR4JkJnQFFnuczRyaZoRXGTBH4JB7aPkef3"
"CDW CORP (CDW) 10-Q for Q3, 2022","200 N MILWAUKEE AVENUE,VERNON HILLS,IL,60061","https://auditchain.finance/analysis/QmTEgxFHU7M5CUA9TmqY7J56N6NhanxYrdi3oqZagGg6jn"
"1 800 FLOWERS COM INC (FLWS) 10-Q for Q1, 2022","TWO JERICHO PLAZA,JERICHO,NY,11753","https://auditchain.finance/analysis/QmT4sNNiika78bxmT9EX6QhZZfm36Kw3F47SiKN43GdcJ6"
"CEDAR FAIR, L.P. (FUN) 10-Q for Q3, 2022","ONE CEDAR POINT DRIVE,SANDUSKY,OH,44870","https://auditchain.finance/analysis/QmdqSya7YPmX5MZxVvGUQUTFUwibYdtm341daRMu6a5XUS"
"BENCHMARK ELECTRONICS, INC. (BHE) 10-Q for Q3, 2022","56 SOUTH ROCKFORD DRIVE,TEMPE,AZ,85281","https://auditchain.finance/analysis/QmQgtxdQgU5DjfJkAFFUvBhcD75hdRedGrNEVUBm4XeTwn"
"CONMED CORPORATION (CNMD) 10-Q for Q3, 2022","11311 CONCEPT BOULEVARD,LARGO,FL,33773","https://auditchain.finance/analysis/QmdPnFCHmrb2pyKE7KFzLv5WF9GaBFFXaj9psGTCoMiQi4"
"Fair Isaac Corp (FICO) 10-K for FY, 2022","5 WEST MENDENHALL,BOZEMAN,MT,59715","https://auditchain.finance/analysis/QmXJu5r3wsAG1xpS6wmr4Ejwwq8Vwj9LsbFoVtsrgjZJ8x"
"2U, INC. (TWOU) 10-Q for Q3, 2022","7900 HARKINS ROAD,LANHAM,MD,20706","https://auditchain.finance/analysis/QmfLWRLT7S1DQfZ62Z5g16rNhrzPqsmxwfEh8J2cqL2j2P"
"BERKSHIRE HATHAWAY ENERGY COMPANY () 10-Q for Q3, 2022","666 GRAND AVE,DES MOINES,IA,50309-2580","https://auditchain.finance/analysis/Qme1yFhsXqhZFMiujuXpk5dACaRUDosc2ooTQpLXpLoAFa"
"ConocoPhillips (COP) 10-Q for Q3, 2022","925 N. ELDRIDGE PARKWAY,HOUSTON,TX,77079","https://auditchain.finance/analysis/QmVKVtjG5KybzwDrjX3LuUv4wRYhNJocAjJ2jiYvVqssVP"
"CNX Resources Corporation (CNX) 10-Q for Q3, 2022","CNX CENTER,CANONSBURG,PA,15317","https://auditchain.finance/analysis/QmcVoti98Pt8DgnRyqmxC6cwgx7XEZbmf95e5p9PcxDCWB"
"THE CORETEC GROUP INC. () 10-Q for Q3, 2022","333 JACKSON PLAZA,ANN ARBOR,MI,48103","https://auditchain.finance/analysis/QmPLUAa2iL3YYMouvLV84QzzKrNwEa9QMKcJmC6eiYtMDt"
"CommScope Holding Company, Inc. (COMM) 10-Q for Q3, 2022","1100 COMMSCOPE PLACE, SE,HICKORY,NC,28602","https://auditchain.finance/analysis/QmbLYQcqs6NH84SrUnd2fA9YRrseWYYqB43eAAiw6jViFc"
"BERKSHIRE HILLS BANCORP, INC. (BHLB) 10-Q for Q3, 2022","60 STATE STREET,BOSTON,MA,02109","https://auditchain.finance/analysis/QmZsQbaamnHsNQfBT2cTySbRoaPRERTJoStHSXj2UBe2Py"
"CENTRAL GARDEN & PET CO (CENT) 10-K for FY, 2022","1340 TREAT BOULEVARD,WALNUT CREEK,CA,94597","https://auditchain.finance/analysis/QmZGavF1KiBAqEFjg1dcMq9VaZVWGw4xfxekwTFwqcpq89"
"CF BANKSHARES INC. (CFBK) 10-Q for Q3, 2022","C/O CFBANK,WORTHINGTON,OH,43085","https://auditchain.finance/analysis/QmZQSUzRLzWFjm9bLNyMxkU7zbPksEVVsXf8tFSLFXqCqS"
"THE CORETEC GROUP INC. () 10-Q for Q3, 2022","333 JACKSON PLAZA,ANN ARBOR,MI,48103","https://auditchain.finance/analysis/QmWabiLZAE1AatW8xhhCaEv1qLy2ouyLM3vTe1DJCV7qRf"
"Comstock Holding Companies, Inc. (CHCI) 10-Q for Q3, 2022","1900 RESTON METRO PLAZA, 10TH FLOOR,RESTON,VA,20190","https://auditchain.finance/analysis/QmVTMqHtdNbeP5NxHdJ1K4EkQnB1ttCkaSuDdJWzVsyD7h"
"Century Aluminum Company (CENX) 10-Q for Q3, 2022","1 SOUTH WACKER DRIVE,CHICAGO,IL,60606","https://auditchain.finance/analysis/QmZbTDGfqp8TH6gSHG4RCcTL5rm7jgxCQ99htsZP3Ryg2k"
"CENTURY CASINOS, INC. (CNTY) 10-Q for Q3, 2022","455 E. PIKES PEAK AVE,COLORADO SPRINGS,CO,80903","https://auditchain.finance/analysis/QmXPb6RVwUw1rGZkwB2BKcMECxcDMGLewoTUYzfx58Y6y3"
"CONCERT PHARMACEUTICALS, INC. (CNCE) 10-Q for Q3, 2022","65 HAYDEN AVENUE,LEXINGTON,MA,02421","https://auditchain.finance/analysis/QmSfDJbnxjZiQHjD7Fzq595f5Nfx3jwjhMb9U49QKWGbn4"
"FARMER BROTHERS CO (FARM) 10-Q for Q1, 2023","1912 FARMER BROTHERS DRIVE,NORTHLAKE,TX,76262","https://auditchain.finance/analysis/QmNt4VThTTsmcwhcMMWDyLCkmu9tDAxm9BJ8XyEubDjD59"
"Conifer Holdings, Inc. ( CNFR) 10-Q for Q3, 2022","3001 WEST BIG BEAVER ROAD,TROY,MI,48084","https://auditchain.finance/analysis/QmdwAnhToCUnxf9QYockug8bb5JUS4ZsxDj9vSu6hh6BVd"
"CERES TACTICAL COMMODITY L.P. () 10-Q for Q3, 2022","C/O CERES MANAGED FUTURES LLC,NEW YORK,NY,10036","https://auditchain.finance/analysis/QmNY9xqrdsmqA8bZ3JFiKx9UhNAmWT695NQtvam3DqU9hv"
"ABIOMED, INC. (ABMD) 10-Q for Q2, 2023","22 CHERRY HILL DR,DANVERS,MA,01923","https://auditchain.finance/analysis/QmWAzKv3NBhWWBRdBKx2esn6xuyTkoNBLqDE35AUJMzkon"
"Cathay General Bancorp (CATY) 10-Q for Q3, 2022","777 N BROADWAY,LOS ANGELES,CA,90012","https://auditchain.finance/analysis/QmcsWR3n8dwii1FyUdpyomQzYhnHCrPZm2BbtRs3yBjbgS"
"ContraFect Corporation (CFRX) 10-Q for Q3, 2022","28 WELLS AVENUE,YONKERS,NY,10701","https://auditchain.finance/analysis/Qmd4FDT2dMpXBQMkpkGb4exA7Jqi6W6uTuA7gbS6d5Zneh"
"CELLDEX THERAPEUTICS, INC. (CLDX) 10-Q for Q3, 2022","53 FRONTAGE ROAD,HAMPTON,NJ,08827","https://auditchain.finance/analysis/QmeJvuspucbwADCmMqnekY4adjxgLFNB6a9vvAqb15UTLn"
"COPART, INC. (CPRT) 10-Q for Q1, 2023","14185 DALLAS PARKWAY,DALLAS,TX,75254","https://auditchain.finance/analysis/QmUBBfpJ5TtuNkgx9jMoWnuguFpDURPVyGMkkQdDx2fZgv"
"Cellectar Biosciences, Inc. (CLRB) 10-Q for Q3, 2022","100 CAMPUS DRIVE,FLORHAM PARK,NJ,07932","https://auditchain.finance/analysis/QmTrdBJY5JbpcZwVM3VvCPRmdazNDUwRRuBze6aRNSSkZR"
"Imunon, Inc. (IMNN) 10-Q for Q3, 2022","997 LENOX DRIVE,LAWRENCEVILLE,NJ,08648","https://auditchain.finance/analysis/QmWqL8DH3iwypDTUqT2UKhn7j4C4nkw6jc1kLXv2ka23AN"
"ABCO ENERGY, INC. (ABCE) 10-Q for Q3, 2022","2505 N. ALVERNON WAY,TUCSON,AZ,85712","https://auditchain.finance/analysis/QmRps4DTxB8ixJRkVWF8jd3b2nqqn6nLKw8E5PiqXqqFan"
"CORE MOLDING TECHNOLOGIES, INC. (CMT) 10-Q for Q3, 2022","800 MANOR PARK DRIVE,COLUMBUS,OH,43228","https://auditchain.finance/analysis/QmbL3y9upFVpapjYvWoAMJAs8PyfRkTpp1cQ96dfmE76EU"
"CORVEL CORPORATION (CRVL) 10-Q for Q2, 2022","2010 MAIN STREE,IRVINE,CA,92614","https://auditchain.finance/analysis/QmYrWkb8LHVwGNmebRy3QNqaZQaQ4oFuUxPik7YpDKSWUj"
"ABIOMED, INC. (ABMD) 10-Q for Q2, 2023","22 CHERRY HILL DR,DANVERS,MA,01923","https://auditchain.finance/analysis/QmeHeibdsqGJa41QtbKusRjewSMr6qgvJxq7wFH5eAxvpd"
"Century Communities, Inc. (CCS) 10-Q for Q3, 2022","8390 E. CRESCENT PKWY., SUITE 650,GREENWOOD VILLAGE,CO,80111","https://auditchain.finance/analysis/QmY7CEkKzGNQi1zS4CjyAdR1Lx8WF5DjGyDanZmYsUGaAP"
"Acacia Research Corporation (ACTG) 10-Q for Q3, 2022","767 3RD AVENUE, 6TH FLOOR,NEW YORK,NY,10017","https://auditchain.finance/analysis/QmTojixDFk9zqUhcK36FkPYVi2uAtAPtQ4S4xp5xc23Mba"
"PRIMO WATER CORP (PRMW) 10-Q for Q3, 2022","1150 ASSEMBLY DR.,TAMPA,FL,33607","https://auditchain.finance/analysis/QmaZTX4h5Gmm73d8LJMDKgPSyCWK4MHRcjcHJ9KvpEeaMC"
"CPI AEROSTRUCTURES, INC. (CVU) 10-Q for Q3, 2022","200A EXECUTIVE DR,EDGEWOOD,NY,11717","https://auditchain.finance/analysis/QmQAQwzibb2sekuJmBzVNxDav68HDSgMNKQxfZmWTVFXeS"
"ACCO Brands Corporation (ACCO) 10-Q for Q3, 2022","FOUR CORPORATE DRIVE,LAKE ZURICH,IL,60047","https://auditchain.finance/analysis/QmYuwgFUACzJ2bP8qMapoeqWEBtssFHc83qjM4hJQHE9JM"
"ACELRX PHARMACEUTICALS INC (ACRX) 10-Q for Q3, 2022","25821 INDUSTRIAL BOULEVARD,HAYWARD,CA,94545","https://auditchain.finance/analysis/QmS65PxeyRM8zybG9ykrqDp6HVSSjjAUyEH45e33dwg97t"
"AMETEK, Inc. (AME) 10-Q for Q3, 2022","1100 CASSATT ROAD,BERWYN,PA,19312","https://auditchain.finance/analysis/QmYVUG3akgBxxvxR7ytsuzYKjaACgYmDRmVUZi9daxH6AA"
"ACME UNITED CORP (ACU) 10-Q for Q3, 2022","1 WATERVIEW DRIVE,SHELTON,CT,06484","https://auditchain.finance/analysis/QmNXGhhWKinGVdkFQR7hjjhCyd7TwTXoEJgT3zotn2KYM4"
"Amicus Therapeutics, Inc. (FOLD) 10-Q for Q3, 2022","3675 MARKET STREET,PHILADELPHIA,PA,19104","https://auditchain.finance/analysis/QmZSPXwM4zxGZdpnDu8igEnEqM9cUji3NDeNRjHej1KLr5"
"AMMO, Inc. (POWW) 10-Q for Q2, 2022","7681 E. GRAY RD,SCOTTSDALE,AZ,85260","https://auditchain.finance/analysis/QmT2hcoSVC3Kav3r6PkXByE8Y8fTNjFNM3vZnSUS17wedg"
"AMN HEALTHCARE SERVICES, INC. (AMN) 10-Q for Q3, 2022","8840 CYPRESS WATERS BOULEVARD,DALLAS,TX,75019","https://auditchain.finance/analysis/QmTq5FPLA3mz8C661FDeioq6GTtmGt7PAam6tkrQW41cRY"
"ACORN ENERGY, INC. () 10-Q for Q3, 2022","1000 N WEST STREET, SUITE 1200,WILMINGTON,DE,19801","https://auditchain.finance/analysis/QmXeDosKjxXEaLxj8JbTs1EPUyV5yC8puQJVYUaSrYuyiH"
"BIG 5 SPORTING GOODS CORPORATION (BGFV) 10-Q for Q3, 2022","2525 EAST EL SEGUNDO BOULEVARD,EL SEGUNDO,CA,90245-4632","https://auditchain.finance/analysis/QmaQB4TEjA4CvN3rUnMs1YmDgA3DAqmbScLJXPFe2G6Ff7"
"AMPHENOL CORPORATION (APH) 10-Q for Q3, 2022","358 HALL AVE,WALLINGFORD,CT,06492","https://auditchain.finance/analysis/QmbsSaEv3n3WHRyWnLw76MHMKsahGqfQHfRTYdBy6PGgyg"
"ACCELERATE DIAGNOSTICS, INC. (AXDX) 10-Q for Q3, 2022","3950 S. COUNTRY CLUB ROAD #470,TUCSON,AZ,85714","https://auditchain.finance/analysis/QmZeRjVcyQ2E1r2ykUctMnj3hX4LMtGrBRvMs5ATW3Yes4"
"AngioDynamics, Inc. (ANGO) 10-Q for Q1, 2023","14 PLAZA DRIVE,LATHAM,NY,12110","https://auditchain.finance/analysis/QmaWkUu8ELaFswpQCReutQUN6Hqsyd47DGQHzY9Kc1rfKz"
"Aclaris Therapeutics, Inc. (ACRS) 10-Q for Q3, 2022","640 LEE ROAD,WAYNE,PA,19087","https://auditchain.finance/analysis/QmcPFyFWJMETS1Vun75QunHPBPD7E6gRC5eW2VDQqfaBo7"
"ANI PHARMACEUTICALS, INC (ANIP) 10-Q for Q3, 2022","210 MAIN STREET WEST,BAUDETTE,MN,56623","https://auditchain.finance/analysis/QmaBxczw8Y8PhrdM4PcQ9i8ZFoTfoy37fToH5AHPHato9n"
"ANNALY CAPITAL MANAGEMENT INC (NLY) 10-Q for Q3, 2022","1211 AVENUE OF THE AMERICAS,NEW YORK,NY,10036","https://auditchain.finance/analysis/QmUysTSqf1rsFnGmidugQRmGZv4Vu79mCST8nhAeNpdMqh"
"ANTERO RESOURCES CORPORATION (AR) 10-Q for Q3, 2022","1615 WYNKOOP STREET,DENVER,CO,80202","https://auditchain.finance/analysis/QmehFQMoSRzUNeTQgHAarpKK81bqpVedvzCtBK2DbF6pex"
"ADAMS RESOURCES & ENERGY, INC. (AE) 10-Q for Q3, 2022","17 S. BRIAR HOLLOW LN.,HOUSTON,TX,77027","https://auditchain.finance/analysis/QmVNLAgtdq2KnG9vctmrX7PM8AQcc6dhFFyns3z9g4ZX2D"
"Apartment Investment and Management Company (AIV) 10-Q for Q3, 2022","4582 SOUTH ULSTER STREET,DENVER,CO,80237","https://auditchain.finance/analysis/QmUirwVkAjuuqnPLZgsrCLNQ4t6zhU1aia815ZcBL3Q1qJ"
"REGIONAL HEALTH PROPERTIES, INC. (RHE) 10-Q for Q3, 2022","454 SATELLITE BLVD,SUWANEE,GA,30024","https://auditchain.finance/analysis/QmcsuiAyL45RsnWCtizGGtiVM9Agqx33KKmKszZb8jbEG2"
"ADDvantage Technologies Group, Inc. () 10-Q for Q3, 2022","1221 E. HOUSTON,BROKEN ARROW,OK,74012","https://auditchain.finance/analysis/QmPL6JMDvh6rgDnaJ6NqPtjfZ7hqLK8KZC1wsgUBQcpHh7"
"ADM ENDEAVORS, INC. () 10-Q for Q3, 2022","5941 POSEY LANE,HALTOM CITY,TX,76117","https://auditchain.finance/analysis/QmURnQVkBeWQfx5v4vyQ4aP66JX9E8SEemMY4LdoJVWJmE"
"Apple Inc. (AAPL) 10-K for FY, 2022","ONE APPLE PARK WAY,CUPERTINO,CA,95014","https://auditchain.finance/analysis/QmUEdFgUEiD3n2wWRwnsjxspzVmrUN8JaprPRNe6BNiM1r"
"ADTRAN Holdings, Inc. (ADTN) 10-Q for Q3, 2022","901 EXPLORER BLVD,HUNTSVILLE,AL,35806","https://auditchain.finance/analysis/QmWraTwd8EqWCpQB3pgutWCcTBjHG8zKArkVQUhpuP9VVk"
"ANDERSONS, INC. (ANDE) 10-Q for Q3, 2022","1947 BRIARFIELD BOULEVARD,MAUMEE,OH,43537","https://auditchain.finance/analysis/QmfXrXz4MCJ3HvXa28jNA7G7DQbw1MGCgX76iEkCqkNTWD"
"AmpliTech Group, Inc. (AMPG) 10-Q for Q3, 2022","155 PLANT AVENUE,HAUPPAUGE,NY,11788","https://auditchain.finance/analysis/QmU2n7WuAP3mMsf8hZLo6fHJBkxaSDLrPrhVFBg2ergSqc"
"Aon plc (AON) 10-Q for Q3, 2022","METROPOLITAN BUILDING,DUBLIN 1,L2,D01 K0Y8","https://auditchain.finance/analysis/QmXZgxej3vtBYqSUsfHhZ8uTqSSYj444DBSAPJxsqacfYB"
"Charles & Colvard, Ltd. (CTHR) 10-Q for Q1, 2023","170 SOUTHPORT DRIVE,MORRISVILLE,NC,27560","https://auditchain.finance/analysis/QmRXMFcBLcFHBVpjigrZSnxYfi5yWTavgPCBYsvTSS8S86"
"APOLLO ASSET MANAGEMENT, INC. (AAM.PR A) 10-Q for Q3, 2022","9 WEST 57TH STREET, 42ND FLOOR,new York,NY,10019","https://auditchain.finance/analysis/QmSpsZggaqxQJRg6g8WAs9TewGSsNcczRPCwAaDQ17k8fs"
"APPLIED INDUSTRIAL TECHNOLOGIES, INC. (AIT) 10-Q for Q1, 2023","ONE APPLIED PLAZA,CLEVELAND,OH,44115-5056","https://auditchain.finance/analysis/QmcdRTUvp7kJYMP9Q5Cjcy7zMfRegKuZBYmCR8k8FtSQ8M"
"Apollo Medical Holdings, Inc. (AMEH) 10-Q for Q3, 2022","1668 S. GARFIELD AVENUE,ALHAMBRA,CA,91801","https://auditchain.finance/analysis/QmRN19mE1zxrqCDRg935ru6FLsicuuCqTUgjDPaqHkr9zq"
"CHASE GENERAL CORP (Not Applicable) 10-Q for Q1, 2023","3600 LEONARD RD,ST JOSEPH,MO,64503","https://auditchain.finance/analysis/QmaqiQY5Fobuvaz3y7dyuYmEGuKJrM8NQ2SGFdyvUS2m66"
"APPLIED OPTOELECTRONICS, INC. (AAOI) 10-Q for Q3, 2022","13139 JESS PIRTLE BLVD,SUGAR LAND,TX,77478","https://auditchain.finance/analysis/QmNkmqqjAqMWeb4zN5te159mzn7ywTD87xNCa3A82hUB4u"
"CHEGG, INC (CHGG) 10-Q for Q3, 2022","3990 FREEDOM CIRCLE,SANTA CLARA,CA,95054","https://auditchain.finance/analysis/Qmezk4xhSQwBHYvGoWkbrm9TqAcMxqbCe55TLzRKiVs1dn"
"CHEMED CORPORATION (CHE) 10-Q for Q3, 2022","SUITE 2600,CINCINNATI,OH,45202","https://auditchain.finance/analysis/QmZ43zNCFDaSSmgybkAz9icy4XiYGtX9wgkYyjmYLDuFxX"
"CHEMUNG FINANCIAL CORP (CHMG) 10-Q for Q3, 2022","ONE CHEMUNG CANAL PLZ,ELMIRA,NY,14902","https://auditchain.finance/analysis/Qmepx368j7c9NMqzNE6UfMPAF8Q68beSscU4AjowyUuaBp"
"APTEVO THERAPEUTICS INC. (APVO) 10-Q for Q3, 2022","2401 4TH AVE.,SEATTLE,WA,98121","https://auditchain.finance/analysis/QmcB53ALxBjZBXQhuCQUhAd5zYxuZwM3DFhko4U4kddmRA"
"BIO-PATH HOLDINGS INC (BPTH) 10-Q for Q3, 2022","4710 BELLAIRE BOULEVARD,BELLAIRE,TX,77401","https://auditchain.finance/analysis/Qme8svySFE6ANQ8yqsU8cWP6peU31RGg1Hfg8XvREESwdt"
"Neoleukin Therapeutics, Inc. (NLTX) 10-Q for Q3, 2022","SUITE 360 - 1616 EASTLAKE AVE EAST,SEATTLE,WA,98102","https://auditchain.finance/analysis/QmbaBBfexKKTANEByB5MoY3Wj2TbVgK33iBfutzhATuHRU"
"ARC DOCUMENT SOLUTIONS, INC. (ARC) 10-Q for Q3, 2022","12657 ALCOSTA BLVD.,SAN RAMON,CA,94583","https://auditchain.finance/analysis/QmRvgvBwTvYEEkwr42Pi3R1vFici65mvuU2DrEfH4vN7c2"
"Chico's FAS, Inc. (CHS) 10-Q for Q3, 2022","11215 METRO PKWY,FT MYERS,FL,33966-1206","https://auditchain.finance/analysis/QmT3pwHXmBqS7uoSmVeQdjZqdYPMPAc4hwhj8ug6Dsp4Wc"
"CHIMERA INVESTMENT CORP (CIM) 10-Q for Q3, 2022","520 MADISON AVENUE,NEW YORK,NY,10022","https://auditchain.finance/analysis/QmRDEEycmjPLF1t1DnBMvs2o6vnSBMyPMCyb89FbHHuymH"
"ARCA BIOPHARMA, INC. (ABIO) 10-Q for Q3, 2022","10170 CHURCH RANCH WAY,WESTMINSTER,CO,80021","https://auditchain.finance/analysis/QmZGhB82j5i6MeDh6RjUJhhKqJmiydg9bdNvjKXuKx5eve"
"CHECKPOINT THERAPEUTICS, INC. (CKPT) 10-Q for Q3, 2022","95 SAWYER ROAD,WALTHAM,MA,02453","https://auditchain.finance/analysis/QmQeoaT9jbU5A4yADKdub3Z3R5fFVCKBbVU42PPGMx6HLx"
"Biocept, Inc. (BIOC) 10-Q for Q3, 2022","9955 MESA RIM ROAD,SAN DIEGO,CA,92121","https://auditchain.finance/analysis/QmZPuyN7FBufYUfHpanrJEska1ex3tM5nKxc2MDZAkbhAJ"
"Chembio Diagnostics, Inc. (CEMI) 10-Q for Q3, 2022","555 WIRELESS BLVD.,HAUPPAUGE,NY,11788","https://auditchain.finance/analysis/QmRph21vfS1AMzm1gKq5AKcELqkJ7gGDP3WqaRvC2cFJvF"
"CHERRY HILL MORTGAGE INVESTMENT CORPORATION (CHMI) 10-Q for Q3, 2022","1451 ROUTE 34,FARMINGDALE,NJ,07727","https://auditchain.finance/analysis/QmZUWGe6V9LbLSp9Fx18EReForJWLqqA12Y91gWnoxxCzY"
"ARCHER-DANIELS-MIDLAND CO (ADM) 10-Q for Q3, 2022","77 W. WACKER DR.,CHICAGO,IL,60601","https://auditchain.finance/analysis/QmSQ7qc54itjm7t6fzehZWFFYRkRA9CViSMJjTZC1kMq2z"
"SMART POWERR CORP. (CREG) 10-Q for Q3, 2022","4/F, TOWER C, RONG CHENG YUN GU BUILDING,XI'AN CITY, SHAANXI PROVINCE,F4,710075","https://auditchain.finance/analysis/QmdQKPQL2P2zMvhHEjyhTpzm86YeNJ7kibj7gH8CsWc7SE"
"BIOLASE, INC. (BIOL) 10-Q for Q3, 2022","27042 TOWNE CENTRE DRIVE,FOOTHILL RANCH,CA,92610","https://auditchain.finance/analysis/QmVghShhhF7vkagcmyikNVE6ab4Zeifq59Fx18hrfy1Y8b"
"CHOICE HOTELS INTERNATIONAL INC /DE (CHH) 10-Q for Q3, 2022","1 CHOICE HOTELS CIRCLE,ROCKVILLE,MD,20850","https://auditchain.finance/analysis/QmYXPGaYe3vY73SQDX8mNiEuLBSXKWUKYzi67ftXAZHeTh"
"ChoiceOne Financial Services, Inc. (COFS) 10-Q for Q3, 2022","109 E DIVISION,SPARTA,MI,49345-0186","https://auditchain.finance/analysis/QmdhH6oK9Ui7q9JUjYgLZztNKKF3RoF65tFEG9WPeAK7c6"
"BioMarin Pharmaceutical Inc (BMRN) 10-Q for Q3, 2022","105 DIGITAL DRIVE,NOVATO,CA,94949","https://auditchain.finance/analysis/QmRFBJBuTVNddqifZavi2xyc8M5V5YFcWGGads8CznHYbb"
"APPSOFT TECHNOLOGIES, INC. () 10-Q for Q3, 2022","1225 FRANKLIN AVE.,GARDEN CITY,NY,11530","https://auditchain.finance/analysis/QmUxYagiwyB8FipmA2hhB1tQjwXTuHNyTVJiZv1dJRaywF"
"CHUY’S HOLDINGS, INC. (CHUY) 10-Q for Q3, 2022","1623 TOOMEY ROAD,AUSTIN,TX,78704","https://auditchain.finance/analysis/QmYqDHasbAPisSpMnWo2Wx7Sei1Jy4NS1UPhcVSpGcWCLT"
"Aramark (ARMK) 10-K for FY, 2022","2400 MARKET STREET,PHILADELPHIA,PA,19103","https://auditchain.finance/analysis/QmfFhmAbWzUn5e4ufXgTiw2Xr7dsK8MA8KTQ22EL9VgTNm"
"ARBUTUS BIOPHARMA CORP (ABUS) 10-Q for Q3, 2022","701 VETERANS CIRCLE,WARMINSTER,PA,18974","https://auditchain.finance/analysis/Qmda3Mz2YthhwMMU8mbuAKWxZGBAazsbqxPygoA4T81aS9"
"CINCINNATI FINANCIAL CORPORATION (CINF) 10-Q for Q3, 2022","6200 S GILMORE RD,FAIRFIELD,OH,45014","https://auditchain.finance/analysis/QmQTAv7c2BUMGBX7g8cXNfiXBQFuPboxKZiAq5u3wTxPdy"
"HOWMET AEROSPACE INC. (HWM) 10-Q for Q3, 2022","201 ISABELLA STREET,PITTSBURGH,PA,15212-5872","https://auditchain.finance/analysis/QmedYx7Ez7XYbaaDp5FvoxRVuytu4dYn6ZRycKCvh8hA6c"
"Cintas Corporation (CTAS) 10-Q for Q1, 2023","6800 CINTAS BLVD,CINCINNATI,OH,45262","https://auditchain.finance/analysis/QmWmYpKxLorMfWyqkPBwd9RbRPDAuLgspiAHxtK3oDmJ9P"
"CISCO SYSTEMS, INC. (CSCO) 10-Q for Q1, 2023","170 WEST TASMAN DR,SAN JOSE,CA,95134-1706","https://auditchain.finance/analysis/Qmawh1mryPV5ib8Upi3xoS4pPjzPVi6BtAEeQh9e41ogqv"
"CITIZENS & NORTHERN CORPORATION (CZNC) 10-Q for Q3, 2022","90-92 MAIN ST,WELLSBORO,PA,16901","https://auditchain.finance/analysis/QmUYzsnzggFEitgdE4JAuutUayGnrF2pRiQW9qBcYviP4R"
"ADVANCED OXYGEN TECHNOLOGIES, INC. (AOXY) 10-Q for Q1, 2023","ADVANCED OXYGEN TECHNOLOGIES, INC.,RANDOLPH,VT,05060","https://auditchain.finance/analysis/QmdqcwoRYMxTynmUucih5T7rtnhPmgpZeGhjkzHqCQ1y1V"
"CITIZENS FINANCIAL SERVICES, INC. (CZFS) 10-Q for Q3, 2022","15 S MAIN ST,MANSFIELD,PA,16933","https://auditchain.finance/analysis/QmPUKy1keCX3Mc78LQyAUyc7yWxjhfdR64FABLjeL2UCR6"
"AECOM (ACM) 10-K for FY, 2022","13355 NOEL ROAD,DALLAS,TX,75240","https://auditchain.finance/analysis/QmVMn9HLWBqfL3SyM1RJFMvoVpeew8KnEEkHDKfj7emf8L"
"CITIZENS, INC. (CIA) 10-Q for Q3, 2022","11815 ALTERRA PKWY,AUSTIN,TX,78758","https://auditchain.finance/analysis/QmWxHsAcEMZyLFzEcs9m7ci8G4ScehjAWoigzHa7mBqnYF"
"Aerie Pharmaceuticals, Inc. (AERI) 10-Q for Q3, 2022","4301 EMPEROR BOULEVARD,DURHAM,NC,27703","https://auditchain.finance/analysis/QmbGnUvHhxhPizCaF8TA3UN2dudbon2qPLWfqFMXvtAdr8"
"CITIZENS HOLDING COMPANY (CIZN) 10-Q for Q3, 2022","P O BOX 209,PHILADELPHIA,MS,39350","https://auditchain.finance/analysis/QmaDSxHADHaqCeLe5gMFCDHKiXTBRwrnhLvkNMvU5BmFDi"
"BIOMERICA, INC. (BMRA) 10-Q for Q1, 2023","17571 VON KARMAN AVENUE,IRVINE,CA,92614","https://auditchain.finance/analysis/QmSs2nGSC5HNG8PgG58rbqbC61vmHYkRWa6UkT1A6JVogK"
"CITY HOLDING COMPANY (CHCO) 10-Q for Q3, 2022","25 GATEWATER ROAD,CHARLESTON,WV,25313","https://auditchain.finance/analysis/QmU5f7QbzfGWZsAjdg5iRJTzojPwq25Qx4NctM4yMbMjPx"
"ARGO GROUP INTERNATIONAL HOLDINGS, LTD. (ARGO) 10-Q for Q3, 2022","110 PITTS BAY ROAD,PEMBROKE,D0,HM 08","https://auditchain.finance/analysis/QmNjCu4HtJrAk2fPDrEkt7gXsLNnLUf2aZ2ZsvawkMBuHE"
"ARLINGTON ASSET INVESTMENT CORP. (AAIC) 10-Q for Q3, 2022","6862 ELM STREET,MCLEAN,VA,22101","https://auditchain.finance/analysis/QmbKmXoCg1wiCfAqcvxzydWSLQAV76vbw9DaGgA8e7FDgm"
"Civista Bancshares, Inc. (CIVB) 10-Q for Q3, 2022","100 EAST WATER ST,SANDUSKY,OH,44870","https://auditchain.finance/analysis/QmNwyUD7HpWuwfF14jKE2KLzqRAsG3DfK6qaHnCYhkZcbq"
"CKX Lands, Inc. (CKX) 10-Q for Q3, 2022","2417 SHELL BEACH DRIVE,LAKE CHARLES,LA,70601","https://auditchain.finance/analysis/QmP9SQxz8vBGXgd9aSiLKZWZTDwjcCbq9SiQKAP7a8z9ZT"
"Veritas Farms, Inc. () 10-Q for Q3, 2022","1815 GRIFFIN ROAD,DANIA BEACH,FL,33004","https://auditchain.finance/analysis/QmVAD6RuRh9LpKyNzryY3bW5AAjgxp8auxugK6iUXeFx92"
"ART’S-WAY MANUFACTURING CO., INC. (ARTW) 10-Q for Q3, 2022","P O BOX 288,ARMSTRONG,IA,50514","https://auditchain.finance/analysis/QmT2DG2E5R42tNHhXyatzzogEDr52EjdDbT9hQML5RtCPx"
"CHROMADEX CORPORATION (CDXC) 10-Q for Q3, 2022","10900 WILSHIRE BLVD,LOS ANGELES,CA,90024","https://auditchain.finance/analysis/QmaKrEpeAU5NxtcbkeZgMrhUdorpz5rCBVJMDuK1YnEvPc"
"CHUBB LIMITED (CB) 10-Q for Q3, 2022","BARENGASSE 32,ZURICH,V8,CH-8001","https://auditchain.finance/analysis/QmRRYtDEe5NqjNJbcJf5dVdE8C9AJhSSa7gqLLBJsRA1ih"
"SISECAM RESOURCES LP (SIRE) 10-Q for Q3, 2022","FIVE CONCOURSE PARKWAY,ATLANTA,GA,30328","https://auditchain.finance/analysis/QmQG3fkXqEpka9yjwx1ByuZTCa7ZHvsuqKz9DjiGEpibcj"
"Benefitfocus, Inc. (BNFT) 10-Q for Q3, 2022","100 BENEFITFOCUS WAY,CHARLESTON,SC,29492","https://auditchain.finance/analysis/QmNxvPQeXmBu193SNcurb9snLj2Hhca9CxLzLhZgoMmmBw"
"RYVYL Inc. (RVYL) 10-Q for Q3, 2022","3131 CAMINO DEL RIO NORTH, SUITE 1400,SAN DIEGO,CA,92108","https://auditchain.finance/analysis/QmUKAop1XMoCU8Ken4sTbphQfcRdrc4N8J9ZZ5ani4wGhs"
"CLEAN HARBORS, INC (CLH) 10-Q for Q3, 2022","42 LONGWATER DRIVE,NORWELL,MA,02061-9149","https://auditchain.finance/analysis/QmY7e6CMDtD682rLj7PDousfxRbCZz7Y7FgDJBPrGEcXRc"
"ASPEN AEROGELS, INC. ( ASPN) 10-Q for Q3, 2022","30 FORBES ROAD,NORTHBOROUGH,MA,01532","https://auditchain.finance/analysis/QmReXpZhmt67oSobtGbLk8nz71YAQm8Ftpo2yuHUCRY5Vm"
"Civeo Corp (CVEO) 10-Q for Q3, 2022","THREE ALLEN CENTER,HOUSTON,TX,77002","https://auditchain.finance/analysis/QmdVsiUTeKFZzRDfqBLT93V8jNo6X38MWzFAeJZniwXaRQ"
"ASTROTECH Corp  (ASTC) 10-Q for Q1, 2023","2105 DONLEY DR. SUITE 100,AUSTIN,TX,78758","https://auditchain.finance/analysis/QmY4smFR7smr2ksg8E2q4fxtP9eGde6NQHmDxRecuFvGbb"
"CLEARSIGN TECHNOLOGIES CORPORATION (CLIR) 10-Q for Q3, 2022","8023 E. 63RD PLACE, SUITE 101,TULSA,OK,74133","https://auditchain.finance/analysis/QmemNuWC3Dy3on3dh2c7Ri6j4bDSfzwEkTfGwdp9LZgy9H"
"CLECO CORPORATE HOLDINGS LLC () 10-Q for Q3, 2022","2030 DONAHUE FERRY ROAD,PINEVILLE,LA,71360-5226","https://auditchain.finance/analysis/Qme6agC7cZ5dN9vMYJBa8LPgKjnTdsRYXN3KHATFgwRMx1"
"Bio-En Holdings Corp. (BENH) 10-Q for Q3, 2022","56 MAIN STREET,MONSEY,NY,10954","https://auditchain.finance/analysis/QmbDfYD8sMDKQpdnxFpGhvQVKk2Jjm4VoHtGTxYdp6b8RL"
"CLEVELAND-CLIFFS INC. (CLF) 10-Q for Q3, 2022","200 PUBLIC SQUARE,CLEVELAND,OH,44114-2315","https://auditchain.finance/analysis/QmUXveSFaMBnfRCcQKZPhPLPQKEsqjY7vVVcUPC6qzavYJ"
"THE CLOROX COMPANY (CLX) 10-Q for Q1, 2023","THE CLOROX COMPANY,OAKLAND,CA,94612-1888","https://auditchain.finance/analysis/QmcMBY9GzZJqDcrg4efD37ph1CfytE88SS5bnLBtqX1Ww1"
"THE AES CORPORATION (AES) 10-Q for Q2, 2022","4300 WILSON BOULEVARD,ARLINGTON,VA,22203","https://auditchain.finance/analysis/QmVF79m7KA3NBkW57P47qgkCSYxC3oALTYo9BX5HN4PxnB"
"ATHENA GOLD CORPORATION () 10-Q for Q3, 2022","2010A HARBISON DRIVE # 312,VACAVILLE,CA,95687","https://auditchain.finance/analysis/QmNvsU4FkSRU7nVWgCJwK4Fa49tG6XPzg79kNLyXmi6nRo"
"AFFILIATED MANAGERS GROUP, INC. (AMG) 10-Q for Q3, 2022","777 SOUTH FLAGLER DRIVE,WEST PALM BEACH,FL,33401","https://auditchain.finance/analysis/QmakYiEFQxQa83VZV2fjr8L3nscMHsZmYfbCSYvFRct7CP"
"CME GROUP INC. (CME) 10-Q for Q3, 2022","20 S. WACKER DR.,CHICAGO,IL,60606","https://auditchain.finance/analysis/QmYWNcrfD1VJSEdmpv5a1KLquK9Se78KQwEjS3j2QweEjH"
"CLS HOLDINGS USA, INC. (N/A) 10-Q for Q1, 2023","11767 SOUTH DIXIE HIGHWAY, SUITE 115,MIAMI,FL,33156","https://auditchain.finance/analysis/QmTxnmraktA6hXZEMCq7QEnmKJDUpRt3zCWrXBiLDwL3nJ"
"ADDUS HOMECARE CORPORATION (ADUS) 10-Q for Q3, 2022","6303 COWBOYS WAY,FRISCO,TX,75034","https://auditchain.finance/analysis/QmURGCsYedB4Pz41PfkJrBNLgALm7zkGHBHSh9x8UF1QUF"
"ATLANTIC AMERICAN CORP (AAME) 10-Q for Q3, 2022","4370 PEACHTREE RD NE,ATLANTA,GA,30319","https://auditchain.finance/analysis/QmcWQa1ETsQuzaJghoTqz6b87CLSU1LrvfxWcF8yiCLEeU"
"ATLANTICA INC. () 10-Q for Q3, 2022","11450 SE DIXIE HIGHWAY,HOBE SOUND,FL,33455","https://auditchain.finance/analysis/Qmb7NsjMpyCX9dbmJsGG2veSF2KuSnfEBeCYG7RXKRmQ1B"
"EKIMAS CORPORATION () 10-Q for Q2, 2023","95 WASHINGTON STREET #154,CANTON,MA,02021","https://auditchain.finance/analysis/QmWwkxzLhdU14f1bZmFbE6YdijZ5nG2ixX26edACxXv9eX"
"BIORESTORATIVE THERAPIES, INC. (BRTX) 10-Q for Q3, 2022","40 MARCUS DRIVE,MELVILLE,NY,11747","https://auditchain.finance/analysis/QmbTzA9j2ZDW1ptRfrsYpgNdFXb1xLr1qKWoivAnkRg12u"
"ARROW FINANCIAL CORPORATION (AROW) 10-Q for Q3, 2022","250 GLEN ST,GLENS FALLS,NY,12801","https://auditchain.finance/analysis/QmYtNrboZkThW4TAyoxzS1dpJs9GHJw3ehgrGfSaBdyy7H"
"ARTEMIS THERAPEUTICS, INC. (ATMS) 10-Q for Q3, 2022","3 ELIEZER VARDINON ST.,PETACH TIKVA,L3,4959507","https://auditchain.finance/analysis/QmZnSJtSaCYVnX73rys7cDwTGZ7XxDA5cxHnsAYZjzSfrq"
"CMS ENERGY CORPORATION (CMS) 10-Q for Q3, 2022","ONE ENERGY PLAZA,JACKSON,MI,49201","https://auditchain.finance/analysis/QmUc3JyKbfCuT1Q6esv3roRbasiXNLQtkYT3aoAtDofi2x"
"ARTESIAN RESOURCES CORPORATION (ARTNA) 10-Q for Q3, 2022","664 CHURCHMANS RD,NEWARK,DE,19702","https://auditchain.finance/analysis/QmePZ5UmUtTAj632bc7ARRu4xWNdvQYFZJfBg7zDFHw4yk"
"BRAEMAR HOTELS & RESORTS INC. (BHR) 10-Q for Q3, 2022","14185 DALLAS PARKWAY,DALLAS,TX,75254","https://auditchain.finance/analysis/QmSXqN53NQdo7DxhnQfh9CQzH32X6Z2NR9DqtdRf5itBcd"
"CNB FINANCIAL CORP/PA (CCNE) 10-Q for Q3, 2022","1 SOUTH SECOND STREET,CLEARFIELD,PA,16830","https://auditchain.finance/analysis/QmW4Tvgs2PDckSetV6GTAtQwoAEpgDSZfGG5Yqzt17d2Td"
"AGCO CORP /DE (AGCO) 10-Q for Q3, 2022","4205 RIVER GREEN PKWAY,DULUTH,GA,30096","https://auditchain.finance/analysis/QmVepfj9M6qzWX5PmvcRPN7q6rVk72jvpyPKx1GF7VR2e2"
"AGIOS PHARMACEUTICALS, INC. (AGIO) 10-Q for Q3, 2022","88 SIDNEY STREET,CAMBRIDGE,MA,02139","https://auditchain.finance/analysis/QmUrKAS84URiicQ1hJCTgQhZ6FB7CG8qDnbCbSEjEYPVP8"
"COCA-COLA CONSOLIDATED, INC. (COKE) 10-Q for Q3, 2022","4100 COCA COLA PLZ,CHARLOTTE,NC,28211","https://auditchain.finance/analysis/QmZ8dp765gYZJBStaNeCS7UQHkM6hmYAa7B5r6aRTqhoix"
"ATARA BIOTHERAPEUTICS, INC. (ATRA) 10-Q for Q3, 2022","2380 CONEJO SPECTRUM ST,THOUSAND OAKS,CA,91320","https://auditchain.finance/analysis/QmcnNgNYm3r6WdW6K7ESE2C1icDzrfgLSsDnzKwKYwDmN4"
"Codexis, Inc. (CDXS) 10-Q for Q3, 2022","200 PENOBSCOT DRIVE,REDWOOD CITY,CA,94063","https://auditchain.finance/analysis/QmVea52ZgfBVbAJaSwK15Vbwmcr1TwjyY2mZieNX9cBMHh"
"AIR LEASE CORPORATION (AL) 10-Q for Q3, 2022","2000 AVENUE OF THE STARS,LOS ANGELES,CA,90067","https://auditchain.finance/analysis/QmQzV9hkHGfUPPcNa73STuRpAqDB81KgnPV4jTysWi6Q5Y"
"Atkore Inc. (ATKR) 10-K for FY, 2022","16100 SOUTH LATHROP AVENUE,HARVEY,IL,60426","https://auditchain.finance/analysis/Qmc7bJZGSnmAYcLKcu8SReARRXuNXXo8HJTyBUu4vi5DbL"
"Air T, Inc. (AIRT) 10-Q for Q2, 2023","5930 BALSOM RIDGE ROAD,DENVER,NC,28037","https://auditchain.finance/analysis/QmeHCtMNsrKcHH2mSiV6XCXcGmQtPDYc8vApcZzVqGBwZv"
"AIRGAIN, INC. (AIRG) 10-Q for Q3, 2022","3611 VALLEY CENTRE DRIVE,SAN DIEGO,CA,92130","https://auditchain.finance/analysis/QmWuctDbfAk2R7Pw1a25ExkotNXtK7wAu7fbghoNYtRT5o"
"CLEAN COAL TECHNOLOGIES, INC. (CCTC) 10-Q for Q3, 2022","295 MADISON AVENUE (12TH FLOOR),NEW YORK,NY,10017","https://auditchain.finance/analysis/QmVQuZrQXTUzFohJKG3jCfGbEbSSmx7M6HmkEoaU4WNhN3"
"COLGATE-PALMOLIVE COMPANY (CL) 10-Q for Q3, 2022","300 PARK AVE,NEW YORK,NY,10022","https://auditchain.finance/analysis/QmPCLpNAZWqzT7W6Zgy7PTZovBtNkg2p2gfJRNUYDJxZXF"
"CLEAR CHANNEL OUTDOOR HOLDINGS, INC. (CCO) 10-Q for Q3, 2022","4830 NORTH LOOP 1604W, SUITE 111,SAN ANTONIO,TX,78249","https://auditchain.finance/analysis/QmWK3Z9MoKEicFZn2XJzFHJUd3czqAHfyLQvrXBMj3rpDN"
"Clearside Biomedical, Inc. (CLSD) 10-Q for Q3, 2022","900 NORTH POINT PARKWAY,ALPHARETTA,GA,30005","https://auditchain.finance/analysis/QmeBDA31d2tdktiDH6DZaiAY7omo5BVaMBRFTSEBSjNtbC"
"Clovis Oncology, Inc. (CLVS) 10-Q for Q3, 2022","5500 FLATIRON PARKWAY,BOULDER,CO,80301","https://auditchain.finance/analysis/Qmdd43qxPjtwEZfcTtgk74MfpDR1kSufzqzx6dYjFWmywM"
"AudioEye, Inc. (AEYE) 10-Q for Q3, 2022","5210 E. WILLIAMS CIRCLE,TUCSON,AZ,85711","https://auditchain.finance/analysis/QmWK52J79PATk2U63L1KD5n1qFarbZJAsw1ACiXWx2u8L1"
"COCRYSTAL PHARMA, INC. (COCP) 10-Q for Q3, 2022","19805 N. CREEK PARKWAY,BOTHELL,WA,98011","https://auditchain.finance/analysis/QmcFXjPhgdqjYzsVSohfLUrvtQAqfXCXSvU1kL6Wrgk6py"
"INPOINT COMMERCIAL REAL ESTATE INCOME, INC. (ICR PR A) 10-Q for Q3, 2022","2901 BUTTERFIELD ROAD,OAK BROOK,IL,60523","https://auditchain.finance/analysis/QmWGbUYPR78zx5pgJjmN5CDqK3mV9uwHnqfzAx18AMEmgu"
"CODORUS VALLEY BANCORP, INC. (CVLY) 10-Q for Q3, 2022","CODORUS VALLEY CORPORATE CENTER,YORK,PA,17403","https://auditchain.finance/analysis/QmemV6xy8GARWgA2Gky1MHZ5CXKupD4PjbVNrF1YZVY41j"
"Coherus BioSciences, Inc. (CHRS) 10-Q for Q3, 2022","C/O DENNIS M. LANFEAR,REDWOOD CITY,CA,94065","https://auditchain.finance/analysis/QmX49zHCF4Ncc5c55xCHGAGxjNEZjzXBmpdaNQxAz2TrEt"
"COLUMBIA SPORTSWEAR COMPANY (COLM) 10-Q for Q3, 2022","14375 NW SCIENCE PARK DRIVE,PORTLAND,OR,97229","https://auditchain.finance/analysis/QmW7J4bwg6L1FdUf5ajPNgKp1WrqUAaosXpNCPmeMDNFDM"
"COMCAST CORPORATION (CMCSA) 10-Q for Q3, 2022","ONE COMCAST CENTER,PHILADELPHIA,PA,19103-2838","https://auditchain.finance/analysis/QmXZbSFpfLyAvrL4pcH3go65uEx5jeT4mhFpi2TCGrPXdD"
"ALBANY INTERNATIONAL CORP. (AIN) 10-Q for Q3, 2022","216 AIRPORT DRIVE,ROCHESTER,NH,03867","https://auditchain.finance/analysis/QmWWNJg2TNSoXXvCdH5kZJnQJARuJjY5iCS5H4yT2m6NiE"
"COMMERCIAL VEHICLE GROUP, INC. (CVGI) 10-Q for Q3, 2022","7800 WALTON PARKWAY,NEW ALBANY,OH,43054","https://auditchain.finance/analysis/QmUK1hFmmtmmnx6DmBZ4WViHQwG1YNtFFanchow19uUaCR"
"COMMUNITY BANK SYSTEM, INC. (CBU) 10-Q for Q3, 2022","5790 WIDEWATERS PKWY,DEWITT,NY,13214","https://auditchain.finance/analysis/QmYPtnXTVzrJ2j65XA9jSMsDMfo76HsKNFfzdNcPX8FtGJ"
"COMMUNITY HEALTH SYSTEMS, INC. (CYH) 10-Q for Q3, 2022","4000 MERIDIAN BOULEVARD,FRANKLIN,TN,37067","https://auditchain.finance/analysis/QmYXatxX1fxnM5WVw3aZW1EhG2Ddkv1c8z1DTVkdbUdPe6"
"AVIAT NETWORKS, INC. (AVNW) 10-Q for Q1, 2023","200 PARKER DRIVE,AUSTIN,TX,78728","https://auditchain.finance/analysis/QmS7p1G59pHjdYcmcPyShKzpy4saHdzK3zc4F8YqCWdHTn"
"ALDEYRA THERAPEUTICS, INC. (ALDX) 10-Q for Q3, 2022","131 HARTWELL AVENUE,LEXINGTON,MA,02421","https://auditchain.finance/analysis/QmVJeFyffG9jHJkq3aTm6mFvrpww8jpLmVAUY1z6k7hRqV"
"Equitable Financial Life Insurance Company () 10-Q for Q3, 2022","1290 AVENUE OF THE AMERICAS,NEW YORK,NY,10104","https://auditchain.finance/analysis/QmZFaW8nrNSFYpNXqYsMtGo46JjjtQ7UZQYVSQ1fB3suJX"
"Air Transport Services Group, Inc. (ATSG) 10-Q for FY, 2022","145 HUNTER DR,WILMINGTON,OH,45177","https://auditchain.finance/analysis/QmTkxKXyCjYyJfYUoA9XX3LA4p9ZPwZAGWw99xpX9h43iy"
"AXT INC (AXTI) 10-Q for Q3, 2022","4281 TECHNOLOGY DR.,FREMONT,CA,94538","https://auditchain.finance/analysis/Qmaquw3kPE3UQvPghvCVvc2ycqKJaxUmkyst7RWL22pj8b"
"AKEBIA THERAPEUTICS, INC. (AKBA) 10-Q for Q3, 2022","245 FIRST STREET,CAMBRIDGE,MA,02142","https://auditchain.finance/analysis/QmbDPG9S1VnsK4mpjgWmSqq5TB8EQBDY3kjPksoxGeYmfR"
"MyMD Pharmaceuticals, Inc. (MYMD) 10-Q for Q3, 2022","855 N. WOLFE STREET,BALTIMORE,MD,21205","https://auditchain.finance/analysis/QmTwSkmnY8iQMQ85bJT59abGxhgyoLPx6eH1ApsbzQ84t2"
"BIOTRICITY INC. (BTCY) 10-Q for Q2, 2023","203 REDWOOD PARKWAY,REDWOOD CITY,CA,94065","https://auditchain.finance/analysis/QmWVNEnhNK7VPGPDGcNe3ouuAuFYaoSWj34jomxjsKWphZ"
"Atmos Energy Corp (ATO) 10-K for FY, 2022","1800 THREE LINCOLN CTR,DALLAS,TX,75240","https://auditchain.finance/analysis/QmUynduCR3RsYzwFqMeHUSYAmiyYM2ATfxFdoZxqUE5ov7"
"Gaucho Group Holdings, Inc. (VINO) 10-Q for Q3, 2022","112 NE 41ST STREET,MIAMI,FL,33137","https://auditchain.finance/analysis/Qmc68dqwbJrQDMbnS9dZA6nurh52XPJNMVXU382e4f4vwj"
"Alkermes plc. (ALKS) 10-Q for Q3, 2022","CONNAUGHT HOUSE,DUBLIN 4,L2,00000","https://auditchain.finance/analysis/QmXY4GnSkQRGfav3zTCYSjLLBRuvD7r3jrAvTMT4A6mpp9"
"BRAIN SCIENTIFIC INC. (N/A) 10-Q for Q3, 2022","6700 PROFESSIONAL PARKWAY,LAKEWOOD RANCH,FL,34240","https://auditchain.finance/analysis/QmXwDt6SbHYRxTwvanRpKn8MVUC9SHnNGA3uy9TdZaarHG"
"ATOMERA INCORPORATED (ATOM) 10-Q for Q3, 2022","750 UNIVERSITY AVENUE,LOS GATOS,CA,95032","https://auditchain.finance/analysis/QmZNqX6sXd3qqdaD9PUVT1tWTVr8TZ8QBZm1RXu81pAnnG"
"Auburn National Bancorporation, Inc. (AUBN) 10-Q for Q3, 2022","100 N GAY ST,AUBURN,AL,36831-3110","https://auditchain.finance/analysis/QmduGPFntH9bmZkj2tedLhBU6FY6TZcdeCEawSYzaw9JZa"
"Black Hills Corporation (BKH) 10-Q for Q3, 2022","7001 MT RUSHMORE RD,RAPID CITY,SD,57709","https://auditchain.finance/analysis/QmTyUGgsDRHMFjJArFqnHHpAPyNYo4eEtQZCNM1xko9V1m"
"ALLETE, Inc. (ALE) 10-Q for Q3, 2022","30 W SUPERIOR ST,DULUTH,MN,55802-2093","https://auditchain.finance/analysis/QmWmbdVE2zPi3Ko4pjFhV8aZDBRjqN9s1ML74ZHCSfiE3X"
"AVALON GLOBOCARE CORP. (ALBT) 10-Q for Q3, 2022","4400 ROUTE 9,FREEHOLD,NJ,07728","https://auditchain.finance/analysis/QmXJTWB4srkU2XCabZGs3xj7HF96iGWoLADhnbqKYsy9jk"
"ALLIANCE RESOURCE PARTNERS LP (ARLP) 10-Q for Q3, 2022","1717 SOUTH BOULDER AVENUE,TULSA,OK,74119","https://auditchain.finance/analysis/QmeMJ7tSzHGFY4JR6XWhz4ZW8ocYuKh1DDKZWUFHAp3SZn"
"ALLIANCEBERNSTEIN HOLDING L.P. (AB) 10-Q for Q3, 2022","501 COMMERCE STREET,NASHVILLE,TN,37203","https://auditchain.finance/analysis/QmYLbZrXp8NZx9PVdPiSu1wVgQ4mKVJdCHyL2wQruxH8MY"
"Blackbaud, Inc. (BLKB) 10-Q for Q3, 2022","65 FAIRCHILD STREET,CHARLESTON,SC,29492","https://auditchain.finance/analysis/QmSq3K5MMK4tkzPUceQY6Byw6gSmMHfNbTfC4oHx2YszeD"
"Avangrid, Inc. (AGR) 10-Q for Q3, 2022","180 MARSH HILL ROAD,ORANGE,CT,06477","https://auditchain.finance/analysis/QmRVWfKTnoTeWsSPqQMTEbPacwo4mJUvwupUmktCW3nJSN"
"Avinger Inc (AVGR) 10-Q for Q3, 2022","400 CHESAPEAKE DRIVE,REDWOOD CITY,CA,94063","https://auditchain.finance/analysis/QmZzsxdekbAG9HSVr9q3oxteukxxFBS2c6Ho74BMhnQLkc"
"ALLIED MOTION TECHNOLOGIES INC (AMOT) 10-Q for Q3, 2022","455 COMMERCE DRIVE, SUITE 4,AMHERST,NY,14228-2313","https://auditchain.finance/analysis/QmRNniNarNSRVVRjLbdwkEcx1L9bV8rG7exf4Fb2YHq2BM"
"Vaxart, Inc. (VXRT) 10-Q for Q3, 2022","170 HARBOR WAY, SUITE 300,SOUTH SAN FRANCISCO,CA,94080","https://auditchain.finance/analysis/QmacSgjvkT4ux7LDQkpSdivTexc7Y2SfcX4RkHd72vAwoZ"
"ALLSCRIPTS HEALTHCARE SOLUTIONS, INC. (MDRX) 10-Q for Q3, 2022","222 MERCHANDISE MART PLAZA,CHICAGO,IL,60654","https://auditchain.finance/analysis/QmRbnZ4x6uw4wch7CJ25J4VfMtQWAZkyAoFbMFKrAs6fcg"
"AXALTA COATING SYSTEMS LTD. (AXTA) 10-Q for Q3, 2022","50 APPLIED BANK BOULEVARD,GLEN MILLS,PA,19342","https://auditchain.finance/analysis/QmPujRKnLvJVzzRBgqckFDbwqrQMwBSUpTNgdCeCjNJVYR"
"BLONDER TONGUE LABORATORIES, INC. (NONE) 10-Q for Q3, 2022","ONE JAKE BROWN RD,OLD BRIDGE,NJ,08857","https://auditchain.finance/analysis/QmRRQDHrDuJniaTZLTCsJSGGWmmUZ917kxszVWimANcGUb"
"Axogen, Inc. (AXGN) 10-Q for Q3, 2022","13631 PROGRESS BLVD.,ALACHUA,FL,32615","https://auditchain.finance/analysis/QmdYU6g7UNjbguA5fJJSDNRv7A1XNAdD13Yy6eGUaX3W6u"
"AXSOME THERAPEUTICS, INC. (AXSM) 10-Q for Q3, 2022","22 CORTLANDT STREET, 16TH FLOOR,NEW YORK,NY,10007","https://auditchain.finance/analysis/QmZL4vumv45XTxg4naZewx2H5ym5rnxncAD7FDxqtcJXbu"
"ALPHA ENERGY INC () 10-Q for Q3, 2022","14143 DENVER WEST PARKWAY, SUITE 100,GOLDEN,CO,80401","https://auditchain.finance/analysis/QmZZNFMtKwuYUiy18vVaA6C5jb8wpjaWiV7MBfnvhu3R53"
"ALTAIR INTERNATIONAL CORP. () 10-Q for Q2, 2023","322 NORTH SHORE DRIVE,PITTSBURGH,PA,15212","https://auditchain.finance/analysis/QmPCieyduQkueoo6DfSzCd9CXWdRMzutUL8MUdejXi6osu"
"CVS HEALTH CORPORATION (CVS) 10-Q for Q3, 2022","ONE CVS DR.,WOONSOCKET,RI,02895","https://auditchain.finance/analysis/QmaaMJySYDFJPvtKAQXoQwr3JstpcUqBjE9zATmhmpSHs6"
"CRANE HOLDINGS, CO. (CR) 10-Q for Q3, 2022","CRANE CO.,STAMFORD,CT,06902","https://auditchain.finance/analysis/QmSU82XZdTeKhuXY1uyCWnQhmEsTG9HwHWnxRgwQ7Tg9w9"
"AMAG Pharmaceuticals, Inc. (AMAG) 10-Q for Q3, 2020","1100 WINTER STREET,WALTHAM,MA,02451","https://auditchain.finance/analysis/QmXfKrDHo9pr7rXTbRiewcfaYeqn5uYcPnjg35UvWj3jEB"
"AMANASU ENVIRONMENT CORPORATION () 10-Q for Q3, 2022","115 EAST 57TH STREET,NEW YORK,NY,10022","https://auditchain.finance/analysis/QmcySUCXq7Xcmz5nYuNhn5qXWziyHwHdTNKLZ9ut6iymat"
"CRIMSON WINE GROUP, LTD. () 10-Q for Q3, 2022","5901 SILVERADO TRAIL,NAPA,CA,94558","https://auditchain.finance/analysis/QmVifJno9iXnPwF3qWSXztEsWpaBHd8HycxWk8XJmoymno"
"AINOS, INC. () 10-Q for Q3, 2022","AINOS, INC.,SAN DIEGO,CA,92108","https://auditchain.finance/analysis/QmP4Ari24oL9DtXk7v6VLDiY8cPWLE2UXeTMQ52XYW94sj"
"CROCS, INC. (CROX) 10-Q for Q3, 2022","13601 VIA VARRA,BROOMFIELD,CO,80020","https://auditchain.finance/analysis/QmS4XWtMhS16iQuzGg7sRCtQEXUAtgSccSR3UJToPzS3Lv"
"AMARIN CORP PLC\UK (AMRN) 10-Q for Q3, 2022","SPACES SOUTH DOCKLANDS, BLOCK C,DUBLIN 2,L2,D02 VK60","https://auditchain.finance/analysis/QmP1ATm4JFjSRoTT4HoemtbE4sWyRF8yrbAfrxSWMMk34g"
"CROSSAMERICA PARTNERS LP (CAPL) 10-Q for Q3, 2022","645 HAMILTON STREET,ALLENTOWN,PA,18101","https://auditchain.finance/analysis/QmbLYboWbwu1hi9uKfJ986PKJLLPJDhzqATftFrSc7zHTK"
"AMBASE CORPORATION () 10-Q for Q3, 2022","7857 WEST SAMPLE ROAD, SUITE 134,CORAL SPRINGS,FL,33065","https://auditchain.finance/analysis/QmRuXwfEmU5sRVkub5pekggTXgcZJbnF5yS9gdWcFmZ39D"
"CRYOPORT, INC. (CYRX) 10-Q for Q3, 2022","112 WESTWOOD PLACE, SUITE 350,BRENTWOOD,TN,37027","https://auditchain.finance/analysis/QmTYwTMquiR87LvJAQhSo3y6JrK6H6LXsoK6GaEM3TdqMa"
"BALL Corp (BALL) 10-Q for Q3, 2022","9200 W. 108TH CIRCLE,WESTMINSTER,CO,80021","https://auditchain.finance/analysis/QmcfZbGya2sScAS3fovvBD86N6CHRYoiaYD3W9MQz1S91E"
"AMC ENTERTAINMENT HOLDINGS, INC. (AMC) 10-Q for Q3, 2022","ONE AMC WAY,LEAWOOD,KS,66211","https://auditchain.finance/analysis/QmQrR3P3gBGw7gK72ehf8wY3RvRvVTB5ha6xeywS81GFuw"
"AMC Networks Inc. (AMCX) 10-Q for Q3, 2022","11 PENN PLAZA,NEW YORK,NY,10001","https://auditchain.finance/analysis/QmPxdiukLsPmTJ7C4JBY7oGhASGqLogMgy1i8eMU5hWgtG"
"CURTISS-WRIGHT CORPORATION (CW) 10-Q for Q3, 2022","130 HARBOUR PLACE DRIVE,DAVIDSON,NC,28036","https://auditchain.finance/analysis/QmetiFPkrLVyXLYcCQ8z6jihscSrTBAbPtnAzrEMYGRTeh"
"Allegion plc (ALLE) 10-Q for Q3, 2022","BLOCK D IVEAGH COURT,DUBLIN 2,L2,00000","https://auditchain.finance/analysis/QmYR2ioUU1FrxfNA5BbvA6qqzPLnggxwWLDyBeN9n5r6su"
"LONGWEN GROUP CORP. () 10-Q for Q3, 2022","RM 219, NO. 25 CAIHE RD,HANGZHOU,F4,310002","https://auditchain.finance/analysis/QmWxiT22AxDFYD9pnLX4qyNiQ2d49WYbX8BUPXzBWSBDN9"
"Customers Bancorp, Inc. (CUBI) 10-Q for Q3, 2022","701 READING AVENUE,WEST READING,PA,19611","https://auditchain.finance/analysis/QmUVbxTBJZanwzWbVSy8RDfbf1XswHFovh3WgXs7M4M54d"
"Cyanotech Corp (CYAN) 10-Q for Q2, 2023","73-4460 QUEEN KAAHUMANU HWY,KAILUA KONA,HI,96740","https://auditchain.finance/analysis/QmUYCjzCraNrgSk39mcjtVyfhSVtcnGqzjdtqvhsrQ2Xyj"
"Ally Financial Inc. (ALLY) 10-Q for Q3, 2022","ALLY DETROIT CENTER,DETROIT,MI,48226","https://auditchain.finance/analysis/QmXTg3KfkwSMSVwq292x93fsjuBKs9LoVLu2fAFLo9M3Fr"
"Alphabet Inc. (GOOGL) 10-Q for Q3, 2022","1600 AMPHITHEATRE PARKWAY,MOUNTAIN VIEW,CA,94043","https://auditchain.finance/analysis/Qmcsqo6C45Sf5BJ8gKD1bKPkNmbQaDgCBv4xAEnrYUzeWK"
"PLUS THERAPEUTICS, INC. (PSTV) 10-Q for Q3, 2022","4200 MARATHON BLVD.,AUSTIN,TX,78756","https://auditchain.finance/analysis/QmTaA641YJzfjNiZapEpuwXNosDkWReMAP8AUJCaBgz2NY"
"CYTOSORBENTS CORPORATION (CTSO) 10-Q for Q3, 2022","305 COLLEGE ROAD EAST,PRINCETON,NJ,08540","https://auditchain.finance/analysis/QmPGTCp2n55rEV4QyDVupMhpNcWxq7Y39RWg9dCvSn1cM2"
"ALPHATEC HOLDINGS, INC. (ATEC) 10-Q for Q3, 2022","5818 EL CAMINO REAL,CARLSBAD,CA,92008","https://auditchain.finance/analysis/QmRALAwtvzJqyxZNGbo8Ng3SKHVeSHZEPw2k1WaFBp1CVg"
"BancFirst Corporation (BANF) 10-Q for Q3, 2022","100 NORTH BROADWAY AVE,OKLAHOMA CITY,OK,73102-8401","https://auditchain.finance/analysis/QmaPK7zcLPedkUdpX4NsGqyTwg9q5neQb7AhE6o1vZcyeW"
"Altisource Asset Management Corporation (AAMC) 10-Q for Q3, 2022","5100 TAMARIND REEF,CHRISTIANSTED,VI,00820","https://auditchain.finance/analysis/QmNms7Vj1hf5RvreBeKqQaYfUUJatoJRvSdUuDVb61GbPg"
"Bank of South Carolina Corporation (BKSC) 10-Q for Q3, 2022","256 MEETING ST,CHARLESTON,SC,29402","https://auditchain.finance/analysis/QmdHT1mng1boB2ef25beXAXEJegShzBks5svpd6bTzgwKM"
"THE DAVEY TREE EXPERT COMPANY () 10-Q for Q3, 2022","1500 N MANTUA ST,KENT,OH,44240-5193","https://auditchain.finance/analysis/QmXD3PQgAFgjpp9yv8rznTP9BvR7C32tkn8oDx9g92giKP"
"AMEDISYS INC (AMED) 10-Q for Q3, 2022","3854 AMERICAN WAY,BATON ROUGE,LA,70816","https://auditchain.finance/analysis/QmbzRkNqZSmKiJFNyQ8f4FJgPpKwscWP5qYyNVdTtaLZMW"
"BAR HARBOR BANKSHARES (BHB) 10-Q for Q3, 2022","82 MAIN ST,BAR HARBOR,ME,04609-0400","https://auditchain.finance/analysis/QmPA5zXAwVosMrJVHNDZXmT32mcc681vLxKgVNKSmQQxzh"
"DAWSON GEOPHYSICAL COMPANY (DWSN) 10-Q for Q3, 2022","508 WEST WALL,MIDLAND,TX,79701","https://auditchain.finance/analysis/QmbesWxtdkdF3m44qifuArfSVnjbUYpJomNrGcBY7EZQs9"
"AMERICAN AXLE & MANUFACTURING HOLDINGS, INC (AXL) 10-Q for Q3, 2022","ONE DAUCH DRIVE,DETROIT,MI,48211-1198","https://auditchain.finance/analysis/QmQGfw9PQHiXJhpGE9Csjed8pDx9m9PX92LS2A6r5iyjMh"
"DCP MIDSTREAM, LP (DCP) 10-Q for Q3, 2022","6900 EAST LAYTON AVENUE,DENVER,CO,80237","https://auditchain.finance/analysis/QmSyWgrzHeCSqd59AkbY9vZTNPhbaBv9FUfHCLumuiu5dc"
"FCCC, INC. () 10-Q for Q2, 2023","17800 CASTLETON STREET,CITY OF INDUSTRY,CA,91748","https://auditchain.finance/analysis/QmcaRNTuYYr1gmHVdzBu8JPspP2i6rkDwnJwg5ECWjyaYz"
"BARRETT BUSINESS SERVICES, INC. (BBSI) 10-Q for Q3, 2022","8100 NE PARKWAY DRIVE,VANCOUVER,WA,98662","https://auditchain.finance/analysis/QmNZiLrxa2c1vShKu6fu3WXiDfWWT72Utuc2YSVHrqZhsQ"
"AMERICAN ELECTRIC POWER CO INC. (AEP) 10-Q for Q3, 2022","1 RIVERSIDE PLAZA,COLUMBUS,OH,43215","https://auditchain.finance/analysis/QmXybSvKKG2oD9hi63Kc23JMa3WeFw6Vj7gLN3wQdfTyC9"
"AMERICAN EXPRESS COMPANY (AXP) 10-Q for Q3, 2022","200 VESEY STREET,NEW YORK,NY,10285","https://auditchain.finance/analysis/QmTiLMdddZxuKQ6hjzH9i9fNE2ZszC1LAqSJS6Zn4kmTop"
"SITE Centers Corp. (SITC) 10-Q for Q3, 2022","3300 ENTERPRISE PARKWAY,BEACHWOOD,OH,44122","https://auditchain.finance/analysis/QmSWpSFAdVh2WmMgoHH9i8gWrGDpWYaQQU6uPc3XTtFrEY"
"FCCC, INC. () 10-Q for Q2, 2023","17800 CASTLETON STREET,CITY OF INDUSTRY,CA,91748","https://auditchain.finance/analysis/QmRoT2tzSibgeDN5naqCs4ds8mXeU7CsSZqV5ZJP85GiNy"
"DECKERS OUTDOOR CORP (DECK) 10-Q for Q2, 2023","250 COROMAR DRIVE,GOLETA,CA,93117","https://auditchain.finance/analysis/QmQKkPh3CS7RJiSLpekNjPWzPkDbKz4mCBYhJbXGBTsWdB"
"American International Group, Inc. (AIG) 10-Q for Q3, 2022","1271 AVE OF THE AMERICAS,NEW YORK,NY,10020-1304","https://auditchain.finance/analysis/Qmdaummn5TUMwfDNK1K9NNkig9yGrMpQpLUS7vhrWXPqn4"
"American International Group, Inc. (AIG) 10-Q for Q3, 2022","1271 AVE OF THE AMERICAS,NEW YORK,NY,10020-1304","https://auditchain.finance/analysis/QmX4kFpoasyFmicVJfLx5WYQ2D8Gb46sQFbCjBZGCAUDZE"
"FEDERAL HOME LOAN BANK OF SAN FRANCISCO () 10-Q for Q3, 2022","333 BUSH STREET, SUITE 2700,SAN FRANCISCO,CA,94104","https://auditchain.finance/analysis/QmSyEggW4zr5LwBXdcLcy5TNiEZd1ke1Fa3tyTEz3RqSxE"
"BASSETT FURNITURE INDUSTRIES, INCORPORATED (BSET) 10-Q for Q3, 2022","PO BOX 626,BASSETT,VA,24055","https://auditchain.finance/analysis/QmbK39ZhptkHnF9Tk9CLQ7uiWNVpmjgArvouZ581jnyDrd"
"AMERICAN NATIONAL BANKSHARES INC. (AMNB) 10-Q for Q3, 2022","628 MAIN ST,DANVILLE,VA,24541","https://auditchain.finance/analysis/QmSfW2ZYMe6URroEZdmh5MGALtj6trYMS1p5vsEwpzKDPC"
"DarioHealth Corp. (DRIO) 10-Q for Q3, 2022","18 W 18TH ST., 5TH FLOOR,NEW YORK,NY,10011","https://auditchain.finance/analysis/QmWiGTvR1qhkhH4vV2f5SJdu8PVdPeRpkVZiBQXxGLjwoi"
"AMERICAN REALTY INVESTORS, INC. (ARL) 10-Q for Q3, 2022","1603 LBJ FREEWAY,DALLAS,TX,75234","https://auditchain.finance/analysis/QmXBntYVcDYG8jR96NVSUnCyxKxgJgwbuKbd8nWweixaaw"
"DATA STORAGE CORPORATION (DTST ) 10-Q for Q3, 2022","48 SOUTH SERVICE ROAD,MELVILLE,NY,11747","https://auditchain.finance/analysis/QmQ443CMBYPHBRYRQJDYHMxAA1cPzBsoyWMxqju1G4QZDh"
"FEDERAL SIGNAL CORPORATION (FSS) 10-Q for Q3, 2022","1415 WEST 22ND STREET,OAK BROOK,IL,60523","https://auditchain.finance/analysis/QmbodFEwDKRDukg9DnjkFb9D9sWiFvCUdD9Xem6aGPTYv6"
"DEEP DOWN, INC. () 10-Q for Q3, 2022","18511 BEAUMONT HIGHWAY,HOUSTON,TX,77049","https://auditchain.finance/analysis/QmThzCygkJX6Q8DUaNnm6cWjv3ArReqzg1vdq6amyqUUpu"
"Federal Home Loan Mortgage Corporation () 10-Q for Q3, 2022","8200 JONES BRANCH DR,MCLEAN,VA,22102","https://auditchain.finance/analysis/QmX4gECfskskWnnz47FeU2cW2V5x2dXZCivDqY1zFbqoYp"
"AMERICAN REBEL HOLDINGS, INC. (AREB) 10-Q for Q3, 2022","718 THOMPSON LANE, STE 108-199,NASHVILLE,TN,37204","https://auditchain.finance/analysis/QmQPsWd43HFwGggyyg21vNV7v1VNFGyFtnWp2Bai7zJbJk"
"DENTSPLY SIRONA Inc. (XRAY) 10-Q for Q3, 2022","13320 BALLANTYNE CORPORATE PLACE,CHARLOTTE,NC,28277-3607","https://auditchain.finance/analysis/QmVbDoxhjyhvg8YYxs3NXLX155E9W2qwL1kUS5PFz25fng"
"AMERICAN VANGUARD CORPORATION (AVD) 10-Q for Q3, 2022","4695 MACARTHUR COURT,NEWPORT BEACH,CA,92660","https://auditchain.finance/analysis/QmNTYkPgzRYadFTt3CrGRVgPj9M45TFh9uSA7Vxc22B6zH"
"DIAMOND OFFSHORE DRILLING, INC. (DO) 10-Q for Q3, 2022","15415 KATY FREEWAY,HOUSTON,TX,77094","https://auditchain.finance/analysis/QmT94Nw7zWqjPYjYsUfz5eed6ra4AmS5irFtqd4FYdd9C3"
"Blucora, Inc. (BCOR) 10-Q for Q3, 2022","3200 OLYMPUS BLVD.,DALLAS,TX,75019","https://auditchain.finance/analysis/Qmc1w6oeC3yj8oQjsckzPq31LRQVbEzqfuThyXkiFuWrwy"
"BLUEGREEN VACATIONS HOLDING CORPORATION (BVH) 10-Q for Q3, 2022","401 EAST LAS OLAS BLVD,FORT LAUDERDALE,FL,33301","https://auditchain.finance/analysis/QmRquarrtJsoZmhzvyyRgZ4jmbGD8RDGvnDj38hPTzVrLS"
"AMERISAFE, INC. (AMSF) 10-Q for Q3, 2022","2301 HIGHWAY 190 WEST,DERIDDER,LA,70634","https://auditchain.finance/analysis/QmRqGqYUvfhFkMe9k71UnuBnfT6srLsEgwTh4dx69fd381"
"TRUIST FINANCIAL CORPORATION (TFC) 10-Q for Q3, 2022","214 NORTH TRYON STREET,CHARLOTTE,NC,28202","https://auditchain.finance/analysis/Qma8ZCewV4uDGcJBDt6PjQn8DuJDkhU6ZM9UWoSKekjLVP"
"American Airlines Group Inc. (AAL) 10-Q for Q3, 2022","1 SKYVIEW DRIVE,FORT WORTH,TX,76155","https://auditchain.finance/analysis/QmfG8Wwv3WzwXhtMgXwpw7LXb8TxSv5k5VVMa1tYXju6b3"
"BEAZER HOMES USA, INC. (BZH) 10-K for FY, 2022","1000 ABERNATHY ROAD,ATLANTA,GA,30328","https://auditchain.finance/analysis/QmeiP2pteppMFwxTWPZyqe6B27YZUG8ewFg5689oJx9oxJ"
"BOEING CO (BA) 10-Q for Q3, 2022","929 LONG BRIDGE DRIVE,ARLINGTON,VA,22202","https://auditchain.finance/analysis/QmYiJMGmgBvqQaCDXoqidqKYgtUXM7EjVWs3xxJyaES8yV"
"FEDERAL HOME LOAN BANK OF BOSTON () 10-Q for Q3, 2022","800 BOYLSTON STREET,BOSTON,MA,02199","https://auditchain.finance/analysis/Qmf5FrGiY4WGL1LaqkY5uiEUzmc6i9Dp38EH1JnkRqsmSi"
"BOEING CO (BA) 10-Q for Q3, 2022","929 LONG BRIDGE DRIVE,ARLINGTON,VA,22202","https://auditchain.finance/analysis/Qmca8fC3Sw8o1LmoHvHyUu9NiRXC5Q7VjVfXkTszFhSStb"
"MALIBU BOATS, INC. (MBUU) 10-Q for Q1, 2023","5075 KIMBERLY WAY,LOUDON,TN,37774","https://auditchain.finance/analysis/QmUJ3fgTE7cgTzLBnrVSG5GNgMB7tRFTNt8rKFw3kow9ZS"
"FEDERAL HOME LOAN BANK OF CINCINNATI () 10-Q for Q3, 2022","221 E. 4TH STREET,CINCINNATI,OH,45202","https://auditchain.finance/analysis/QmZznvtAKuH53XrMWfAhnkdiDHWT9AHYJkEvxAiNG3E9fv"
"THE BOSTON BEER COMPANY, INC. (SAM) 10-Q for Q3, 2022","ONE DESIGN CENTER PLACE,BOSTON,MA,02210","https://auditchain.finance/analysis/QmQ9rtgxyuEeK58yQuHmtWXKNLy6ZXN7H6DQokciEVDUHq"
"FEDERAL HOME LOAN BANK OF DALLAS () 10-Q for Q3, 2022","8500 FREEPORT PARKWAY SOUTH,IRVING,TX,75063","https://auditchain.finance/analysis/Qmb4XFzMVcUcqTCzHadvsT4g1cyNSPX5sadz6hixhgffsN"
"FIFTH THIRD BANCORP (FITB) 10-Q for Q3, 2022","38 FOUNTAIN SQ PLZ,CINCINNATI,OH,45263","https://auditchain.finance/analysis/QmefntcbTrTEfVTcBLiVVP6tE3Jo7EppEGSWQEJPtzFWfZ"
"FEDERAL HOME LOAN BANK OF INDIANAPOLIS () 10-Q for Q3, 2022","8250 WOODFIELD CROSSING BOULEVARD,INDIANAPOLIS,IN,46240","https://auditchain.finance/analysis/QmcASJuSnwyBZDPPU2Px3Yi6spQX8TEkeyfGEHANjPjEXy"
"MANAGED FUTURES PREMIER WARRINGTON L.P. () 10-Q for Q3, 2022","C/O WARRINGTON GP, LLC,DALLAS,TX,75201","https://auditchain.finance/analysis/QmbUEz5v6PN6Xvmn9unDR6mTX2dNLTWvj78Tq5GDi6g98o"
"MANHATTAN BRIDGE CAPITAL, INC. (LOAN) 10-Q for Q3, 2022","60 CUTTER MILL RD.,,GREAT NECK,,NY,11021","https://auditchain.finance/analysis/QmY6adcZe7dfnmQjcFVVBGHxYDyr7aVBrj94ADVSCxN55o"
"FEDERAL HOME LOAN BANK OF PITTSBURGH () 10-Q for Q3, 2022","601 GRANT STREET,PITTSBURGH,PA,15219","https://auditchain.finance/analysis/QmT3G4p3nmHzrkSu2BmttsSZQ8ZCAGLKobRmVhh8borPc9"
"FEDERAL HOME LOAN BANK OF TOPEKA () 10-Q for Q3, 2022","500 SW WANAMAKER ROAD,TOPEKA,KS,66601-0176","https://auditchain.finance/analysis/QmYyP7myjcjJb3QiWtMSSaXdys9hJpYTh8oQU2qqX5iDTV"
"MannKind Corporation (MNKD) 10-Q for Q3, 2022","1 CASPER STREET,DANBURY,CT,06810","https://auditchain.finance/analysis/QmPf93EjooSyNrPB23S5w3Nagtz2Pbq5a6ZoQLegTUDZ22"
"Fidelity National Information Services, Inc. (FIS) 10-Q for Q3, 2022","347 RIVERSIDE AVENUE,JACKSONVILLE,FL,32202","https://auditchain.finance/analysis/QmdTdiDMCh8hhuAC3TEo9M8tEsY5gNjjevYrtRzDCsLFHN"
"Marchex, Inc. (MCHX) 10-Q for Q3, 2022","520 PIKE STREET,SEATTLE,WA,98101","https://auditchain.finance/analysis/QmYJRT7kbo5t7RAfAqRHpgGjc28teu3nKtzm65LGuX7PZD"
"First America Resources Corporation () 10-Q for Q1, 2023","1000 E. ARMSTRONG ST.,MORRIS,IL,60450","https://auditchain.finance/analysis/QmY3h9qkPY8pUVtNV74ARWJHrhVcBuZSmcLFesY7r9Tsm6"
"MURPHY USA INC. (MUSA) 10-Q for Q3, 2022","200 PEACH STREET,EL DORADO,AR,71730-5836","https://auditchain.finance/analysis/QmTRLw9ACqmjAsfceEMXUeVYD1thMLus65XufRiibaB5bD"
"Black Stone Minerals, L.P. (BSM) 10-Q for Q3, 2022","1001 FANNIN STREET, SUITE 2020,HOUSTON,TX,77022","https://auditchain.finance/analysis/QmVjvfVCsws7PPGgnGbrtPM9Hvg2NQkapjthgCruqQSYB9"
"Marin Software Incorporated (MRIN) 10-Q for Q3, 2022","123 MISSION ST,SAN FRANCISCO,CA,94105","https://auditchain.finance/analysis/QmRjTBrbT1JmX84JZ5xRDZQ7DtKFvcgg3DXoD1o9dXwggK"
"MARINE PRODUCTS CORPORATION (MPX) 10-Q for Q3, 2022","2801 BUFORD HIGHWAY NE, SUITE 300,ATLANTA,GA,30329","https://auditchain.finance/analysis/QmcqhXP3bhe2bVfLYMGaapqyhE2FimEQccFiX5jaSLDuAd"
"EHEALTH, INC. (EHTH) 10-Q for Q3, 2022","2625 AUGUSTINE DRIVE, SUITE 150,SANTA CLARA,CA,95054","https://auditchain.finance/analysis/QmSgDG2UrsmuS1wcvAfrtYGC3Bf1kdYY4y31AF8yuqjtcX"
"MARINUS PHARMACEUTICALS, INC. (MRNS) 10-Q for Q3, 2022","5 RADNOR CORPORATE CENTER SUITE 500,RADNOR,PA,19087","https://auditchain.finance/analysis/QmSbQ1iJiUTS5VGEXR25kmieuAFkyGZLjDsnKAMaqWjrWp"
"MYRIAD GENETICS, INC. (MYGN) 10-Q for Q3, 2022","320 WAKARA WAY,SALT LAKE CITY,UT,84108","https://auditchain.finance/analysis/QmakGFhcWJ4wFBxsSjhEEw3pS5yo87Vg1EJpfQg4XmkD7d"
"BlackRock, Inc. (BLK) 10-Q for Q3, 2022","55 EAST 52ND STREET,NEW YORK,NY,10055","https://auditchain.finance/analysis/QmQL7aJ6FLMGcQahhQPrMusyQBHn7brLH4Vty3knCMLjHN"
"MARKEL CORPORATION (MKL) 10-Q for Q3, 2022","4521 HIGHWOODS PARKWAY,GLEN ALLEN,VA,23060-6148","https://auditchain.finance/analysis/QmaKEDp54rCuoU39EFxuWyhAxGZ2Jt1FCsyrpwCueLmrcD"
"MARLIN BUSINESS SERVICES CORP. (MRLN) 10-Q for Q3, 2021","300 FELLOWSHIP ROAD,MT. LAUREL,NJ,08054","https://auditchain.finance/analysis/QmZ4ZHVdMib5BJvQNGgxLnRg47Zp4Qf7gtDbPdR5kzbt3D"
"NACCO INDUSTRIES, INC. (NC) 10-Q for Q3, 2022","5875 LANDERBROOK DR,CLEVELAND,OH,44124-4069","https://auditchain.finance/analysis/QmNWiZ3MVth3gKfexgrCZxiZ2hckbTaDYZguwsiBFuMe6b"
"MARTEN TRANSPORT, LTD (MRTN) 10-Q for Q3, 2022","129 MARTEN ST,MONDOVI,WI,54755","https://auditchain.finance/analysis/QmdKNMmfWgsefca4gQF62zBwwp1mtH1kfDihgNer7fa1qd"
"Nanophase Technologies Corporation () 10-Q for Q3, 2022","1319 MARQUETTE DRIVE,ROMEOVILLE,IL,60446","https://auditchain.finance/analysis/QmVQPdipS6xwo3hpXjyesa18hZxqijwBRUbzDiRttrdJVv"
"MARTIN MARIETTA MATERIALS, INC. (MLM) 10-Q for Q3, 2022","4123 PARKLAKE AVE,RALEIGH,NC,27612","https://auditchain.finance/analysis/QmWUcQ9Bc53faa2H2WqmieqVLeuvAhV8HA7vCmYBXssuts"
"BLUE LINE PROTECTION GROUP, INC. () 10-Q for Q3, 2022","5765 LOGAN STREET,DENVER,CO,80216","https://auditchain.finance/analysis/QmU9tP7ySRZ7U2ABQRY7iqUcZfpQM8wqwnXtjfmmejTdg5"
"NEXT-ChemX Corporation () 10-Q for Q3, 2022","1111 W 12TH STREET, #113,TEXAS,TX,78703","https://auditchain.finance/analysis/QmSHdzCrw7L1oJnMQT88AMnmSrPjB3Qs1dU4faRLGYDj2X"
"BlueLinx Holdings Inc. (BXC) 10-Q for Q3, 2022","1950 SPECTRUM CIRCLE,MARIETTA,GA,30067","https://auditchain.finance/analysis/QmQ6xX4bnf6smSvdsxGCgri7UaQj8igqmiJoNqAHLYByVW"
"Inspire Medical Systems, Inc. (INSP) 10-Q for Q3, 2022","5500 WAYZATA BLVD,GOLDEN VALLEY,MN,55416","https://auditchain.finance/analysis/QmbrewPAF7cX6vifZXPsTmdMiFxfPJwuHMh9195RQmui95"
"IMMUNITYBIO, INC. (IBRX) 10-Q for Q3, 2022","3530 JOHN HOPKINS COURT,SAN DIEGO,CA,92121","https://auditchain.finance/analysis/QmQYC4CETDE4DayxPcF6Ex2Pt6Y8g2XSu9ESG5NFLMvH6m"
"THE FIRST BANCSHARES, INC. (FBMS) 10-Q for Q3, 2022","6480 US HIGHWAY 98 WEST,HATTIESBURG,MS,39402","https://auditchain.finance/analysis/QmWR2nrg27vHDH1KxYrSVp6W37hYZ2GmCvhfMbboKGfV2X"
"Mallinckrodt plc (MNK) 10-Q for Q3, 2022","COLLEGE BUSINESS & TECHNOLOGY PARK,DUBLIN 15,L2,D15","https://auditchain.finance/analysis/QmVwuTdNSiuZY5yTcrS1ZtccZw7dG17XQ5qJvsuSkeqGE9"
"National Fuel Gas Company (NFG) 10-K for FY, 2022","6363 MAIN STREET,WILLIAMSVILLE,NY,14221-5887","https://auditchain.finance/analysis/QmfVkUKrmBF7QKhCpr9T1ASiAFQKQiQCWnffRGo7LXXkqF"
"NATIONAL HEALTHCARE CORP (NHC) 10-Q for Q3, 2022","100 E. VINE ST,MURFREESBORO,TN,37130","https://auditchain.finance/analysis/QmZSyp2JYNYarqL1uDcNJ8mZrTtTLUoF96tE6sFwyHWBUr"
"FIRST COMMONWEALTH FINANCIAL CORP /PA/ (FCF) 10-Q for Q3, 2022","601 PHILADELPHIA STREET,INDIANA,PA,15701","https://auditchain.finance/analysis/QmeBBbgGxNkmEMLZWpbt8tF92jkeqQ4aBhqzHo3MvJr8X3"
"NOV INC. (NOV) 10-Q for Q3, 2022","7909 PARKWOOD CIRCLE DR,HOUSTON,TX,77036","https://auditchain.finance/analysis/QmS9KhXwWWcDvqMHVcShqLnQX9bG36Suk5wsQdpnAdcXqk"
"FIRST COMMUNITY CORPORATION (FCCO) 10-Q for Q3, 2022","5455 SUNSET BLVD,LEXINGTON,SC,29072","https://auditchain.finance/analysis/QmVQDnXJQav3enrBYmhSViVa6gJuk4xAzzUMw9jauFjLss"
"Mammoth Energy Services, Inc. (TUSK) 10-Q for Q3, 2022","14201 CALIBER DRIVE,OKLAHOMA CITY,OK,73134","https://auditchain.finance/analysis/QmTEHgTDNfpvgaxS6EXA8C2FZb4CDUiBVMfjgpRbTPY9wR"
"NATIONAL PRESTO INDUSTRIES INC (NPK) 10-Q for Q3, 2022","3925 N HASTINGS WAY,EAU CLAIRE,WI,54703","https://auditchain.finance/analysis/QmTA4v16NcqBKVun4nNtpAWJqmdWCrWSZvFXGvNi8g2sNp"
"MANPOWERGROUP INC. (MAN) 10-Q for Q3, 2022","100 MANPOWER PLACE,MILWAUKEE,WI,53212","https://auditchain.finance/analysis/QmQr1Dxeo46WUN1FLN1p7F9rC3pobREGE2JCs1kSWiiyTC"
"Bone Biologics Corporation (BBLG) 10-Q for Q3, 2022","2 BURLINGTON WOODS DRIVE,,BURLINGTON,MA,01803","https://auditchain.finance/analysis/QmYfsJ2NkbVnoP1RmjDbLgG9n35P6GuVpyYSi8Lb51KSWh"
"NATIONAL WESTERN LIFE GROUP, INC. (NWLI) 10-Q for Q3, 2022","C/O NATIONAL WESTERN LIFE INSURANCE CO.,AUSTIN,TX,78720-9080","https://auditchain.finance/analysis/QmZyad4dBkeu1d7qM6fd3CvoYT2qoPQFzYZWQ8KuRLbkQ9"
"Marathon Oil Corporation (MRO) 10-Q for Q3, 2022","P O BOX 3128,HOUSTON,TX,77253-3128","https://auditchain.finance/analysis/Qmc6Qwfj7gL2Ufz2ay9mwSGnnkWmWB847v8HcsD2ne5eLP"
"NATURAL GAS SERVICES GROUP, INC. (NGS) 10-Q for Q3, 2022","404 VETERANS AIRPARK LANE,MIDLAND,TX,79705","https://auditchain.finance/analysis/QmfAm842AEMsraFWUstdn5A81CtfgsGTGgSLRPxgiE9beC"
"Boot Barn Holdings, Inc. (BOOT) 10-Q for Q2, 2023","15345 BARRANCA PARKWAY,IRVINE,CA,92618","https://auditchain.finance/analysis/QmdHffxqra7SeHaYrRhydgyxMbYPYQR61rdRU6e7ADfo9D"
"MARCUS & MILLICHAP, INC. (MMI) 10-Q for Q3, 2022","23975 PARK SORRENTO,CALABASAS,CA,91302","https://auditchain.finance/analysis/QmVUNTqC6KKcgUqHM4AFzDHmxNTFKnyjgHkqbHeFtC8Yt3"
"FIRST HAWAIIAN, INC. (FHB) 10-Q for Q3, 2022","999 BISHOP STREET,HONOLULU,HI,96813","https://auditchain.finance/analysis/QmZCs3gLUL4vJxbtkttE2ZG8Wbzt8ut8qfMubR3GafMRmv"
"Natural Health Trends Corp. (NHTC) 10-Q for Q3, 2022","UNITS 1205-07, 12F, MIRA PLACE TOWER A,HONG KONG,K3,00000","https://auditchain.finance/analysis/QmRLaQu14NKLW1GY95dCs7LjgVeUXhWkrNGtoUy5SLnHjn"
"NATURE’S SUNSHINE PRODUCTS, INC. (NATR) 10-Q for Q3, 2022","2901 WEST BLUEGRASS BLVD.,LEHI,UT,84043","https://auditchain.finance/analysis/QmNLuLjs2z1YEaZhHB9rR6sFkhBWd1Y66bQCxhSEwbArBa"
"ADHERA THERAPEUTICS, INC. () 10-Q for Q3, 2022","P.O. BOX 2161,WAKE FOREST,NC,27588","https://auditchain.finance/analysis/QmQohn19Bwgo3fHpsP1TroBnEsXeH8CEJLSXsvBoUA1nbf"
"NAUTILUS, INC. (NLS) 10-Q for Q2, 2023","17750 SE 6TH WAY,VANCOUVER,WA,98683","https://auditchain.finance/analysis/QmS1WcQd4dNGcKAcg1hxCtL5hHE9UcuQPNqVjSsCi3LGT7"
"Navient Corporation (NAVI) 10-Q for Q3, 2022","123 JUSTISON STREET,WILMINGTON,DE,19801","https://auditchain.finance/analysis/QmemuCmdLNfLmee4rJUaejRmhwtMNQAiKNwwAiqPxS49mm"
"FIRST INTERSTATE BANCSYSTEM, INC. (FIBK) 10-Q for Q3, 2022","P O BOX 30918,BILLINGS,MT,59116-0918","https://auditchain.finance/analysis/QmSXoPHUj8aN3zLwTvTJRXcVGkr73QWVRiKxTS2vkD6gqy"
"BRAINSTORM CELL THERAPEUTICS INC. (BCLI) 10-Q for Q3, 2022","1325 AVENUE OF AMERICAS,NEW YORK,NY,10019","https://auditchain.finance/analysis/QmVA6Yx6AApXGufBnxSt4sBnKRKjgH8fKnFEm6Mnj7i2N1"
"FIRST MERCHANTS CORP (FRME) 10-Q for Q3, 2022","200 E JACKSON ST,MUNCIE,IN,47308-0792","https://auditchain.finance/analysis/QmaDU996iWvJ9eVr3FUJKXGBVsJDLCtJfNMsiTqCxbWVwt"
"BRIGHTCOVE INC (BCOV) 10-Q for Q3, 2022","281 SUMMER STREET,BOSTON,MA,02210","https://auditchain.finance/analysis/QmaawBSbtgYBXKUDkvC5sKjLXf8XCagumKtC2Hb4K8Zhxk"
"First Northern Community Bancorp () 10-Q for Q3, 2022","195 N FIRST STREET,DIXON,CA,95620","https://auditchain.finance/analysis/QmZSwG2CkbJwoBZSuSSnFzkNRsyu9Ytfy5zvVSUY9YELjH"
"Brighthouse Life Insurance Company () 10-Q for Q3, 2022","11225 NORTH COMMUNITY HOUSE ROAD,CHARLOTTE,NC,28277","https://auditchain.finance/analysis/QmXVZ5t9ond4dftGYKmvbWZSNG1QjLPiLw6uJa9Pza4HVZ"
"THE FIRST OF LONG ISLAND CORPORATION (FLIC) 10-Q for Q3, 2022","275 BROADHOLLOW ROAD,MELVILLE,NY,11747","https://auditchain.finance/analysis/QmXz7ffFxgWgGcGco3TTJyNV1EQPYcS1f2gjXBEXaL4nda"
"MAUI LAND & PINEAPPLE COMPANY, INC. (MLP) 10-Q for Q3, 2022","200 VILLAGE ROAD,LAHAINA,HI,96761","https://auditchain.finance/analysis/QmVwHbnmuVj9NEY7sBpJTHQgbjDvKx6wiiutc8qro64U6B"
"First United Corporation (FUNC) 10-Q for Q3, 2022","19 S SECOND ST,OAKLAND,MD,21550","https://auditchain.finance/analysis/QmY1JVyMVMzMwmU1XiVz2xCppsjeoTzWUT4JyzV1kxCY5E"
"FIRSTCASH HOLDINGS, INC. (FCFS) 10-Q for Q3, 2022","1600 WEST 7TH STREET,FORT WORTH,TX,76102","https://auditchain.finance/analysis/QmXKyLnLkMtXH3axdGosdos2Dh4sRRQ3Rru7GyiSSG2Gus"
"MaxLinear Inc. (MXL) 10-Q for Q3, 2022","5966 LA PLACE CT.,CARLSBAD,CA,92008","https://auditchain.finance/analysis/QmUaTm4DyYP1PFu7pGKmWbpyDhreNwNggcTYp6Fi39u3AY"
"FISERV, INC. (FISV) 10-Q for Q3, 2022","255 FISERV DR,BROOKFIELD,WI,53045","https://auditchain.finance/analysis/QmaCKAHD4rut6SJ7ixNDPinGCsjHYb7DtZTYw9FrRhejYT"
"Flagstar Bancorp, Inc. (FBC) 10-Q for Q3, 2022","5151 CORPORATE DRIVE,TROY,MI,48098-2639","https://auditchain.finance/analysis/QmVqPwmYMWJdGFb6oxzZyzopGcPp41d4H4wLvSSrXjjnwW"
"BROADWAY FINANCIAL CORPORATION (BYFC) 10-Q for Q3, 2022","LOS ANGELES","https://auditchain.finance/analysis/Qme7EGXmdnTgvQD6Wd8oqjRwfLxDK7e5mGZWgdSu2eEvnx"
"Stagwell Inc (STGW) 10-Q for Q3, 2022","ONE WORLD TRADE CENTER, FLOOR 65,NEW YORK,NY,10007","https://auditchain.finance/analysis/QmR6LD2hbZjLThxcehU8xysfBmSPzTa2ExcXtjGwPrnw8q"
"Olin Corporation (OLN) 10-Q for Q3, 2022","OLIN CORPORATION,CLAYTON,MO,63105","https://auditchain.finance/analysis/QmRy8BkSYNLdBMV4TiMCNi34tSQ1wEXQKNuSL7RGpca2AK"
"MDU RESOURCES GROUP INC (MDU) 10-Q for Q3, 2022","1200 WEST CENTURY AVENUE,BISMARCK,ND,58503","https://auditchain.finance/analysis/Qmb3qV3qZ8QcKv9r8HzpcC8T3eHTEYKGazJPB6yVUcgpdA"
"FLEETCOR Technologies, Inc (FLT) 10-Q for Q3, 2022","3280 PEACHTREE ROAD,ATLANTA,GA,30305","https://auditchain.finance/analysis/QmfALFfe5ewQHtQNvePuy911ps7SoBqbCqmARtEMtUoRVA"
"MED SPA VACATIONS INC. () 10-Q for Q3, 2022","500 W. 5TH STREET, SUITE 800,WINSTON SALEM,NC,27101","https://auditchain.finance/analysis/QmT1iA4rmspwTNbMVan6mCBb2XRxtdojH8V3LSpG9Si3wD"
"FLEXIBLE SOLUTIONS INTERNATIONAL INC. (FSI) 10-Q for Q3, 2022","2614 QUEENSWOOD DR,VICTORIA B C,A1,V8N 1X5","https://auditchain.finance/analysis/QmUDTg3FFzBTSu5dFegHCDMhSkBKcxMTFtCVv3EofWqJth"
"CareCloud, Inc. (MTBC) 10-Q for Q3, 2022","7 CLYDE ROAD,SOMERSET,NJ,08873","https://auditchain.finance/analysis/QmNgGGv5A4DU26aN1YLCaTybMaBv9SZnsjm8uXM5TJDFGy"
"Medifast, Inc. (MED) 10-Q for Q3, 2022","11445 CRONHILL DRIVE,OWINGS MILLS,MD,21117","https://auditchain.finance/analysis/QmPPYTiatTVY1Pqgkvd31APTC23DaAN6H77J85R5dZEj6j"
"BUCKLE, INC (BKE) 10-Q for Q2, 2022","2407 W 24TH ST,KEARNEY,NE,68847","https://auditchain.finance/analysis/Qma5CihjN4AtGPPcsNMFyYU5Ca4FLRhRk1jAd4shCsxdSn"
"Pediatrix Medical Group, Inc. (MD) 10-Q for Q3, 2022","1301 CONCORD TERRACE,SUNRISE,FL,33323","https://auditchain.finance/analysis/QmcLfVZExZYb7YVhGRpKrWNjotaPxLfXyd3CbLpPGYezm1"
"FIRST BUSINESS FINANCIAL SERVICES, INC. (FBIZ) 10-Q for Q3, 2022","401 CHARMANY DRIVE,MADISON,WI,53719","https://auditchain.finance/analysis/QmSy3E3aPTWdSZEFU7q3AWc3tnaygj4rczwz8wtpFb5K8h"
"H-CYTE, INC (HCYT) 10-Q for Q3, 2022","2202 N. WEST SHORE BLVD,TAMPA,FL,33607","https://auditchain.finance/analysis/QmXokihvRHuJpW9uBukznqwx3PNHWQdoKu5D2Eey3FJWmT"
"FIRST GUARANTY BANCSHARES, INC. (FGBI) 10-Q for Q3, 2022","400 EAST THOMAS STREET,HAMMOND,LA,70401","https://auditchain.finance/analysis/QmVrMP1TWpARMw63ZzcGkVASZHN7fmCE6dEPEXTaqmmw9x"
"Savara Inc. (SVRA) 10-Q for Q3, 2022","6836 BEE CAVE ROAD,AUSTIN,TX,78746","https://auditchain.finance/analysis/QmUNuXvF6hGK6wpufpiXwYatssBE6hYyjdcU3jeYX98gQ5"
"Matador Resources Company (MTDR) 10-Q for Q3, 2022","5400 LBJ FREEWAY,DALLAS,TX,75240","https://auditchain.finance/analysis/QmZ5kvAP2R7wvmffp9GX4w7p9QEnrPiJqwX3vzbXbGfwmP"
"First Internet Bancorp (INBK) 10-Q for Q3, 2022","8701 E. 116TH STREET,FISHERS,IN,46038","https://auditchain.finance/analysis/Qmd57pFLBJR2YCKk7QjGKcwRSQBKCseavA6jvGXe4YYCGW"
"Matson, Inc. (MATX) 10-Q for Q3, 2022","1411 SAND ISLAND PARKWAY,HONOLULU,HI,96819","https://auditchain.finance/analysis/QmNgzdPVhg2gqWkSbbSPj9x2Lw1gEcev4eQYLtw2uQtYfe"
"First Northwest Bancorp (FNWB) 10-Q for Q3, 2022","105 WEST 8TH STREET,PORT ANGELES,WA,98362","https://auditchain.finance/analysis/QmXL5Aq7YynDAHHRACxMyjBsCTcNLDaRQSFoy6xtDvH4r4"
"Bristow Group Inc. (VTOL) 10-Q for Q2, 2023","3151 BRIARPARK DRIVE, SUITE 700,HOUSTON,TX,77042","https://auditchain.finance/analysis/QmdWKnydZ7BfE5P81SFzsAaam57KHr89GkgNo6jHiHJVan"
"MCEWEN MINING INC. (MUX) 10-Q for Q3, 2022","SUITE 2800,TORONTO,A6,M5H 1J9","https://auditchain.finance/analysis/QmVFMQLZmAwy6MAs3Mg9JbF1fV267o9dxojRjyTRt2xnSL"
"BROOKDALE SENIOR LIVING INC. (BKD) 10-Q for Q3, 2022","111 WESTWOOD PLACE,BRENTWOOD,TN,37027","https://auditchain.finance/analysis/QmexNkuJy94W1EMTZ2LhmomwuJ52v1emJhm19HCwsdhrSY"
"MEDICINE MAN TECHNOLOGIES, INC. () 10-Q for Q3, 2022","4880 HAVANA STREET,DENVER,CO,80239","https://auditchain.finance/analysis/Qmch7rtYRytZPhov5ciEUrP8xmtaAWusdTuacWRhxbgans"
"BUILDERS FIRSTSOURCE, INC. (BLDR) 10-Q for Q3, 2022","2001 BRYAN STREET, SUITE 1600,DALLAS,TX,75201","https://auditchain.finance/analysis/QmW7cqmdVbjeNBPXy2wn7hCJGREiLFqeRq1soEYcukd8Yo"
"MERCANTILE BANK CORPORATION (MBWM) 10-Q for Q3, 2022","310 LEONARD STREET NW,GRAND RAPIDS,MI,49504","https://auditchain.finance/analysis/QmQmH2B3goroXemq476Cq2ukGyNGR4dNJR5nsS5GpHhprU"
"First Savings Financial Group, Inc. (FSFG) 10-Q for Q3, 2022","702 NORTH SHORE DRIVE,JEFFERSONVILLE,IN,47130","https://auditchain.finance/analysis/QmNdqcrjGpkQwWLg5ThoszqHTMSkvZwb1wXqDfJb23eVyr"
"Flexion Therapeutics, Inc. (FLXN) 10-Q for Q3, 2021","10 MALL ROAD,BURLINGTON,MA,01803","https://auditchain.finance/analysis/QmSCgJtdmtht5UMfvZVfvpGKdsVTjnyFxVegSNmshbhoyq"
"LUMENT FINANCE TRUST, INC. (LFT) 10-Q for Q3, 2022","230 PARK AVENUE,NEW YORK,NY,10169","https://auditchain.finance/analysis/QmNt7Tb9F1bvczqVENA6jE4cqwJ7gatuGN64NWJuHTQ8y4"
"FLEXSTEEL INDUSTRIES, INC. (FLXS) 10-Q for Q1, 2023","385 BELL ST.,DUBUQUE,IA,52001","https://auditchain.finance/analysis/QmNhfMqZRz8pmGbbnCbATQQBx9iUYnhHzEjmVso8MdufaS"
"MERCURY SYSTEMS, INC. (MRCY) 10-Q for Q1, 2023","50 MINUTEMAN ROAD,ANDOVER,MA,01810","https://auditchain.finance/analysis/QmPbnNEYf7wrjQWjatWrccJAd1YRzDW8ukLELW1eyfpEmu"
"MEREDITH CORPORATION (MDP) 10-Q for Q1, 2022","1716 LOCUST ST,DES MOINES,IA,50309","https://auditchain.finance/analysis/Qmc9F9BaWCydLZAYVkvKf5whZPw6VcWPa6ZMjqmsoGZBMV"
"MERIT MEDICAL SYSTEMS INC (MMSI) 10-Q for Q3, 2022","1600 WEST MERIT PARK WAY,SOUTH JORDAN,UT,84095","https://auditchain.finance/analysis/QmUsEwMocCi9EkeFnt6e3Jf4ymJrRmKxzu9uJ56j7r8Y3f"
"FLOTEK INDUSTRIES INC/CN (FTK) 10-Q for Q3, 2022","8846 N. SAM HOUSTON PARKWAY W.,HOUSTON,TX,77064","https://auditchain.finance/analysis/QmW9XMCKy6Hm5pEhbauyoGB4mS8DGE6tJsaMkp89nnXR9d"
"MERIT MEDICAL SYSTEMS INC (MMSI) 10-Q for Q3, 2022","1600 WEST MERIT PARK WAY,SOUTH JORDAN,UT,84095","https://auditchain.finance/analysis/QmPaUTV6UR4U7EGJKSJfuL9wRYCsjfPZKX1kPnUZQo81ch"
"CACI International Inc (CACI) 10-Q for Q1, 2022","TWO RESTON OVERLOOK,RESTON,VA,20190","https://auditchain.finance/analysis/QmVsRNUU1aKk96KAjKZi8U82HBBETzouophf9SMn36f5TK"
"MetLife, Inc. (MET) 10-Q for Q3, 2022","200 PARK AVENUE,NEW YORK,NY,10166","https://auditchain.finance/analysis/QmQftXtKsVCNqVsaaXY8mkafoSbR3J3fsuKfJwzo7si5Zk"
"STANDARD BIOTOOLS INC. (LAB) 10-Q for Q3, 2022","2 TOWER PLACE,SOUTH SAN FRANCISCO,CA,94080","https://auditchain.finance/analysis/QmPoKjSPetoWQyfXrBV8SYg4VYgRoJ2sGh88mcVAJsJAYM"
"Forestar Group Inc. (FOR) 10-K for FY, 2022","2221 E. LAMAR BLVD.,ARLINGTON,TX,76006","https://auditchain.finance/analysis/QmWHwzWAZci2GUSqjjENQ7XEVDjMCoEsxwjMbdo1vBUW9T"
"FNB CORP/PA/ (FNB) 10-Q for Q3, 2022","F.N.B. CORPORATION,PITTSBURGH,PA,15212","https://auditchain.finance/analysis/QmSQFgKd83yobXZ916xRzxNSYDR2q7UKNL92QoFK12PN2k"
"XWELL, Inc.  (XWEL) 10-Q for Q3, 2022","254 WEST 31ST STREET,NEW YORK,NY,10001","https://auditchain.finance/analysis/QmQRLkJaxQmiezy8DkpDohewudM1XMXQimGkou1DMkUZ8a"
"CADENCE DESIGN SYSTEMS, INC. (CDNS) 10-Q for Q3, 2022","2655 SEELY AVENUE BLDG 5,SAN JOSE,CA,95134","https://auditchain.finance/analysis/QmZrSE1ptAaov4Y5VStH5shzGw5x6WP1QabZBzTKebahNh"
"Metropolitan Life Insurance Co () 10-Q for Q3, 2022","200 PARK AVENUE,NEW YORK,NY,10166","https://auditchain.finance/analysis/QmUymo3GPkdZPK4HwTDDhH2v29GdY1PbMVk4EnFQ1Q1aWp"
"FORRESTER RESEARCH, INC. (FORR) 10-Q for Q3, 2022","60 ACORN PARK DRIVE,CAMBRIDGE,MA,02140","https://auditchain.finance/analysis/Qmd9ftqY4RVNUgnUMxTKCNEgdJkzkcXz8JC4h4cwtADyQw"
"Mettler Toledo International Inc (MTD) 10-Q for Q3, 2021","1900 POLARIS PARKWAY,COLUMBUS,OH,43240","https://auditchain.finance/analysis/QmdSdKLz84PhnbL2Q9CE1uFMKG4x684kSeLAAGmjq3ciu7"
"CALIFORNIA WATER SERVICE GROUP (CWT) 10-Q for Q3, 2022","1720 N FIRST ST,SAN JOSE,CA,95112","https://auditchain.finance/analysis/QmPmTrmAC6nQUMfy9dKjXbsBzxpv2Gu8NqCgfp4NLDRfAk"
"FORUM ENERGY TECHNOLOGIES, INC. (FET) 10-Q for Q3, 2022","10344 SAM HOUSTON PARK DRIVE,HOUSTON,TX,77064","https://auditchain.finance/analysis/QmWVpuX9aa9cwLNHa8eL6iQcbxbafV86weLvaAv3ukNQ9A"
"Calix, Inc (CALX) 10-Q for Q3, 2022","2777 ORCHARD PARKWAY,SAN JOSE,CA,95134","https://auditchain.finance/analysis/QmUod5zo6EMBTKXqknRKWxgz3HqqSyeZBLNoZxYhRwqMu4"
"MEWBOURNE ENERGY PARTNERS 09-A, L.P. () 10-Q for Q3, 2022","3901 S. BROADWAY,TYLER,TX,75701","https://auditchain.finance/analysis/QmRsgtnybtYDnDmSECwEK7fehJXyeFapLmEbWDEUiYDfMw"
"MEXCO ENERGY CORPORATION (MXC) 10-Q for Q2, 2023","415 WEST WALL STREET,MIDLAND,TX,79701","https://auditchain.finance/analysis/Qmef3Gh2jdD71ZNuR2KawmrThCNqy17J56W6PvDKbx7J7b"
"FRANKLIN ELECTRIC CO., INC. (FELE) 10-Q for Q3, 2022","9255 COVERDALE ROAD,FORT WAYNE,IN,46809","https://auditchain.finance/analysis/Qmctd11r4gaUAVnmj3AXzUFh14LshRpkxyVKzFst7df364"
"MGE Energy, Inc. (MGEE) 10-Q for Q3, 2022","133 SOUTH BLAIR STREET,MADISON,WI,53701-1231","https://auditchain.finance/analysis/QmPLSMvoZHDVQUS9N6aybtZjBGAmhHWctCr5GHFUWyUWBz"
"Onconova Therapeutics, Inc. (ONTX) 10-Q for Q3, 2022","375 PHEASANT RUN,NEWTOWN,PA,18940","https://auditchain.finance/analysis/QmXrZPn7wiePiWzDJh9XJcNwj3EVnWLWtFhX2H6fgRRwVi"
"CALITHERA BIOSCIENCES, INC. (CALA) 10-Q for Q3, 2022","343 OYSTER POINT BLVD #200,SOUTH SAN FRANCISCO,CA,94080","https://auditchain.finance/analysis/Qme12G89KDGbdA9Xw3RzYQwv1p8vum1EKn7vYFsuWfcJf6"
"ONEMAIN HOLDINGS, INC. (OMF) 10-Q for Q3, 2022","601 N.W. SECOND STREET,EVANSVILLE,IN,47708","https://auditchain.finance/analysis/QmT7f3rEYeS91i8dMRLjDeRJyafnNUgNydZCxM9e2sNRQe"
"IVERIC bio, Inc. (ISEE) 10-Q for Q3, 2022","8 SYLVAN WAY,PARSIPPANY,NJ,07054","https://auditchain.finance/analysis/QmdF683hGCgkpXMAkC56kwwmmDJpofU163Xhw2bWY2xdjF"
"MGM Resorts International (MGM) 10-Q for Q3, 2022","3600 LAS VEGAS BLVD S,LAS VEGAS,NV,89109","https://auditchain.finance/analysis/QmaiwkwBj9DnLdtcYTZFuJWsCjF1ohfR7ExpAQDGu8Bxgk"
"ORAMED PHARMACEUTICALS INC. (ORMP) 10-Q for Q3, 2022","1185 AVENUE OF THE AMERICAS, 3RD FLOOR,NEW YORK,NY,10036","https://auditchain.finance/analysis/QmdUSTJTpoeMhF7SQibUiBiVdDj734fx1MPPQ62o4btFm1"
"ORASURE TECHNOLOGIES, INC (OSUR) 10-Q for Q3, 2022","220 E FIRST ST,BETHLEHEM,PA,18015","https://auditchain.finance/analysis/QmZM7GTzdibwge5cXUtBfwLh5e6rQqH8PhCzVVM1pYmQj7"
"MGT CAPITAL INVESTMENTS, INC. () 10-Q for Q3, 2022","150 FAYETTEVILLE STREET,,RALEIGH,NC,27601","https://auditchain.finance/analysis/QmUK3x6W3DNdmtG68gmMysFQoei8yxZk4P7pymVXEqqzFo"
"MICT, INC. (MICT) 10-Q for Q3, 2022","28 WEST GRAND AVENUE, SUITE 3,MONTVALE,NJ,07645","https://auditchain.finance/analysis/Qme45mBBUk9aLFE1hvRTmLjQerxGjySZP6rhmuq57krhPX"
"ORION GROUP HOLDINGS, INC. (ORN) 10-Q for Q3, 2022","12000 AEROSPACE SUITE 300,Houston,TX,77034","https://auditchain.finance/analysis/QmaVaeUxRZ2ee9DL1Anc1iDTgcQJtSoNtrgXmf8pAbF6K3"
"ORIGINCLEAR, INC. () 10-Q for Q3, 2022","13575 58TH STREET NORTH, SUITE 200,CLEARWATER,FL,33760","https://auditchain.finance/analysis/QmUi5ZRsK4ig5QMBkYkcai7L4WFzk9Z4NkNUnxHf2iBM1z"
"CAPRICOR THERAPEUTICS, INC. (CAPR) 10-Q for Q3, 2022","8840 WILSHIRE BLVD,BEVERLY HILLS,CA,90211","https://auditchain.finance/analysis/QmVuUUzvuFryX3TgD8PkdgV5SCsR1sxm37okgeJTSQ9Zh1"
"ORRSTOWN FINANCIAL SERVICES, INC. (ORRF) 10-Q for Q3, 2022","77 E KING STREET,SHIPPENSBURG,PA,17257","https://auditchain.finance/analysis/QmXyrcovZxjChdCvyuPsBPJJa522uA5NjqPehTPvqkk8B5"
"ORTHOFIX MEDICAL INC. (OFIX) 10-Q for Q3, 2022","3451 PLANO PARKWAY,LEWISVILLE,TX,75056","https://auditchain.finance/analysis/QmQr9bHswZt3JZyWQ9dYrNfDGBgBqKERpGWnvUxmyTP4Rp"
"OSI SYSTEMS, INC. (OSIS) 10-Q for Q1, 2023","12525 CHADRON AVE,HAWTHORNE,CA,90250","https://auditchain.finance/analysis/QmfAUKiXGxzwyExqQ9u2LtHsVy8jxnsrwbJLZMnjMeqxuJ"
"MICROSOFT CORPORATION (MSFT) 10-Q for Q1, 2023","ONE MICROSOFT WAY,REDMOND,WA,98052-6399","https://auditchain.finance/analysis/QmdKUQjKjzTTR3BFgJB6cgYA6Wo16FtC4yV8mQqFF9G2vS"
"CARLISLE COMPANIES INCORPORATED (CSL) 10-Q for Q3, 2022","16430 N. SCOTTSDALE RD.,SCOTTSDALE,AZ,85254","https://auditchain.finance/analysis/QmWJ8WixXb7xL3xKmtLmyRn7VXM2kJYknYF17yZuCaXoMV"
"OVERSEAS SHIPHOLDING GROUP, INC. (OSG) 10-Q for Q3, 2022","TWO HARBOUR PLACE,TAMPA,FL,33602","https://auditchain.finance/analysis/QmPC52KHHDEuPcb6vrkhxHsJKZnGWoiBQMwYYqn2wvzDyS"
"Owens & Minor, Inc. (OMI) 10-Q for Q3, 2022","9120 LOCKWOOD BLVD,MECHANICSVILLE,VA,23116","https://auditchain.finance/analysis/QmZANZfNYbELyHgTwJUjf7orEZ5VDSRcJzk5oqFfp9Npwe"
"Mentor Capital, Inc. () 10-Q for Q3, 2022","5964 CAMPUS COURT,PLANO,TX,75093","https://auditchain.finance/analysis/QmWot9gn3opHxfj1v3KD6AdT894CMwux97udFN1JWysFng"
"GT BIOPHARMA, INC. (GTBP) 10-Q for Q3, 2022","8000 MARINA BLVD,BRISBANE,CA,94005","https://auditchain.finance/analysis/QmQNzXS7jZ3ewC9LTbKdDEXxEAhHAAe6ZCgUQw8crfoSGC"
"OPTIMUMBANK HOLDINGS, INC. (OPHC) 10-Q for Q3, 2022","2477 EAST COMMERCIAL BOULEVARD,FORT LAUDERDALE,FL,33308","https://auditchain.finance/analysis/Qmc5tesGE4LciNXhyvNfqtJSzjqgFbMgUfoGsvZ7rjUhUN"
"Orchid Island Capital, Inc. (ORC) 10-Q for Q3, 2022","3305 FLAMINGO DRIVE,VERO BEACH,FL,32963","https://auditchain.finance/analysis/QmRrykerHWJBKrBhbnHBGDLvrDDYHzxzvixtyat8shYPcM"
"MICROBOT MEDICAL INC. (MBOT) 10-Q for Q3, 2022","25 RECREATION PARK DR SUITE 108,HINGHAM,MA,02043","https://auditchain.finance/analysis/Qmeg6A36JUeA9KeUTAt8msaCE8qK4B88pq6SVyuzk9waz7"
"AMERICAN BATTERY TECHNOLOGY COMPANY () 10-Q for Q1, 2023","401 S RYLAND STREET, SUITE 138,RENO,NV,89502","https://auditchain.finance/analysis/QmVfSxmsjrHz9Q9gaQLqp6STMn1VRXGRnb4t347tCX6LY7"
"MID PENN BANCORP, INC. (MPB) 10-Q for Q3, 2022","2407 PARK DRIVE,HARRISBURG,PA,17110","https://auditchain.finance/analysis/QmXm87pKbu1dKZNSksC3ps8aEqxCWTq1yUknbTZxXLMpaY"
"PACCAR FINANCIAL CORP (ck0000731288) 10-Q for Q3, 2022","777 106TH AVE N E,BELLEVUE,WA,98004","https://auditchain.finance/analysis/Qmf3z2wwK4hzadbDa8bCUb5hbXZxhUDqEKqCRTs6wZTC85"
"CARROLS RESTAURANT GROUP, INC. (TAST) 10-Q for Q3, 2022","968 JAMES STREET,SYRACUSE,NY,13203","https://auditchain.finance/analysis/QmZbBZEYhuNSQW2xr3tHx1yHBw5yHz9UNKH1zcJA7t97TR"
"MIDWEST HOLDING INC. (MDWT) 10-Q for Q3, 2022","2900 SOUTH 70TH STREET,LINCOLN,NE,68506","https://auditchain.finance/analysis/QmTkisKfhYrTDJf5wXj9VB3ah5YdMTYUibaM5wHUTwWT4j"
"MIDDLESEX WATER COMPANY (MSEX) 10-Q for Q3, 2022","485C ROUTE 1 SOUTH,ISELIN,NJ,08830","https://auditchain.finance/analysis/QmU7ugf2WVrycXK9abkZw6bPuREfqbbyPCTrM8NLWCEB7Q"
"PACKAGING CORP OF AMERICA (PKG) 10-Q for Q3, 2022","1955 W FIELD CT,LAKE FOREST,IL,60045","https://auditchain.finance/analysis/QmeeVT1ahYqQqdCzk6aVcRrNcG4DscLWQxhQ9c9EMVcPAX"
"ALTO INGREDIENTS, INC. (ALTO) 10-Q for Q3, 2022","400 CAPITOL MALL, SUITE 2060,SACRAMENTO,CA,95814","https://auditchain.finance/analysis/QmVvCKEd1HgTNLAjGR1PaZCQzQ9ZgjvmQibk3C3eWYjbrM"
"MIDWESTONE FINANCIAL GROUP, INC. (MOFG) 10-Q for Q3, 2022","102 SOUTH CLINTON ST.,IOWA CITY,IA,52240","https://auditchain.finance/analysis/QmPie8u6XzPvJSS8UQy18zYCkffLMNUKgeH7ZnGLKYnEe2"
"PAPA JOHN’S INTERNATIONAL, INC. (PZZA) 10-Q for Q3, 2022","2002 PAPA JOHNS BOULEVARD,LOUISVILLE,KY,40299-2334","https://auditchain.finance/analysis/QmbmBQZRyn6ezHBiY5eHQZEjcQ1aSmmJ68t5NchPrKXM3m"
"Freeport-McMoRan Inc. (FCX) 10-Q for Q3, 2022","333 NORTH CENTRAL AVENUE,PHOENIX,AZ,85004","https://auditchain.finance/analysis/QmcN9XjXSErMDYvwxTUGLCNxsX6WUshQpzfVYy38iAeHMW"
"FRESH DEL MONTE PRODUCE INC (FDP) 10-Q for Q3, 2022","241 SEVILLA AVENUE, 12TH FLOOR,CORAL GABLES,FL,33134","https://auditchain.finance/analysis/QmYnrJ7sNiCk15RgzMWAURutjBWanCknjRisVnFF8aS1eL"
"PARAMOUNT GROUP, INC. (PGRE) 10-Q for Q3, 2022","1633 BROADWAY, SUITE 1801,NEW YORK,NY,10019","https://auditchain.finance/analysis/Qmf72w95dooVpFHEfu78chh5vAN3to9BYPYNb8v7AL1TWr"
"PAR TECHNOLOGY CORPORATION (PAR) 10-Q for Q3, 2022","PAR TECHNOLOGY PARK,NEW HARTFORD,NY,13413","https://auditchain.finance/analysis/QmQUBdHXWzRbhijEEz1Lsd6b4CnYMkvyAvnR2qCGaZVpAx"
"PARK CITY GROUP INC (PCYG) 10-Q for Q1, 2023","5282 SOUTH COMMERCE DRIVE,MURRAY,UT,84107","https://auditchain.finance/analysis/Qmcp8QZMVsnKGU469TR4q7CCHG62WUyNvHoQPgKxqW3SEp"
"SALARIUS PHARMACEUTICALS, INC. (SLRX) 10-Q for Q3, 2022","2450 HOLCOMBE BLVD,HOUSTON,TX,77021","https://auditchain.finance/analysis/Qmf7wFrNJYu4QA539kdJS6Q2YuMfAKpJYHdwXQZtv711vu"
"Park-Ohio Holdings Corp (PKOH) 10-Q for Q3, 2022","6065 PARKLAND BLVD.,CLEVELAND,OH,44124","https://auditchain.finance/analysis/QmaYgbYEkaz9PgiWEGNDV5nuiUvbTuXZdZmF42S9fnMYKG"
"PARKE BANCORP, INC. (PKBK) 10-Q for Q3, 2022","601 DELSEA DRIVE,WASHINGTON TOWNSHIP,NJ,08080","https://auditchain.finance/analysis/Qmdob2Ko1eGa7UjqN2iPmhgTgmvcc2eFn6fHRuhhxux4Sd"
"ONEMAIN HOLDINGS, INC. (OMF) 10-Q for Q3, 2022","601 N.W. SECOND STREET,EVANSVILLE,IN,47708","https://auditchain.finance/analysis/QmeLerhd3dy8p52fy9R4ZaJKfA7pzuCFESXWENFy5ptENY"
"PARKERVISION INC () 10-Q for Q3, 2022","4446 - 1A HENDRICKS AVENUE,JACKSONVILLE,FL,32207","https://auditchain.finance/analysis/QmZUcdmpCBSxnDBUCGW1WnjcQt5sdMk7qBgfHTEzB1QUDh"
"MILLER INDUSTRIES, INC. (MLR) 10-Q for Q3, 2022","8503 HILLTOP DR,OOLTEWAH,TN,37363","https://auditchain.finance/analysis/QmUCtNP1ZrREseCTbeXrUHNBS1TLLvGFKZMoPeMcFheKiv"
"PATRIOT NATIONAL BANCORP INC (PNBK) 10-Q for Q3, 2022","900 BEDFORD ST,STAMFORD,CT,06901","https://auditchain.finance/analysis/QmctdJXsUBeA3TddugdMMLm93P2szKJE9HvQNbUHM2F6PL"
"SPS COMMERCE, INC. (SPSC) 10-Q for Q3, 2022","333 SOUTH SEVENTH STREET,MINNEAPOLIS,MN,55402","https://auditchain.finance/analysis/QmS7TVBmCHLRpwtgB7hytruBfb6m5U2yjENi1UPq1TYboL"
"MINISTRY PARTNERS INVESTMENT COMPANY, LLC () 10-Q for Q3, 2022","915 WEST IMPERIAL HIGHWAY,BREA,CA,92821","https://auditchain.finance/analysis/QmPss33nc4NRr3236Bhibcktkie8zTbXm6N1SEx78HuFdA"
"FLUX POWER HOLDINGS, INC. (FLUX) 10-Q for Q1, 2023","2685 S. MELROSE DRIVE,VISTA,CA,92081","https://auditchain.finance/analysis/QmaqzoC8CCBpFmvZjkBko1R4GSuKKMNuyJDAi1VZ1Cbh36"
"SPX TECHNOLOGIES, INC. (SPXC) 10-Q for Q3, 2022","6325 ARDREY KELL ROAD,CHARLOTTE,NC,28277","https://auditchain.finance/analysis/QmPZjgYoFZSAsLUGSUWbpJSHeAAFCGPP8TEgVgxnhJQDkZ"
"Viridian Therapeutics, Inc./DE (VRDN) 10-Q for Q3, 2022","203 CRESCENT STREET,WALTHAM,MA,02453","https://auditchain.finance/analysis/QmRDjdFaBG2qfpGBx2197rT2G91tsbzWiXYeDe2rPHoa2Y"
"PAVMED INC. (PAVM) 10-Q for Q3, 2022","ONE GRAND CENTRAL PLACE,NEW YORK,NY,10165","https://auditchain.finance/analysis/QmQJAqVav9uJY74SE9EfPuyTCEHeQ3hSbn89yxSFsM9euZ"
"PBF Energy Co LLC (PBF) 10-Q for Q3, 2022","1 SYLVAN WAY,PARSIPPANY,NJ,07054","https://auditchain.finance/analysis/QmQE5iGUdbNipVkpYQmTYJWfiqUXdQpUhfgBHaCQaupYF4"
"Mirati Therapeutics, Inc. (MRTX) 10-Q for Q3, 2022","3545 CRAY COURT,SAN DIEGO,CA,92121","https://auditchain.finance/analysis/QmcSzd1rR94cyMp3WgpRaet6HrLYrvCfRaQ2xXM4Jt8TWQ"
"PBF LOGISTICS LP (PBFX) 10-Q for Q3, 2022","ONE SYLVAN WAY, SECOND FLOOR,PARSIPPANY,NJ,07054","https://auditchain.finance/analysis/QmdaLsQNXrpHnrb3ca6xaUbBWbA14YLfcDAWGGT9nUbakt"
"PALO ALTO NETWORKS, INC (PANW) 10-Q for Q1, 2023","3000 TANNERY WAY,SANTA CLARA,CA,95054","https://auditchain.finance/analysis/QmPUxMAcKokUBoQ62RnobFUvGwbRxeTzz7QpRqMrgNZX8a"
"Fortress Biotech, Inc. (FBIO) 10-Q for Q3, 2022","1111 KANE CONCOURSE,BAY HARBOR ISLANDS,FL,33154","https://auditchain.finance/analysis/QmVK5nTrdGpwBmFWa7xMYcD2Q91gfuJGZMvEN3Pwas4tDb"
"MJ HOLDINGS, INC. (MJNE) 10-Q for Q3, 2022","2580 S. SORREL ST.,,LAS VEGAS,NV,89146","https://auditchain.finance/analysis/QmV83C5tqFwufwdiVtLigVx9nYNZtJwnmyE6h45xvmQJgC"
"Worksport Ltd (WKSP) 10-Q for Q3, 2022","7299 E. DANBRO CRES,MISSISSAUGA,A6,L5N 6P8","https://auditchain.finance/analysis/QmPywZfNHtpa1zXCmJocQsi5fDgJ7Xgq9iDYgTVNbRCHcd"
"MKS INSTRUMENTS, INC. (MKSI) 10-Q for Q3, 2022","2 TECH DRIVE,ANDOVER,MA,01810","https://auditchain.finance/analysis/QmYV61aNs5VRkN3VBY2CRNacSQmd3XQhsuJwHxPZRj6Zpz"
"Parkway Acquisition Corp.  () 10-Q for Q3, 2022","101 JACKSONVILLE CIRCLE,FLOYD,VA,24091","https://auditchain.finance/analysis/Qmaarzi6gQzfYFA93Que7wEV5CqHzraRZDtSN6rKzLLJXM"
"Model N, Inc. (MODN) 10-K for FY, 2022","777 MARINERS ISLAND BOULEVARD,SAN MATEO,CA,94404","https://auditchain.finance/analysis/Qmbb3PE4CZ2CYHtQMZNzjrSCqU4z3iYPvF5vqciUP5zPpv"
"FRANKLIN RESOURCES, INC. (BEN) 10-K for FY, 2022","ONE FRANKLIN PARKWAY,SAN MATEO,CA,94403","https://auditchain.finance/analysis/QmXsdFMEPL5Bxi3v6svhF3dwnqX9f4CXdzYrHDQmPWG8Ba"
"MILESTONE SCIENTIFIC INC. (MLSS) 10-Q for Q3, 2022","220 SOUTH ORANGE AVENUE,LIVINGSTON,NJ,07039","https://auditchain.finance/analysis/QmcWgjdcmn1qUVV4iZujS12E8PSA1T1pMi9BNvvFWsd2sX"
"Paycom Software, Inc. (PAYC) 10-Q for Q3, 2022","7501 W. MEMORIAL ROAD,OKLAHOMA CITY,OK,73142","https://auditchain.finance/analysis/QmYVKFw1NgNpXKA8AJevgSNVE14gAdYkkzfSwvic3tUGBn"
"PayPal Holdings, Inc. (PYPL) 10-Q for Q3, 2022","2211 NORTH FIRST STREET,SAN JOSE,CA,95131","https://auditchain.finance/analysis/QmRG2zJ9sKYmNsgeaRXZt8MLTvxCmrDA24EHFSPSVVDiT6"
"Fox Factory Holding Corp. (FOXF) 10-Q for Q3, 2022","2055 SUGARLOAF CIRCLE, SUITE 300,DULUTH,GA,30097","https://auditchain.finance/analysis/QmYAHdTWDiVk51VqhHkRXTcqJ2bZDV3ePsik29ANKkYzoT"
"PCTEL, Inc. (PCTI) 10-Q for Q3, 2022","471 BRIGHTON DRIVE,BLOOMINGDALE,IL,60108","https://auditchain.finance/analysis/QmSyTwBRGuZK8PL9iWpBtSrGzzUqKDSGE416mTe7d5faEn"
"CORRELATE INFRASTRUCTURE PARTNERS INC. () 10-Q for Q3, 2022","220 TRAVIS STREET,SHREVEPORT,LA,71101","https://auditchain.finance/analysis/Qmez3SVS5dnYmsccgMxADiEtqkUJ2KZMxy9GSqG1W5HNAd"
"PDC ENERGY, INC. (PDCE) 10-Q for Q3, 2022","1775 SHERMAN STREET,DENVER,CO,80203","https://auditchain.finance/analysis/QmdnESVJVru3izxAbUkxiPckrELRCzXrnThUBGpCSTmKpS"
"MIDLAND STATES BANCORP, INC. (MSBI) 10-Q for Q3, 2022","1201 NETWORK CENTRE DRIVE,EFFINGHAM,IL,62401","https://auditchain.finance/analysis/QmRfT69ZVJNjTYMcX3yGZFDJhztRpDnME6zYbx8sQF8fB9"
"PEABODY ENERGY CORP (BTU) 10-Q for Q3, 2022","701 MARKET ST,ST LOUIS,MO,63101-1826","https://auditchain.finance/analysis/QmRS169Wzhugb7hBg4jCDtSZHjL2UpZFp3opst9gBkw7bC"
"PEDEVCO Corp. (PED) 10-Q for Q3, 2022","575 N. DAIRY ASHFORD,HOUSTON,TX,77079","https://auditchain.finance/analysis/QmVQ9mtL5HBpH7geZyL1gxURxYHwBPw4DAQs4mm6TEUWz7"
"FUEL TECH, INC. (FTEK) 10-Q for Q3, 2022","27601 BELLA VISTA PARKWAY,WARRENVILLE,IL,60555","https://auditchain.finance/analysis/QmV928nk1cN3RBFHoRpwtbWvrC2duc3XtDePZywDmB3VuD"
"FULL HOUSE RESORTS INC (FLL) 10-Q for Q3, 2022","ONE SUMMERLIN,LAS VEGAS,NV,89135","https://auditchain.finance/analysis/QmcLhw2ZxbgVHGK1igpkRj7qtxrbvSPRLjqxrDtzee5gVg"
"MIDWEST ENERGY EMISSIONS CORP. () 10-Q for Q3, 2022","1810 JESTER DRIVE,CORSICANA,TX,75109","https://auditchain.finance/analysis/QmVo6qKw3vXWo9VXNUxBcCfMPYMxwHKR9rPMajet1kZi6j"
"PENNS WOODS BANCORP INC (PWOD) 10-Q for Q3, 2022","115 S MAIN ST,JERSEY SHORE,PA,17740","https://auditchain.finance/analysis/QmUUVdGCWSP9KxwJQUBKZwPAsqE5a99iY8wmxr6xCrhhup"
"GALAXY NEXT GENERATION, INC. (N/A) 10-Q for Q1, 2023","285 BIG A ROAD,TOCCOA,GA,30577","https://auditchain.finance/analysis/QmQJbV3UXjoxPNtWCKPWmF1A42PaHXDc2jGfkC45M7TWbd"
"Pentair plc (PNR) 10-Q for Q3, 2022","REGAL HOUSE, 70 LONDON ROAD,LONDON,X0,TW13QS","https://auditchain.finance/analysis/QmeVvsyicd3ajHyTPjb1DffcTkFGR6BCuWgxVniXYUnwrR"
"Minerva Neurosciences, Inc. (NERV) 10-Q for Q3, 2022","1601 TRAPELO ROAD,WALTHAM,MA,02451","https://auditchain.finance/analysis/QmNxD82jNYMdvSk5UKybF9TomTn7fqwbe1CFaPzEjh3mUM"
"SYNLOGIC, INC. (SYBX) 10-Q for Q3, 2022","301 BINNEY STREET,CAMBRIDGE,MA,02142","https://auditchain.finance/analysis/QmQdH4zwrx9quNYrW8s2DUuERUPdSv3ZAaKSAXxTVHZUg7"
"PERKINELMER, INC (PKI) 10-Q for Q3, 2022","940 WINTER STREET,WALTHAM,MA,02451","https://auditchain.finance/analysis/QmTntZLpN7ohHqT7hvZx4q2VBWLsEZCS4ztChG3PZcdWjS"
"Perrigo Company plc (PRGO) 10-Q for Q3, 2022","THE SHARP BUILDING,DUBLIN 2,L2,D02 TY74","https://auditchain.finance/analysis/QmRjaQxa9pwhzTCzPi92HvkN6RtqcuH5CNs71pqn3vAg9r"
"Moelis & Co (MC) 10-Q for Q3, 2022","399 PARK AVENUE, 5TH FLOOR,NEW YORK,NY,10022","https://auditchain.finance/analysis/QmcCpaD1iTbfGYd59Rmxx9wSNmGDhok7Tcd2z6V7sj9Vbs"
"PETMED EXPRESS, INC. (PETS) 10-Q for Q2, 2023","420 SOUTH CONGRESS AVENUE,DELRAY BEACH,FL,33445","https://auditchain.finance/analysis/QmYMZPnarX7iSPvXTAjDwQt2MtNQsS2KBnRrfWaiTz5csV"
"Moleculin Biotech, Inc. (MBRX) 10-Q for Q3, 2022","5300 MEMORIAL DRIVE,HOUSTON,TX,77007","https://auditchain.finance/analysis/QmNjY8SPVnyvojeDgX4mw7Y7W2ChCtz967ArozrsczvvCa"
"Transportation and Logistics Systems, Inc. () 10-Q for Q3, 2022","5500 MILITARY TRAIL,JUPITER,FL,33458","https://auditchain.finance/analysis/QmdviRdHgUgC6LxodcJnyU7tNg2f1cdJRoQiwPNvuXDq5t"
"MONEYGRAM INTERNATIONAL, INC. (MGI) 10-Q for Q3, 2022","2828 N. HARWOOD STREET, 15TH FLOOR,DALLAS,TX,75201","https://auditchain.finance/analysis/QmarM72Ls4xiqVRUaEE9d6u5iP7djQBVo3FPpaRbWA3PDu"
"PFSweb, Inc. (PFSW) 10-Q for Q3, 2022","9250 N. ROYAL LANE, SUITE 100,IRVING,TX,75063","https://auditchain.finance/analysis/QmcCFStQWriAzfJ8r3TnDYPb88eT6mnwKEkZfs4gbhk4W2"
"FUTUREFUEL CORP. (FF) 10-Q for Q3, 2022","8235 FORSYTH BOULEVARD SUITE 400,CLAYTON,MO,63105","https://auditchain.finance/analysis/QmS3KW9ia3u2bRPo2jeBBySDmv8BpdMZwdx4qGQU9nYPbU"
"ALTIMMUNE, INC. (ALT) 10-Q for Q3, 2022","910 CLOPPER ROAD,GAITHERSBURG,MD,20878","https://auditchain.finance/analysis/QmQctjZ6Re2sSXV8yzpeqmkAXBqTZ1NEbe119zKz4eexcF"
"MONOLITHIC POWER SYSTEMS INC (MPWR) 10-Q for Q3, 2022","5808 LAKE WASHINGTON BLVD. NE,KIRKLAND,WA,98033","https://auditchain.finance/analysis/QmfBfDbdrocS5mnh2zqoigYN34PmgVJkutoLJs1hNV5diC"
"FULGENT GENETICS, INC. (FLGT) 10-Q for Q3, 2022","4978 SANTA ANITA AVENUE, SUITE 205,TEMPLE CITY,CA,91780","https://auditchain.finance/analysis/QmWjgdmutCDV6AdhRetHCR3FzVPUSWKdBLEFKmDzVRp2pn"
"Penumbra, Inc (PEN) 10-Q for Q3, 2022","ONE PENUMBRA PLACE,ALAMEDA,CA,94502","https://auditchain.finance/analysis/QmZimcaBfy1VRHqtgFQPBrkryK1wJc3zMpXtWsCcWHkFg7"
"PERFORMANT FINANCIAL CORPORATION (PFMT) 10-Q for Q3, 2022","333 NORTH CANYONS PARKWAY,Livermore,CA,94551","https://auditchain.finance/analysis/QmW4kR8L9j3y9iUQmjwyp17ZYKt2a7LeEDPKCNLEVuvRW3"
"Monro, Inc. (MNRO) 10-Q for Q2, 2023","200 HOLLEDER PKWY,ROCHESTER,NY,14615-3808","https://auditchain.finance/analysis/QmXz2CZYqBZahpS91SQ1rnLXQjmfh8XLr6H7Qo44pANgSH"
"GAIA, INC (GAIA) 10-Q for Q3, 2022","833 WEST BOULDER ROAD,LOUISVILLE,CO,80027-2452","https://auditchain.finance/analysis/QmNX7U8PEV4ULVoVU3xqN2WNJ2eCiduufF4mpBze6pBfYK"
"Moody’s Corporation (MCO) 10-Q for Q3, 2022","7 WORLD TRADE CENTER,NEW YORK,NY,10007","https://auditchain.finance/analysis/QmeTzP4mVqXSmx4ZVJxzLk235mnSuRKEuFqEchpZhqEbsw"
"FRONTERA GROUP INC. () 10-Q for Q1, 2023","701 S CARSON STREET, SUITE 200,CARSON CITY,NV,89701","https://auditchain.finance/analysis/QmbjFTm9mXt18vmKgfV5H2cMMNNiUY6dBswo965ai6UBLZ"
"Morgan Group Holding Co (MGHL) 10-Q for Q3, 2022","401 THEODORE FREMD AVENUE,RYE,NY,10580","https://auditchain.finance/analysis/QmZj2RuQJ9dEspPYC5CMWbo5NWGxRhawFtk6FxDCyrWpZD"
"PIERIS PHARMACEUTICALS, INC. (PIRS) 10-Q for Q3, 2022","255 STATE STREET,BOSTON,MA,02109","https://auditchain.finance/analysis/QmWoRW7tNbiqneP4SBhskJMxR6RszgV7DBMJZaFdBP1fdi"
"Pinnacle Financial Partners Inc. (PNFP) 10-Q for Q3, 2022","150 THIRD AVENUE SOUTH,NASHVILLE,TN,37201","https://auditchain.finance/analysis/QmewaA8JKHycfWbXt4BeKjxuGgmKVrmJSaQod4hkdXgsfW"
"PLAINS ALL AMERICAN PIPELINE LP (PAA) 10-Q for Q3, 2022","333 CLAY STREET,HOUSTON,TX,77002","https://auditchain.finance/analysis/QmXrZapmsSBK7qkQdTRtU8zS13Y25x2uHQ7dhr9Fudzdvb"
"PLAINS GP HOLDINGS LP (PAGP) 10-Q for Q3, 2022","333 CLAY ST,HOUSTON,TX,77002","https://auditchain.finance/analysis/QmdSZUA25iFsbfvp7drdqDtgGvBJdSphS4B2U4jdPVByZZ"
"POOL CORPORATION (POOL) 10-Q for Q3, 2022","109 NORTHPARK BLVD,COVINGTON,LA,70433-5001","https://auditchain.finance/analysis/QmeJ3Uym9QBu3CdGp9T3k3GrBkGQ1mS4gMRh9JqWUsk8Gh"
"POLARITYTE, INC. (PTE) 10-Q for Q3, 2022","1960 S. 4250 WEST,SALT LAKE CITY,UT,84104","https://auditchain.finance/analysis/QmXEgRJeyjrHSY499UaH7NYYhwMnE8DMeHe7Ni2BsJUag5"
"POPULAR, INC. (BPOP) 10-Q for Q3, 2022","209 MUNOZ RIVERA AVE,HATO REY,PR,00918","https://auditchain.finance/analysis/QmdzD9PCjkFxc7FkkE7WQGWHRnDxvPfMEPWByZzDU27R4X"
"LIMESTONE BANCORP, INC. (LMST) 10-Q for Q3, 2022","2500 EASTPOINT PARKWAY,LOUISVILLE,KY,40223","https://auditchain.finance/analysis/QmbDZ6nVBJYzoYHAdJRUv3jVsY5J3agobanrrGAZ9D77vR"
"ClearPoint Neuro, Inc. (CLPT) 10-Q for Q3, 2022","120 S. SIERRA AVENUE,SOLANA BEACH,CA,92075","https://auditchain.finance/analysis/QmVD67u2CZC7Xffqqe2BQdnv649KX3HewHBATCGAHooQ68"
"MSA SAFETY INC (MSA) 10-Q for Q3, 2022","1000 CRANBERRY WOODS DRIVE,CRANBERRY TOWNSHIP,PA,16066","https://auditchain.finance/analysis/Qme7kESPTeqYNYTpdVkgr1touDkspy1Zq5oUnVj9LiwdKd"
"PIXELWORKS, INC (PXLW) 10-Q for Q3, 2022","16760 SW UPPER BOONES FERRY RD.,PORTLAND,OR,97224","https://auditchain.finance/analysis/QmSpoxTBfGFaUqa8L7NDrKLv3ScJqe5y6kWgDbDm63K4Qc"
"PotlatchDeltic Corporation (PCH) 10-Q for Q3, 2022","601 WEST FIRST AVENUE,SPOKANE,WA,99201","https://auditchain.finance/analysis/QmQHokaXkCcWrR9NXtYo5RAwWzbJBvZNGWs35dK221v8zd"
"Plumas Bancorp (PLBC) 10-Q for Q3, 2022","5525 KIETZKE LANE, STE. 100,RENO,NV,89511","https://auditchain.finance/analysis/QmRxvr1QtZQPyCGoWsLEgjMncv9gzVRZ6pgY99WxJFucm9"
"POWER INTEGRATIONS, INC. (POWI) 10-Q for Q3, 2022","5245 HELLYER AVE,SAN JOSE,CA,95138","https://auditchain.finance/analysis/QmYhcpvRy882C1AnCzkaZtop7eX6PVUBJ1TKS3abM3ywhz"
"MURPHY OIL CORPORATION (MUR) 10-Q for Q3, 2022","9805 KATY FWY,HOUSTON,TX,77024","https://auditchain.finance/analysis/QmTar1y2yzrPogRAPCvLtXUMfbMu9NhxmdQuHwXdyG1juG"
"MYLAN N.V. (MYL) 10-Q for Q3, 2020","BUILDING 4, TRIDENT PLACE, MOSQUITO WAY,HATFIELD, HERTFORDSHIRE,X0,AL109UL","https://auditchain.finance/analysis/QmYVjfGHHJVs1iPoQgn7Pqwy5RHDLZGX15KXR2saVf8U13"
"MUSTANG BIO, INC. (MBIO) 10-Q for Q3, 2022","377 PLANTATION STREET,WORCESTER,MA,01605","https://auditchain.finance/analysis/QmTcveFuSYKSqZrhmrD3UGGnkf2rdSZjz3c69nwzwkAAJr"
"Mobile Infrastructure Corp () 10-Q for Q3, 2022","30 W. 4TH STREET,CINCINNATI,OH,45202","https://auditchain.finance/analysis/QmQdKGje3RHmDf19wEGQiYBDk9ev4mTaehbCoMAgEacVNJ"
"9 METERS BIOPHARMA, INC. (NMTR) 10-Q for Q3, 2022","8480 HONEYCUTT ROAD,RALEIGH,NC,27615","https://auditchain.finance/analysis/QmPgMFQ8Z12KjX9Rv4oGUpFHJg7DdyNpUHQ3BtMLScEj13"
"CPI Card Group Inc. (PMTS) 10-Q for Q3, 2022","10368 WEST CENTENNIAL RD,LITTLETON,CO,80127","https://auditchain.finance/analysis/QmV4pr3D6uGLauHnqrKSjRUajb3AybYxmxiKTX3seN3iBc"
"CPS TECHNOLOGIES CORP/DE/ (CPSH) 10-Q for Q3, 2022","111 SOUTH WORCESTER STREET,NORTON,MA,02766","https://auditchain.finance/analysis/QmVa5azGdLYmeKA4YwRcw6HcHyNY144QSo7KG3wVcoTvKy"
"Container Store Group, Inc. (TCS) 10-Q for Q2, 2022","500 Freeport Parkway,Coppell,TX,75019","https://auditchain.finance/analysis/QmPe2syViPCE3DdqRc2pQFwE3gAKbXetzsBJJYzph9xvgV"
"HEPION PHARMACEUTICALS, INC. (HEPA) 10-Q for Q3, 2022","399 THORNALL STREET,EDISON,NJ,08837","https://auditchain.finance/analysis/QmSsFrxvk6a5ngCi8ov5FvjZximBvkXQczmcTkhbJgokZP"
"CORMEDIX INC. (CRMD) 10-Q for Q3, 2022","300 CONNELL DRIVE,BERKELEY HEIGHTS,NJ,07922","https://auditchain.finance/analysis/QmS45Ry8VZrgL2nMq7sRpzTABip2NRQSwstyrXEJBFzaEG"
"Corbus Pharmaceuticals Holdings, Inc. (CRBP) 10-Q for Q3, 2022","500 RIVER RIDGE DRIVE,NORWOOD,MA,02062","https://auditchain.finance/analysis/QmTG1Rcq6j2GV7gibS4hZscAiYie3nL7mSHWMw7SdVsVK5"
"CORECIVIC, INC. (CXW) 10-Q for Q3, 2022","5501 VIRGINIA WAY,BRENTWOOD,TN,37027","https://auditchain.finance/analysis/QmU56c3ccHaKRHNyqySGbzXjmUFGYK38KvboiWWPNuy474"
"Corvus Pharmaceuticals, Inc. (CRVS) 10-Q for Q3, 2022","863 MITTEN ROAD,BURLINGAME,CA,94010","https://auditchain.finance/analysis/QmRhq3pHAnzAaST1hD8BVSRPQRHfAS8ihyoi9zMMuibFNP"
"Creative Realities, Inc. (CREX) 10-Q for Q3, 2022","13100 MAGISTERIAL DRIVE,LOUISVILLE,KY,40223","https://auditchain.finance/analysis/QmRawUWVJVc2yJJDBvumfrAAUh7LdY4renMFRnx3VGg9GY"
"WOLFSPEED, INC. (WOLF) 10-Q for Q1, 2023","4600 SILICON DR,DURHAM,NC,27703","https://auditchain.finance/analysis/QmWbBQUfY6vNWA5yYY9AXjgGLdiygkkMYgWFLuVGm7LQtw"
"CREDIT ACCEPTANCE CORP (CACC) 10-Q for Q3, 2022","25505 WEST TWELVE MILE ROAD,SOUTHFIELD,MI,48034-8334","https://auditchain.finance/analysis/QmWbScBB6mzoMNxqR619sakaAXy8ETjt68T2HHrERpPMMM"
"CROSS COUNTRY HEALTHCARE, INC (CCRN) 10-Q for Q3, 2022","6551 PARK OF COMMERCE BOULEVARD, N.W.,BOCA RATON,FL,33487","https://auditchain.finance/analysis/QmYS1Fw1AAmeN8mNr6LdreCSqoWa9h7prqbGXCP8F1G7Qc"
"CRISPR THERAPEUTICS AG (CRSP) 10-Q for Q3, 2022","BAARERSTRASSE 14,ZUG,V8,CH-6300","https://auditchain.finance/analysis/QmNx6AY8WpVbRRuv5hnGY5KZ5kZ417P15NUEn7ewVmBEfS"
"CROWN CRAFTS INC (CRWS) 10-Q for Q2, 2022","916 SOUTH BURNSIDE AVENUE,GONZALES,LA,70737","https://auditchain.finance/analysis/QmYwARRNGP8ooKfYmc1QuJMHGj7nQLPtQV2nAzEva9UZQ3"
"Fortune Valley Treasures, Inc. () 10-Q for Q3, 2022","B1601 ORIENTAL IMPRESSION BUILDING 2,GUANGDONG PROVINCE,F4,518000","https://auditchain.finance/analysis/QmVawhus435cUcPyvdZpHnZehbCNh6dC7r4G134BJS5YmX"
"HSBC USA Inc. (HBA/43) 10-Q for Q3, 2022","452 FIFTH AVE,NEW YORK,NY,10018","https://auditchain.finance/analysis/QmcNuJg3W4XxZtfokjMRC5N5ewj7PRXkCEdfeYTZW2aJYQ"
"CSX CORPORATION (CSX) 10-Q for Q3, 2022","500 WATER STREET,JACKSONVILLE,FL,32202","https://auditchain.finance/analysis/QmRERV3rFoqXt9Y6d58J9gNLHKBeEyJjVQ2LbwocnsjPX3"
"YUNHONG CTI LTD. (CTIB) 10-Q for Q3, 2022","22160 N PEPPER RD,BARRINGTON,IL,60010","https://auditchain.finance/analysis/QmeYJyPvCy7YkERMxWWHgvCAvykrjgu7hfAQ1SneKMA2R2"
"HTG Molecular Diagnostics, Inc (HTGM) 10-Q for Q3, 2022","3430 E. GLOBAL LOOP,TUCSON,AZ,85706","https://auditchain.finance/analysis/Qmd7jKmuYVE9QzCMYHNDaLSP5uw8h8C75DYWfYf9WMeh5Y"
"Orbital Infrastructure Group, Inc. (OIG) 10-Q for Q3, 2022","5444 WESTHEIMER ROAD,HOUSTON,TX,77056","https://auditchain.finance/analysis/QmPPyRCGTZ2U5eVi9tYqcMdSuJNVtpGpZMHHGiNcwV3En8"
"Cumberland Pharmaceuticals Inc. (CPIX) 10-Q for Q3, 2022","2525 WEST END AVENUE,NASHVILLE,,TN,37203","https://auditchain.finance/analysis/Qmbg8MUeyfffQJ1A2tKoGW8LRDfc3tG78pbQJFPbcgnRhZ"
"HubSpot, Inc. (HUBS) 10-Q for Q3, 2022","25 FIRST STREET,CAMBRIDGE,MA,02141","https://auditchain.finance/analysis/QmeqvXPcv28aZiyN9eGxa1afFoDpFKaLTKrnQhH4peGHKq"
"HUDSON TECHNOLOGIES INC /NY (HDSN) 10-Q for Q3, 2022","PO BOX 1541,PEARL RIVER,NY,10965","https://auditchain.finance/analysis/QmVtPYrrbF2LpWbeYLBUaBfXzchqLHRgZtkJLh22gkkkYQ"
"HUNTINGTON INGALLS INDUSTRIES, INC. (HII) 10-Q for Q3, 2022","4101 WASHINGTON AVENUE,NEWPORT NEWS,VA,23607","https://auditchain.finance/analysis/QmXvoCdxM3SRVjv58JC3Zer6vFREMt6oK9J5R2UA9Es3Hd"
"Cumulus Media Inc. (CMLS) 10-Q for Q3, 2022","3280 PEACHTREE ROAD N.W.,ATLANTA,GA,30305","https://auditchain.finance/analysis/QmaFEmbNJgznj5hGakyuo5CwEhow17L4MD5K4Y3ojdWxRo"
"Cutera, Inc. (CUTR) 10-Q for Q3, 2022","3240 BAYSHORE BOULEVARD,BRISBANE,CA,94005","https://auditchain.finance/analysis/QmS2FrqzdJJEFMegcDcLhhfCP9KcUELq7RdqgBqXvPNRNP"
"HOMESTREET, INC. (HMST) 10-Q for Q3, 2022","601 UNION STREET,SEATTLE,WA,98101","https://auditchain.finance/analysis/QmXunaATDx1LKr9hJUbAZec9BERpy6m3bP69yVCCr8rXhK"
"Honeywell International Inc (HON) 10-Q for Q3, 2022","855 S. MINT STREET,CHARLOTTE,NC,28202","https://auditchain.finance/analysis/Qme7VMkkg981nB6nUhSamsimUuf6BnGEXdk953KQYtC4Ke"
"CVD EQUIPMENT CORP (CVV) 10-Q for Q3, 2022","355 S. TECHNOLOGY DRIVE,CENTRAL ISLIP,NY,11722","https://auditchain.finance/analysis/QmRiUhY4f8Uy63SNyDvhFk83p9LVUH4em319jxMpVqzki2"
"HORIZON GLOBAL CORP (HZN) 10-Q for Q3, 2022","47912 HALYARD DRIVE,PLYMOUTH,MI,48170","https://auditchain.finance/analysis/QmR91mdwGtWxNrHBYGUkY8ZAL28gytJzHE9znatHsGcKcm"
"HOPE BANCORP, INC (HOPE) 10-Q for Q3, 2022","3200 WILSHIRE BLVD,LOS ANGELES,CA,90010","https://auditchain.finance/analysis/QmURBH2FVKfonsX5jh1MxFd8pvJEX3KJN42KRwAbXvGwnk"
"CVR ENERGY, INC (CVI) 10-Q for Q3, 2022","2277 PLAZA DRIVE,SUGAR LAND,TX,77479","https://auditchain.finance/analysis/QmcSyXdmeGyLBXmGaGrw6iv5ukNv4ZqK65kJWEPiv6zFho"
"Houlihan Lokey, Inc. (HLI) 10-Q for Q2, 2023","HOULIHAN LOKEY, INC.,LOS ANGELES,CA,90067","https://auditchain.finance/analysis/QmefTbSW4gA8eY8pQxNDP3B5zL17zCDKpFnCAzy2NCFX2Q"
"Hudson Pacific Properties, Inc. (HPP) 10-Q for Q3, 2022","11601 WILSHIRE BLVD.,LOS ANGELES,CA,90025","https://auditchain.finance/analysis/QmVrdq9djgB5Eh2fxkmUvh5QiefFeEsKBXCyJ7YoeYZJTv"
"DICK’S SPORTING GOODS, INC. (DKS) 10-Q for Q3, 2022","345 COURT STREET,CORAOPOLIS,PA,15108","https://auditchain.finance/analysis/QmP3PrLMgrXZ6NTYJSA6hFiEk8AJCvZf22A4fzAtqwc6jj"
"Huntsman Corporation (HUN) 10-Q for Q3, 2022","10003 WOODLOCH FOREST DRIVE,THE WOODLANDS,TX,77380","https://auditchain.finance/analysis/QmWVY9wemLaGc6czagf11qnnpGJ1AbuuzUnntc19GeRjeM"
"DIEGO PELLICER WORLDWIDE, INC. () 10-Q for Q3, 2022","6160 PLUMAS STREET,RENO,NV,89519","https://auditchain.finance/analysis/QmXQR928d4XqYoGZJiprhATyZo1KnUACBwdVD932LQDAZK"
"Star Equity Holdings, Inc. (STRR) 10-Q for Q3, 2022","53 FOREST AVENUE,OLD GREENWICH,CT,06870","https://auditchain.finance/analysis/QmUeSigwbKWZQddUctUDV4L5UshZhFNM4pKMQ98Kag5FqE"
"DIGITAL TURBINE, INC. (APPS) 10-Q for Q2, 2023","111 NUECES STREET,AUSTIN,TX,78701","https://auditchain.finance/analysis/QmYJjeTbg51HXsspaboADEmKBARKc4CGm7LGAFDqp8p5L9"
"THE DIXIE GROUP, INC () 10-Q for Q3, 2022","PO BOX 2007,DALTON,GA,30722","https://auditchain.finance/analysis/QmYuJVnT1WGmHgmazyMyh8pyq73nrXF4dhiL94e4fuSFX1"
"DISH Network Corporation (DISH) 10-Q for Q3, 2022","9601 S. MERIDIAN BLVD.,ENGLEWOOD,CO,80112","https://auditchain.finance/analysis/QmbhNjdVQtEWrWBjuWbSrzvAyii7nRV3pZYiVy2qkUUTRk"
"Digital Ally, Inc. (DGLY) 10-Q for Q3, 2022","14001 MARSHALL DRIVE,LENEXA,KS,66215","https://auditchain.finance/analysis/QmR56bkahhzPaeoViFXh6H1W5U99xrbqEXaH7oxBJqDpqx"
"DMC GLOBAL INC. (BOOM) 10-Q for Q3, 2022","11800 RIDGE PARKWAY,BROOMFIELD,CO,80021","https://auditchain.finance/analysis/QmTRBrfdE8x58jba2D8CKu2vJJDSDgknmxaKPTGyR7yeQu"
"DENBURY INC. (DEN) 10-Q for Q3, 2022","5851 LEGACY CIRCLE,PLANO,TX,75024","https://auditchain.finance/analysis/QmNariTzrF6Znthp62wPzNYyZyLmSmWkhVFRTui3ahCAPt"
"DIAMONDROCK HOSPITALITY CO (DRH) 10-Q for Q3, 2022","2 BETHESDA METRO CENTER,BETHESDA,MD,20814","https://auditchain.finance/analysis/QmPuUbLPsp6TvMonRmaaiipQJgZRxmJg3vkJBLSK2Bxqhx"
"Digimarc CORP (DMRC) 10-Q for Q3, 2022","8500 SW CREEKSIDE PLACE,BEAVERTON,OR,97008","https://auditchain.finance/analysis/QmRBb9DRh8PsZm5xmwqLHUTiRC7nxdk3Y1jwzU7dE252Gm"
"Domino’s Pizza, Inc. (DPZ) 10-Q for Q3, 2022","30 FRANK LLOYD WRIGHT DRIVE,ANN ARBOR,MI,48106","https://auditchain.finance/analysis/QmNtNbbvuoF2iHe1MaUT2fFnt22FuSTCqMuTVowrwjZhuy"
"Dine Brands Global, Inc. (DIN) 10-Q for Q3, 2022","450 N BRAND BLVD 3RD FLR,GLENDALE,CA,91203-1903","https://auditchain.finance/analysis/QmWvtvjeNuC5wZwtyTbDzL3gxZ1Nz6emfiLnnZqafsZ1qk"
"DISCOVER FINANCIAL SERVICES (DFS) 10-Q for Q3, 2022","2500 LAKE COOK ROAD,RIVERWOODS,IL,60015","https://auditchain.finance/analysis/QmdPL9zocLkNTKr1wNZMRZH3f3ZhfExDfjb7xtffZ6yrqF"
"Donegal Group Inc. (DGICA) 10-Q for Q3, 2022","1195 RIVER RD PO BOX 302,MARIETTA,PA,17547-0302","https://auditchain.finance/analysis/QmXvkr7zdWcPP8RXvsD8herDCY7QN9r7uKnJ7MYKN1Syst"
"IMMUNE THERAPEUTICS, INC () 10-Q for Q3, 2022","2431 ALOMA AVE #124,WINTER PARK,FL,32792","https://auditchain.finance/analysis/QmYSuBiMxWhcCoNorHupAUqoCYSkiNnvvEF4tpUfRX2Lyy"
"Western Asset Mortgage Capital Corporation (WMC) 10-Q for Q3, 2022","385 EAST COLORADO BOULEVARD,PASADENA,CA,91101","https://auditchain.finance/analysis/QmX7f2ex23ujiQZTGTwejArowBYxqyUStRjuDP77zkCyWE"
"HV BANCORP, INC. (HVBC) 10-Q for Q3, 2022","2005 SOUTH EASTON ROAD, SUITE 304,DOYLESTOWN,PA,18901","https://auditchain.finance/analysis/QmTqWpZwMv5etSMxh8UF5HFdYBHp4CYrYaTe2rUVfnQUBe"
"INSPIRED ENTERTAINMENT, INC. (INSE) 10-Q for Q3, 2022","250 WEST 57TH STREET, SUITE 415,NEW YORK,,NY,10107","https://auditchain.finance/analysis/QmZqaMmb5pkLkHsKmGSVhS2H64gGGdnXU9YR6iBBiTd4fT"
"SUNHYDROGEN, INC. () 10-Q for Q1, 2023","10 E. YANONALI, SUITE 36,SANTA BARBARA,CA,93101","https://auditchain.finance/analysis/QmPnrLsN6YLNRLGByySLuKyk3sJP1WSWm3RWPnFkuu5yNP"
"ICAHN ENTERPRISES L.P. (IEP) 10-Q for Q3, 2022","16690 COLLINS AVE,,SUNNY ISLES BEACH,FL,33160","https://auditchain.finance/analysis/QmQeviHT87uKVWnUE9H5DPEKyP2NkGgAhh363zdXgAe2mc"
"DORIAN LPG LTD. (LPG) 10-Q for Q2, 2023","27 SIGNAL ROAD,STAMFORD,CT,06878","https://auditchain.finance/analysis/QmNiAjLY3zWzWcdz38T5cg4zBqXkrttYP9tVp674bHBbzw"
"IDEX CORP (IEX) 10-Q for Q3, 2022","3100 SANDERS ROAD,NORTHBROOK,IL,60062","https://auditchain.finance/analysis/QmZi9b4xrryvXbp7VcsL5VAxMqDuo7P526C9u96tLTr4xU"
"IDACORP, Inc. (IDA) 10-Q for Q3, 2022","1221 WEST IDAHO STREET,BOISE,ID,83702-5627","https://auditchain.finance/analysis/QmQLuBPg3ZBJBgoURe8WXXgQTPWoFeW44GaoLjmuVoQYwn"
"AUTOSCOPE TECHNOLOGIES CORP (AATC) 10-Q for Q3, 2022","1115 HENNEPIN AVE,MINNEAPOLIS,MN,55403","https://auditchain.finance/analysis/QmWMbxTzBAdvFhPz8MfRodguBCyeyg9W3bAt4VcopwtYTm"
"IMAX Corporation (IMAX) 10-Q for Q3, 2022","2525 SPEAKMAN DRIVE,MISSISSAUGA,A6,L5K 1B1","https://auditchain.finance/analysis/Qmf3p93SaG3GG7hqgHMvSNXK89C5NNb48RBc28ph9j5NMp"
"Identiv, Inc. (INVE) 10-Q for Q3, 2022","2201 WALNUT AVENUE,FREMONT,CA,94538","https://auditchain.finance/analysis/QmTQzVgaUFxJq5gnVgYZNgK1QyyTzBsb9nkApSGTHoEHQa"
"DRIL-QUIP, INC. (DRQ) 10-Q for Q3, 2022","6401 N. ELDRIDGE PARKWAY,HOUSTON,TX,77041","https://auditchain.finance/analysis/QmNmrBe9r49B1dpu7CLUxSzxXRz1HmPQiGL1xfRTewhpAF"
"Harrow Health, Inc. (HROW) 10-Q for Q3, 2022","102 WOODMONT BLVD,NASHVILLE,TN,37215","https://auditchain.finance/analysis/QmSf5naQuvKeEW5PYcUcregjKBrZVLjHTQUN8ZSCFxn6eA"
"Grom Social Enterprises, Inc. (GROM) 10-Q for Q3, 2022","2060 NW BOCA RATON BLVD. #6,BOCA RATON,FL,33431","https://auditchain.finance/analysis/QmUKBCPuihdpCWmQ2wQPGAKuHJUxvSX7X75Tte5RRLd7Em"
"Independence Contract Drilling, Inc. (ICD) 10-Q for Q3, 2022","20475 STATE HIGHWAY 249,HOUSTON,TX,77070","https://auditchain.finance/analysis/QmWY4tRH2J3aJPxH1XrPNsgeuXigiocian7TptxjYVMsb1"
"INDIA GLOBALIZATION CAPITAL, INC. (IGC) 10-Q for Q2, 2023","10224 FALLS ROAD,POTOMAC,MD,20854","https://auditchain.finance/analysis/Qmd9sjCyE6nEYQMjZA5ZPMdhi82C1SDbYf4nr7yyk5duR9"
"INDOOR HARVEST CORP () 10-Q for Q3, 2022","7401 W. SLAUGHTER LANE #5078,AUSTIN,TX,78739","https://auditchain.finance/analysis/QmXgM1q9AWKSCLpFs9cC1p67CGHFVJ7XPCKkLNenC27Vad"
"Information Services Group Inc. (III) 10-Q for Q3, 2022","2187 ATLANTIC STREET,STAMFORD,CT,06902","https://auditchain.finance/analysis/QmbM3QnikRQgxV8NKWFRozkGvreSfYpPfBmUQkuekjtHDn"
"INFUSYSTEM HOLDINGS, INC (INFU) 10-Q for Q3, 2022","3851 WEST HAMLIN ROAD,ROCHESTER HILLS,MI,48309","https://auditchain.finance/analysis/QmX6RLU3Mu9BEFxBkTe4NUBwunQc7dobN6SYGnJW3NQEeD"
"INNOVATIVE FOOD HOLDINGS, INC. (N/A) 10-Q for Q3, 2022","28411 RACE TRACK ROAD,BONITA SPRINGS,FL,34135","https://auditchain.finance/analysis/QmdUmoXoAwuZ9sQ6hG1x7m8bKXBqgKZazYSEViHNRpshbj"
"Ingredion Incorporated (INGR) 10-Q for Q3, 2022","5 WESTBROOK CORPORATE CENTER,WESTCHESTER,IL,60154","https://auditchain.finance/analysis/QmVv5bt4YxgydUpHFCZduZJ9aNooiCGQqk7CNLcD6zszFu"
"Rocket Pharmaceuticals, Inc. (RCKT) 10-Q for Q3, 2022","350 FIFTH AVENUE,NEW YORK,NY,10118","https://auditchain.finance/analysis/QmcvVCYfDhYTM8F7AeS1NsxnrRuLBzf9AKRuGrndfPpoEP"
"INRAD OPTICS, INC. (None) 10-Q for Q3, 2022","181 LEGRAND AVE,NORTHVALE,NJ,07647","https://auditchain.finance/analysis/QmZ6WXx7MgPsDg5WKheNmTHvWq84uVz4WMNyURE1gectwt"
"IMPAC MORTGAGE HOLDINGS, INC. (IMH) 10-Q for Q3, 2022","19500  JAMBOREE ROAD,IRVINE,CA,92612","https://auditchain.finance/analysis/QmRZWctUDcpF6CyGz5z1LhLhnbr57imZHiQdUUtPjErAQ3"
"IMPERIAL OIL LIMITED () 10-Q for Q3, 2022","505 QUARRY PARK BOULEVARD S.E.,CALGARY,A0,T2C 5N1","https://auditchain.finance/analysis/Qmafk8nWNBwr8Jm14SCdvzMocpmRfUNBnFQSa1r9RwS9QB"
"IMPINJ, INC. (PI) 10-Q for Q3, 2022","400 FAIRVIEW AVENUE NORTH,SEATTLE,WA,98109","https://auditchain.finance/analysis/QmVKs4bgZamx2KAaTut8gnQtwuJi66sgmLKYT6dATAnF4D"
"DSG GLOBAL, INC. () 10-Q for Q3, 2022","SUITE 207-15272 CROYDON DRIVE,SURREY,A1,V3Z 0Z5","https://auditchain.finance/analysis/QmdedyMc8aVpPRvj1axx7Wy8NmoJBNjouoQDSjV3Sipv21"
"DTE Energy Co (DTE) 10-Q for Q3, 2022","ONE ENERGY PLAZA,DETROIT,MI,48226","https://auditchain.finance/analysis/Qme5CGWckqjNN5SSRo7x4jW2QFMkgJaoCtWqT4GbTRLebV"
"DUO WORLD, INC. () 10-Q for Q2, 2023","170 S, GREEN VALLEY PARKWAY, SUITE 300,HENDERSON,NV,89012","https://auditchain.finance/analysis/QmY9QSCrFo3YGdkJiMWkouB87NiLxMqnJPAuFA5qmXcTLG"
"Dutch Oven Gold Group Inc. () 10-Q for Q3, 2022","P.O. BOX 91983,WEST  VANCOUVER,A1,V7V4S4","https://auditchain.finance/analysis/QmbHUsV9maHAMJ4Tfe7sxNKmg5u1MNnxeX46xGJumBNfHd"
"DOLBY LABORATORIES, INC. (DLB) 10-K for FY, 2022","1275 MARKET STREET,SAN FRANCISCO,CA,94103","https://auditchain.finance/analysis/QmXpbW5oFvEEMtkFJxQKUyG6QPcgRqa5HntTPFFZe3QkmL"
"AMERICAN NOBLE GAS INC () 10-Q for Q3, 2022","15612 COLLEGE BLVD.,LENEXA,KS,66219","https://auditchain.finance/analysis/QmWatLc8ztyfjyycPaCpKc8tydiJYEQGevC3WjjquBGFCM"
"Dynavax Technologies Corporation (DVAX) 10-Q for Q3, 2022","2100 POWELL STREET,EMERYVILLE,CA,94608","https://auditchain.finance/analysis/QmXCX3meKCeKWS15egtrcbBCWZmQrhdBK2paXPjJBLycTd"
"WAVEDANCER, INC. (WAVD) 10-Q for Q3, 2022","12015 LEE JACKSON MEMORIAL HWY,FAIRFAX,VA,22033","https://auditchain.finance/analysis/QmcLPfieqybohwWFE6UbnwEQaZZ5MJu3VUWz8PTemiWzNm"
"Dorchester Minerals, L.P. (DMLP) 10-Q for Q3, 2022","3838 OAK LAWN AVENUE,DALLAS,TX,75219-4541","https://auditchain.finance/analysis/QmcszkiQJw5PbkDVwLE5DfoP3xgMZXnavVbsCEHRyuQpWK"
"INGEVITY CORPORATION (NGVT) 10-Q for Q3, 2022","4920 O'HEAR AVENUE,NORTH CHARLESTON,SC,29405","https://auditchain.finance/analysis/QmPci3ui3ymovaKfVSFp1eJxEdh4vawUnRRayqXa21UFis"
"INGLES MARKETS, INCORPORATED (IMKTA) 10-K for FY, 2022","PO BOX 6676,ASHEVILLE,NC,28816","https://auditchain.finance/analysis/QmQHVa1M2Ka3WPGgoeGNUnWvR2zLVnL73uf9ZwKAetws46"
"Innovative Industrial Properties, Inc. (IIPR) 10-Q for Q3, 2022","1389 CENTER DRIVE,PARK CITY,UT,84098","https://auditchain.finance/analysis/QmaQLJQnmw6fxGAXe3TH3zqFY3Ca5FtZpAN26kAbbDUFv5"
"INNOSPEC INC. (IOSP) 10-Q for Q3, 2022","8310 SOUTH VALLEY HIGHWAY,ENGLEWOOD,CO,80112","https://auditchain.finance/analysis/QmZ3J52USYoGjvd167ELxq8sYBTkXANHpamLKqbXr752t5"
"InspireMD, Inc. (NSPR) 10-Q for Q3, 2022","4 MENORAT HAMAOR ST.,TEL AVIV,L3,6744832","https://auditchain.finance/analysis/QmQK58RSYxRRJz3pjEE91vq91JHAQ21Lw9BYpNhEskoYYv"
"INSIGHT ENTERPRISES, INC. (NSIT) 10-Q for Q3, 2022","2701 E INSIGHT WAY,CHANDLER,AZ,85286","https://auditchain.finance/analysis/QmYZ6qQb8bZWDpZPNHuAGaaSQrf5SCmM3HGVtT4z5wEm7o"
"Xylem Inc. (XYL) 10-Q for Q3, 2022","301 WATER STREET SE,WASHINGTON,DC,20003","https://auditchain.finance/analysis/QmVSJHQFpz6BjQzNDATdp1TCbYMy2KJ58EduuDWxDRQqkz"
"INSULET CORPORATION (PODD) 10-Q for Q3, 2022","100 NAGOG PARK,ACTON,MA,01720","https://auditchain.finance/analysis/Qmbxpwik5HxcK7pYAEGULqf9QySexhiu66X2qGbodwckGw"
"Eagle Pharmaceuticals, Inc. (EGRX) 10-Q for Q3, 2022","50 TICE BOULEVARD, SUITE 315,WOODCLIFF LAKE,NJ,07677","https://auditchain.finance/analysis/QmWiHTq4kdUhhk9bCUhAeDvcifPgBcARczXSQmBxsPuWRd"
"INSPERITY, INC. (NSP) 10-Q for Q3, 2022","19001 CRESCENT SPRINGS DR,KINGWOOD,TX,77339","https://auditchain.finance/analysis/QmYTF9FmsVdmXdzrDxXG9GmG4w1QpKGUicE6Qm4LybuSf4"
"INOGEN, INC. (INGN) 10-Q for Q3, 2022","326 BOLLAY DRIVE,GOLETA,CA,93117","https://auditchain.finance/analysis/QmPKayaEEP4qew3rqxWsbi4mVc9q5j6tr65e9q8ApRBgSY"
"The St. Joe Company (JOE) 10-Q for Q3, 2022","130 RICHARD JACKSON BLVD,PANAMA CITY BEACH,FL,32407","https://auditchain.finance/analysis/Qme9my6AVk62thEPm7PCx1JiBvWsudXCH2QNKNHqFkXCZT"
"Standard Motor Products, Inc. (SMP) 10-Q for Q3, 2022","37-18 NORTHERN BLVD.,LONG ISLAND CITY,NY,11101","https://auditchain.finance/analysis/QmQ6AWHZfeKqhGx6g6uRTZmxu25GoRAuftcLt2fvTbcgJ8"
"EBIX INC (EBIX) 10-Q for Q3, 2022","1 EBIX WAY,JOHNS CREEK,GA,30097","https://auditchain.finance/analysis/QmWqEkdYUeANEqTbTLoFct9fpy1DLtk3xZydqM9XhsvTon"
"NBT BANCORP INC (NBTB) 10-Q for Q3, 2022","52 S BROAD ST,NORWICH,NY,13815","https://auditchain.finance/analysis/QmWRpBoo1GqjqoN9wrU98jotj3ueyKSY2rfqyUeS2osaYk"
"Standard Motor Products, Inc. (SMP) 10-Q for Q3, 2022","37-18 NORTHERN BLVD.,LONG ISLAND CITY,NY,11101","https://auditchain.finance/analysis/QmdrpCsgfUd6weL6ix6GaWwu7zTq2ycbYn1xWAYKWsSK72"
"INTELLINETICS, INC. (INLX) 10-Q for Q3, 2022","2190 DIVIDEND DRIVE,COLUMBUS,OH,43228","https://auditchain.finance/analysis/QmXJiCnK6NZ91ncJ4Aj29cKMo8TD7KKjzZMMN9cise45Sq"
"NCR CORP (NCR) 10-Q for Q3, 2022","864 SPRING STREET NW,ATLANTA,GA,30309","https://auditchain.finance/analysis/QmNtcXUJXZkbTNYAzHJQHawtQWXjZpwGSt55Jh5dUS4Lhy"
"ECOLAB INC. (ECL) 10-Q for Q3, 2022","1 ECOLAB PLACE,SAINT PAUL,MN,55102","https://auditchain.finance/analysis/QmQMqomEubr45HBjvyfdZUdNJYakZgwz69pjfUuS51f3B4"
"EDGEWELL PERSONAL CARE COMPANY (EPC) 10-K for FY, 2022","6 RESEARCH DRIVE,SHELTON,CT,06484","https://auditchain.finance/analysis/QmPetvZx4xfmhJpzqRhTvqYn7rCBBvgYMgxxTCyMZDXJ8e"
"NASCENT BIOTECH INC () 10-Q for Q2, 2023","623 17TH STREET, SUITE 4,VERO BEACH,FL,32960","https://auditchain.finance/analysis/Qmf8pN9Eds5qL4U3MLKscvohCfeN3xSF6SXhCG46qjVngm"
"ELECTRONIC ARTS INC. (EA) 10-Q for Q2, 2023","209 REDWOOD SHORES PARKWAY,REDWOOD CITY,CA,94065","https://auditchain.finance/analysis/QmSr4bZJLRzBEiGSHNozC8aPp1yarHYYCedCVbweC6Mszr"
"THE INTERGROUP CORPORATION (INTG) 10-Q for Q1, 2023","11620 WILSHIRE BOULEVARD,LOS ANGELES,CA,90025","https://auditchain.finance/analysis/QmaoN6rSUifrpky3xgTybj4KFdw5Vfp6cHQ4VZqcc3HZ3Q"
"ELITE PHARMACEUTICALS, INC. (ELTP) 10-Q for Q2, 2023","165 LUDLOW AVENUE,NORTHVALE,NJ,07647","https://auditchain.finance/analysis/QmXTnsVtTGEmeejTgHa7iYEozoa1c2ufW2Sx4nANKyfUBg"
"Natera, Inc. (NTRA) 10-Q for Q3, 2022","13011 MCCALLEN PASS,AUSTIN,TX,78753","https://auditchain.finance/analysis/QmPFTDdxfJEGheFpZZ1i3Thm9syTYP4PgKN7ohwYMBJJSs"
"eMAGIN CORPORATION (EMAN) 10-Q for Q3, 2022","700 SOUTH DRIVE,HOPEWELL JUNCTION,NY,12533","https://auditchain.finance/analysis/QmXeRmHfVZEyb9BKrCLdLnm8FUwqbcde4tu9z55gynjttU"
"NATIONAL CINEMEDIA, INC. (NCMI) 10-Q for Q3, 2022","6300 S. SYRACUSE WAY,CENTENNIAL,CO,80111","https://auditchain.finance/analysis/QmSQPB8Z43amiMK27S3eCsZtPSNFnuubUtVntCbAgbsJQq"
"EchoStar Corporation (SATS) 10-Q for Q3, 2022","100 INVERNESS TERRACE E.,ENGLEWOOD,CO,80112","https://auditchain.finance/analysis/Qmea6dwyGK1bVNVuadhtmENzq8PwPKivbs8BJMjahLeeXM"
"EDWARDS LIFESCIENCES CORPORATION (EW) 10-Q for Q3, 2022","ONE EDWARDS WAY,IRVINE,CA,92614","https://auditchain.finance/analysis/QmaFkZViX1gjqzQbJHXpUeQshuhSCw3kc5pta9WkY36HzK"
"Eiger BioPharmaceuticals, Inc. (EIGR) 10-Q for Q3, 2022","2155 PARK BOULEVARD,PALO ALTO,CA,94306","https://auditchain.finance/analysis/QmTVwsTrtJKuRuqpoh7ZQiPKo4HhsNc5vmmyV6mgV8hjn7"
"EL POLLO LOCO HOLDINGS, INC. (LOCO) 10-Q for Q3, 2022","3535 HARBOR BOULEVARD,COSTA MESA,CA,92626","https://auditchain.finance/analysis/QmaP5kYpZwfnW9NFR7sQTkyG4ic5WwZ8BDQxSE9BofGQgD"
"Starbucks Corporation (SBUX) 10-K for FY, 2022","P O BOX 34067,SEATTLE,WA,98124-1067","https://auditchain.finance/analysis/QmNYMhRfqTorxLdfgXvpEhmPkLF7eSDvWYbrqmS9tMZXV3"
"STARRETT L S CO (SCX) 10-Q for Q1, 2023","121 CRESCENT ST,ATHOL,MA,01331","https://auditchain.finance/analysis/QmV8mV1FYmJC4UJBzmyqNXUq1QEJHGBd2qPuCoJAftVQgL"
"Electromed, Inc. (ELMD) 10-Q for Q1, 2022","500 SIXTH AVENUE NW,NEW PRAGUE,MN,56071","https://auditchain.finance/analysis/QmU1Hfb5janD9DmkyoSYQEN7SSLRysthhxyzyXAwZZ44zC"
"STARRETT L S CO (SCX) 10-Q for Q1, 2023","121 CRESCENT ST,ATHOL,MA,01331","https://auditchain.finance/analysis/QmXMBZJqBq63XmQtWzmQyV4FeMnWk2WoXedgaRQW7FfUYe"
"STATE STREET CORPORATION (STT) 10-Q for Q3, 2022","ONE LINCOLN STREET,BOSTON,MA,02111","https://auditchain.finance/analysis/QmPnohLicF1F53SPtjfaKBhVJfWNT6hbB6RprpJ5xcKzdh"
"Steel Dynamics, Inc (STLD) 10-Q for Q3, 2022","7575 W JEFFERSON BLVD,FORT WAYNE,IN,46804","https://auditchain.finance/analysis/QmaTeyxF5WJeUQQwgZJ2Zt23A3Tmqzb5saHBZ6SrJAfA6b"
"STEEL PARTNERS HOLDINGS L.P. (SPLP) 10-Q for Q3, 2022","590 MADISON AVENUE, 32ND FLOOR,NEW YORK,NY,10022","https://auditchain.finance/analysis/QmWHyqmmQzKPWtf77E27NQMLr78hqqGNMijQF3Jax2YeK6"
"Embassy Bancorp, Inc. () 10-Q for Q3, 2022","100 GATEWAY DRIVE,BETHLEHEM,PA,18017","https://auditchain.finance/analysis/Qme2MuCJAdanftwjkBYB39wCZZfDt9dfLJV2ig89Y2YAd1"
"EMCOR Group, Inc. (EME) 10-Q for Q3, 2022","301 MERRITT SEVEN CORPORATE PK,NORWALK,CT,06851","https://auditchain.finance/analysis/QmPFt1XMBRgCEn2AP6mmwYK53W1jAbidsKnoKDtLPE77bP"
"STERICYCLE INC. (SRCL) 10-Q for Q3, 2022","2355 WAUKEGAN ROAD,BANNOCKBURN,IL,60015","https://auditchain.finance/analysis/QmRVXuSdWYcxfQxCosLnzDhUYF32f7x4DLNhVTE6tD4HKD"
"EMERSON RADIO CORP (MSN) 10-Q for Q2, 2022","35 WATERVIEW BLVD.,PARSIPPANY,NJ,07054","https://auditchain.finance/analysis/QmQE9Vgxd3Z9RLengphb6RQkMdowdNs23buAuWto3HcbwB"
"EMPIRE PETROLEUM CORPORATION (EP) 10-Q for Q3, 2022","2200 S. UTICA PLACE,TULSA,OK,74114","https://auditchain.finance/analysis/QmbpE93cpehn3S5ArpeWFj3nt5jQGFLSTxaXJatgDDkeTb"
"STERLING INFRASTRUCTURE, INC. (STRL) 10-Q for Q3, 2022","1800 HUGHES LANDING BLVD.,THE WOODLANDS,TX,77380","https://auditchain.finance/analysis/QmT1GiFQPmRyYUtEKCtqQVkhgqUxziSNctfddjLy6JsfnN"
"ENANTA PHARMACEUTICALS, INC (ENTA) 10-K for FY, 2022","500 ARSENAL STREET,WATERTOWN,MA,02472","https://auditchain.finance/analysis/QmaySKh3uEkaEsGBfoPASemtkJzVPLb5t3yrQ8aHSpna1C"
"STEVEN MADDEN, LTD. (SHOO) 10-Q for Q3, 2022","52-16 BARNETT AVE,LONG ISLAND CITY,NY,11104","https://auditchain.finance/analysis/QmcGLkdm7kbkKPsj1LtV6F2zBS3unpipBER4mKwa5yFxZz"
"NEOGENOMICS, INC. (NEO) 10-Q for Q3, 2022","9490 NEOGENOMICS WAY,FORT MYERS,FL,33912","https://auditchain.finance/analysis/QmPwQEfGznA55xegjGAyps1DHpzaB7VqxdvYGoNb1Wawg7"
"NEPHROS, INC. (NEPH) 10-Q for Q3, 2022","380 LACKAWANNA PLACE,SOUTH ORANGE,NJ,07079","https://auditchain.finance/analysis/QmVZjemFibWeJur46nYDnhXSHaChXvUuktjVYX3sey2nkp"
"ENERGIZER HOLDINGS, INC. (ENR) 10-K for FY, 2022","533 MARYVILLE UNIVERSITY DRIVE,SAINT LOUIS,MO,63141","https://auditchain.finance/analysis/QmNNs8ohKkbfk4ZUf5Rk6iVanjtUFehPxw6rkJzAESUuTw"
"INTERNATIONAL ISOTOPES INC. () 10-Q for Q3, 2022","4137 COMMERCE CIRCLE,IDAHO FALLS,ID,83401","https://auditchain.finance/analysis/QmcWnkc4CsaqUdLbh2wC45Br1sCtYxdGiLPsJRT2N2taTa"
"ENERGY FOCUS, INC/DE (EFOI) 10-Q for Q3, 2022","32000 AURORA ROAD,SOLON,OH,44139","https://auditchain.finance/analysis/QmPb2eJQaG2f3zuHya6AgRK2rPcy67WbR8kFHAUZD7fL4G"
"TONIX PHARMACEUTICALS HOLDING CORP. (TNXP) 10-Q for Q3, 2022","26 MAIN STREET, SUITE 101,CHATHAM,NJ,07928","https://auditchain.finance/analysis/QmZ6Ta3KgLV2GLaCAeD94Dhr5iZop5CG5u5UvXcogtXpCZ"
"ENERGY FUELS INC. (UUUU) 10-Q for Q3, 2022","225 UNION BLVD., SUITE 600,LAKEWOOD,CO,80228","https://auditchain.finance/analysis/QmQTi41HdrFV4fm4ghzZvjmp3MomoByw85MnEFywsYbfj4"
"Netflix, Inc. (NFLX) 10-Q for Q3, 2022","100 WINCHESTER CIRCLE,LOS GATOS,CA,95032","https://auditchain.finance/analysis/QmPQ6hZE2msmRjNaceyCy8qM1ax5T5Srr4SBvPvYygHsmq"
"iSign Solutions Inc. () 10-Q for Q3, 2022","2033 GATEWAY PLACE,SAN JOSE,CA,95110","https://auditchain.finance/analysis/QmcUNi7k3DBVgLCTWvBJhLqsMGVUbjXi68Rq2Em1koPGSG"
"TopBuild Corp (BLD) 10-Q for Q3, 2022","475 N. WILLIAMSON BLVD.,DAYTONA BEACH,FL,32114","https://auditchain.finance/analysis/QmPeKWtcuVxmmtfqpzk6FWHLqczqPaPKUo6zGbnRfbChGU"
"authID Inc. (AUID) 10-Q for Q3, 2022","1325 S. COLORADO BLVD.,DENVER,CO,80222","https://auditchain.finance/analysis/QmQQY23Q9xYAX4jREA2ZdmHNzdv8v5PfSxV6MGpdKjAk1E"
"NETLIST INC () 10-Q for Q3, 2022","111 ACADEMY, SUITE 100,IRVINE,CA,92617","https://auditchain.finance/analysis/QmWgC8FwLWGYHbWKLTY3Ky4ozQAs2q2LWmetQ8VR8ka6ai"
"TRADE DESK, INC. (TTD) 10-Q for Q3, 2022","42 N. CHESTNUT STREET,VENTURA,CA,93001","https://auditchain.finance/analysis/QmfLpLWjteDuHvveuWbssQ517E8zdztHazakX56Qifkzqz"
"Block, Inc. (SQ) 10-Q for Q3, 2022","1455 MARKET STREET,SAN FRANCISCO,CA,94103","https://auditchain.finance/analysis/QmS7qqbs5HW2fcqX41PQF3WUnMWjLxHsvAio4jWhjfMiR4"
"IsoRay, Inc. (ISR) 10-Q for Q1, 2023","350 HILLS STREET,,RICHLAND,WA,99354","https://auditchain.finance/analysis/QmPaPEsdq4iBqB1iukA58KYtdQQ9uULpfY7vcUyw4yMHBN"
"TRANS-LUX CORPORATION () 10-Q for Q3, 2022","135 EAST 57TH STREET,NEW YORK,NY,10022","https://auditchain.finance/analysis/QmU5YZmP9QNSmKGGbDrrs8p9MgPDaBXKyoHqfnVkR4aDut"
"AMERICAN CLEAN RESOURCES GROUP, INC. (ACRG) 10-Q for Q3, 2022","611 WALNUT STREET,GADSDEN,AL,35901","https://auditchain.finance/analysis/QmeGNKpDCRE2po5euyBA29oZqKfikuj4QCdouCnevGLVjc"
"Enviro Technologies U.S., Inc. () 10-Q for Q2, 2023","408 STATE HWY 135N,KILGORE,TX,75662","https://auditchain.finance/analysis/QmdXaZ4PavnhkVmARcEBvWfZPAZkWegHhyYwgzyvnNTvmz"
"ALTITUDE INTERNATIONAL HOLDINGS, INC. () 10-Q for Q3, 2022","4500 SE PINE VALLEY STREET,PORT SAINT LUCIE,FL,34952","https://auditchain.finance/analysis/QmXTGTifPwfzg9WSNcFmzHLaFxxksZqXWvzgj8em3BTmoZ"
"STEREOTAXIS, INC. (STXS) 10-Q for Q3, 2022","710 N TUCKER BLVD,ST.LOUIS,MO,63101","https://auditchain.finance/analysis/QmYJKuuPTwtXCXVXsgU5AyxVimpJeKWSEfcPQNBJWrUc1t"
"INTEVAC, INC. (IVAC) 10-Q for Q3, 2022","3560 BASSETT STREET,SANTA CLARA,CA,95054","https://auditchain.finance/analysis/QmR3cE7nyT7q7M6KrCnH1NKQks36mC38ddvo863ytpz8E7"
"NETWORK-1 TECHNOLOGIES, INC. (NTIP) 10-Q for Q3, 2022","65 LOCUST AVENUE,NEW CANAAN,CT,06840","https://auditchain.finance/analysis/QmbMBh4L5AU4ZsHxyHXLGkozwtM6wgqcaqasEuDnMVZ5LW"
"Investar Holding Corporation (ISTR) 10-Q for Q3, 2022","10500 COURSEY BLVD,BATON ROUGE,LA,70816","https://auditchain.finance/analysis/QmPBUxsL3nbtfSHow6v4WA9fBfSV3xGwowD58tfFWDL7SG"
"TRANSCONTINENTAL REALTY INVESTORS, INC. (TCI) 10-Q for Q3, 2022","1603 LBJ FREEWAY,DALLAS,TX,75234","https://auditchain.finance/analysis/QmSGfZ17n1eh1x9a2dPERWFvHW9pRYwchZctpjw8DkLMFZ"
"INVESTORS TITLE CO (ITIC) 10-Q for Q3, 2022","121 N COLUMBIA ST,CHAPEL HILL,NC,27514","https://auditchain.finance/analysis/QmT4SqXsQn1WNA4sfZvus2kqwY1BDXpWqQE1cgFDtbHWWX"
"STONERIDGE, INC (SRI) 10-Q for Q3, 2022","39675 MACKENZIE DRIVE,NOVI,MI,48377","https://auditchain.finance/analysis/QmPamSZeX8Z1oPWjtvNNgqEpn7q4pFgv5bpvfg8DB5i9D3"
"PRECIPIO, INC. (PRPO) 10-Q for Q3, 2022","12325 EMMET ST,OMAHA,NE,68164","https://auditchain.finance/analysis/QmSwaGEUKizQiLyyEedcimrNKq3fvSXr8VBNjfyVMd18bN"
"ASENSUS SURGICAL, INC. (ASXC) 10-Q for Q3, 2022","1 TW ALEXANDER DRIVE,DURHAM,NC,27703","https://auditchain.finance/analysis/QmbCh8FRXY1BWWsePkkiyQzAD3XcWMCUPzYY9aDKd3NiU7"
"STORE CAPITAL CORPORATION (STOR) 10-Q for Q3, 2022","8377 EAST HARTFORD DRIVE,SCOTTSDALE,AZ,85255","https://auditchain.finance/analysis/QmTpioSphUcHFUVuMuaAF9VoDo36VZirnRiUsU7vcPM2ZM"
"Tredegar Corporation (TG) 10-Q for Q3, 2022","1100 BOULDERS PKWY,RICHMOND,VA,23225","https://auditchain.finance/analysis/QmVKfCorhUcX7N3E7E1LzpL6u4aH8FsxX7UsCZQCrSWNMc"
"IRADIMED CORPORATION (IRMD) 10-Q for Q3, 2022","1025 WILLA SPRINGS DR.,WINTER SPRINGS,FL,32708","https://auditchain.finance/analysis/QmSSCwHLpsQpqnw5XmUoAzH8cQgtCcHSFpCjzz1WTW3udd"
"IRON MOUNTAIN INC (IRM) 10-Q for Q3, 2022","ONE FEDERAL STREET,BOSTON,MA,02110","https://auditchain.finance/analysis/QmQUK7aMnarfSLEURXXXEFnKJ1PpqDbixvgSC7K1XeVsBW"
"NEW YORK COMMUNITY BANCORP, INC. (NYCB) 10-Q for Q3, 2022","102 DUFFY AVENUE,HICKSVILLE,NY,11801","https://auditchain.finance/analysis/QmUpNiisAwNKzruNCG4h489ErJ9HoiZt5FipXfWdj8UL3g"
"VNUE, INC () 10-Q for Q3, 2022","104 WEST 29TH STREET,NEW YORK,NY,10001","https://auditchain.finance/analysis/QmUWfMm3ksSX5zWmqrW7mHJMPrkv3dTdfTLMmFnE6DLjGB"
"TRENDMAKER, INC. LIMITED (TMIN) 10-Q for Q3, 2022","1415 DEBRA DRIVE,CARY,NC,27511","https://auditchain.finance/analysis/QmdF1bFRhZh89RQr3EWz9n3JngPfbEPwh9Jqg9xUdUGrfq"
"Verastem, Inc. (VSTM) 10-Q for Q3, 2022","117 KENDRICK STREET,NEEDHAM,MA,02494","https://auditchain.finance/analysis/QmeZXagPzrHtRb85PfM3QUMUDuj14o6FjazPW3cMyRj9k4"
"NEWELL BRANDS INC (NWL) 10-Q for Q3, 2022","6655 PEACHTREE DUNWOODY ROAD,ATLANTA,GA,30328","https://auditchain.finance/analysis/QmSqftBNxCnSkBFXQrBF2obrW322fn5FfvwK69QA7GobjK"
"ISSUER DIRECT CORPORATION (ISDR) 10-Q for Q3, 2022","1 GLENWOOD AVE.,RALEIGH,NC,27603","https://auditchain.finance/analysis/QmXMtAQasTQMP5WjWgLgXB9GSryGE6KKMwd78DSHAubrGQ"
"VERICEL CORPORATION (VCEL) 10-Q for Q3, 2022","64 SIDNEY ST.,CAMBRIDGE,MA,02139","https://auditchain.finance/analysis/QmP4eRJmaiGXUWJw9MuwDACgDeMgi8c4eLGWBWjk8drgFW"
"Strategic Education, Inc. (STRA) 10-Q for Q3, 2022","2303 DULLES STATION BOULEVARD,HERNDON,VA,20171","https://auditchain.finance/analysis/QmSVB8m1XVBfzJH7v4vF76yquSVX6LghyM45Ur2qjszS3E"
"ITRON, INC. (ITRI) 10-Q for Q3, 2022","2111 N MOLTER ROAD,LIBERTY LAKE,WA,99019","https://auditchain.finance/analysis/QmNpZwLDSuujEjB1PkPVVXU2MJ7ghmZGcSmGvE4xD37VgG"
"ITC HOLDINGS CORP. () 10-Q for Q3, 2022","27175 ENERGY WAY,NOVI,MI,48377","https://auditchain.finance/analysis/QmSKR95U1dzbJYthc2hbSwiEtmhQi9WpxbYHiZ1p2aFG6N"
"ViewRay, Inc. (VRAY) 10-Q for Q3, 2022","2 THERMO FISHER WAY,OAKWOOD VILLAGE,OH,44146","https://auditchain.finance/analysis/QmQ6q5ePonvCBjNAesvH8TrL1Ucgd27W1ymtjZCNdbXPew"
"NEWMARKET CORPORATION (NEU) 10-Q for Q3, 2022","330 S FOURTH ST,RICHMOND,VA,23218-2189","https://auditchain.finance/analysis/QmVxHDj9PmEtoKZbXh2Y4K7yR9QGkrH5X8PQqHMJF4Khvr"
"Viper Energy Partners LP (VNOM) 10-Q for Q3, 2022","500 WEST TEXAS AVENUE,MIDLAND,TX,79701","https://auditchain.finance/analysis/QmbAxwZZv8hvhVaVhPx3byJSJ827PWcDffhMPLxP3MgztP"
"The J. M. Smucker Company (SJM) 10-Q for Q2, 2023","ONE STRAWBERRY LANE,ORRVILLE,OH,44667","https://auditchain.finance/analysis/QmYMqNv4afR8vSrK6HMXwb66Z5tXuA1F2tzDCF43aQT9rn"
"DREAM HOMES & DEVELOPMENT CORPORATION () 10-Q for Q3, 2022","314 S. MAIN STREET,FORKED RIVER,NJ,08731","https://auditchain.finance/analysis/QmV8HREGRVihiHBPDBJsDos4v2HbNmDMuRKg8Ziu2VP8Nk"
"VirnetX Holding Corp (VHC) 10-Q for Q3, 2022","308 DORLA COURT,ZEPHYR COVE,NV,89448","https://auditchain.finance/analysis/QmbHixXfd88m8x1TjyjjatU7Pa82WdiPWYr7vSp9gTSHrb"
"Newpark Resources, Inc. (NR) 10-Q for Q3, 2022","9320 LAKESIDE BOULEVARD,THE WOODLANDS,TX,77381","https://auditchain.finance/analysis/QmcWKsHfr9ZsyAoM316CMKyBDWyJFbEFV4FDd4sVYus18f"
"HWGC HOLDINGS LIMITED () 10-Q for Q3, 2022","WISMA HO WAH GENTING, NO. 35,KUALA LUMPUR,N8,50000","https://auditchain.finance/analysis/QmQDCA86xo5B7UToiK8X6LC38mUWpgHJuEWSqTJnjaUBmk"
"STRYKER CORP (SYK) 10-Q for Q3, 2022","2825 AIRVIEW BLVD,KALAMAZOO,MI,49002","https://auditchain.finance/analysis/QmaebGz5j82vPwWyUgqqZRyGwXzEZMTLJDQyHV7DVNHih8"
"VOYA RETIREMENT INSURANCE & ANNUITY CO () 10-Q for Q3, 2022","ONE ORANGE WAY,WINDSOR,CT,06095-4774","https://auditchain.finance/analysis/QmX9pyReN4yZzkYqpUVEgCrUoQK6pUuUq4i2c1kGmERFc4"
"NEONODE INC. (NEON) 10-Q for Q3, 2022","KARLAVAGEN 100, 115 26,STOCKHOLM,V7,00000","https://auditchain.finance/analysis/QmdvSfjTbndWeEF8YJ2eXuSKf6wHqV99QALvftYBxqPLcn"
"Neos Therapeutics, Inc. (NEOS) 10-Q for Q3, 2020","2940 N. HIGHWAY 360,GRAND PRAIRIE,TX,75050","https://auditchain.finance/analysis/QmQZu72YWQiUzMb9TS4aHCtdJYtFAGy98sTNEk8YBciTdh"
"NEUROMETRIX, INC. (NURO) 10-Q for Q3, 2022","1000 WINTER STREET,WALTHAM,MA,02451","https://auditchain.finance/analysis/Qma3tS76u2mGg255ZUNaTmcvXgxpDzVU3mWr6366B4xBKc"
"Colambda Technologies, Inc. () 10-Q for Q3, 2022","10 DIONYSIOU SOLOMOU STREET,NICOSIA,G4,1311","https://auditchain.finance/analysis/QmQHbqDXVXN2rMYdAt1V6AH9YSP7PoTqtYbFSmiG6Xv3Nb"
"GANNETT CO., INC. (GCI) 10-Q for Q3, 2022","7950 JONES BRANCH DRIVE,MCLEAN,VA,22107","https://auditchain.finance/analysis/QmYhpZ7RjA52MT26hF5FR38vi74zEoRBJnpkMMZbFVxCzm"
"BIMI International Medical Inc. (BIMI) 10-Q for Q3, 2022","NO. 10, HUASHENG ROAD, FLOOR 21,CHONGQING, P.R.,F4,404100","https://auditchain.finance/analysis/QmU7VFpYm2bdB3aGQiCZps1rMttbpojMSHhjWVChJ7ZR3X"
"SUMMIT FINANCIAL GROUP, INC. (SMMF) 10-Q for Q3, 2022","300 NORTH MAIN ST,MOOREFIELD,WV,26836","https://auditchain.finance/analysis/QmY1RrXzUa1TwsTArECwjnqdWRZ8jnVHbWjgtCwAyNkGV2"
"Travelers Companies, Inc. (TRV) 10-Q for Q3, 2022","385 WASHINGTON ST,SAINT PAUL,MN,55102","https://auditchain.finance/analysis/QmQ5U8SBeNCodbvVMHynbvfdRTNDeUSAPEgYUnkZhoS5Jh"
"STONERIDGE, INC (SRI) 10-Q for Q3, 2022","39675 MACKENZIE DRIVE,NOVI,MI,48377","https://auditchain.finance/analysis/QmdqEey3Sg3VEVwMa8uVDSm8Qxph4y5oyYjWWu4RpsGcuu"
"Tri Pointe Homes, Inc. (TPH) 10-Q for Q3, 2022","940 SOUTHWOOD BLVD, SUITE 200,INCLINE VILLAGE,NV,89451","https://auditchain.finance/analysis/QmYkQfHeBpASLuevyJ84oX1YBF4hTGAKzHe3KpJc1ivh6r"
"NiSource Inc. (NI) 10-Q for Q3, 2022","801 EAST 86TH AVE,MERRILLVILLE,IN,46410-6272","https://auditchain.finance/analysis/QmTWKP5PWsSFA7ha1bEy2zzp8zADKZqGJFuG1Axm7rLEQe"
"NMI Holdings, Inc. (NMIH) 10-Q for Q3, 2022","2100 POWELL STREET, 12TH FLOOR,EMERYVILLE,CA,94608","https://auditchain.finance/analysis/QmWhoidoDx7eCF7dDoEMK1Pn78fPQK4rWPBnxVGLAHtr5v"
"TRIMAS CORPORATION (TRS) 10-Q for Q3, 2022","38505 WOODWARD AVENUE,BLOOMFIELD HILLS,MI,48304","https://auditchain.finance/analysis/QmdbhZWdiNb74bQvm6ZewD9TF5YBLGDV7CGb6bXtfhvRAm"
"Strategic Education, Inc. (STRA) 10-Q for Q3, 2022","2303 DULLES STATION BOULEVARD,HERNDON,VA,20171","https://auditchain.finance/analysis/QmTegnNF6TRjxC74Tf5Zputxfatarbgbwht4MUTMJVeZLZ"
"NORFOLK SOUTHERN CORPORATION (NSC) 10-Q for Q3, 2022","650 W PEACHTREE STREET NW,ATLANTA,GA,30308","https://auditchain.finance/analysis/QmfD3ciJnVCxJ2J7sdqruRTYttpKmyb4d1Hpw9QMQFDapv"
"Strategic Education, Inc. (STRA) 10-Q for Q3, 2022","2303 DULLES STATION BOULEVARD,HERNDON,VA,20171","https://auditchain.finance/analysis/QmeuTX7MnypkA5X5CttpfQSwKQ6gdEX8nxLFfX1z894yDv"
"STRYKER CORP (SYK) 10-Q for Q3, 2022","2825 AIRVIEW BLVD,KALAMAZOO,MI,49002","https://auditchain.finance/analysis/Qma7BromibtKPp3fCz8siyNeRWPNMzLJV5ZYQigYjbbsky"
"TRINET GROUP, INC. (TNET) 10-Q for Q3, 2022","ONE PARK PLACE., SUITE 600,DUBLIN,CA,94568","https://auditchain.finance/analysis/QmSw8DTQvj1pFk9DPSaERcrbY8m4bsYctqKTXckNcVjqzT"
"TRIO-TECH INTERNATIONAL (TRT) 10-Q for Q1, 2022","16139 WYANDOTTE ST.,VAN NUYS,CA,91406","https://auditchain.finance/analysis/QmRaDrvZqrvnNYeW1qNP89SXbmxywM7o1YY1JdPCULSADf"
"SUBURBAN PROPANE PARTNERS LP (SPH) 10-K for FY, 2022","P O BOX 206,WIPPANY,NJ,07981","https://auditchain.finance/analysis/QmbSvzDDKVde3ZbY2CT2WLCCgei6mYuRb98BbuXjuNwJ4n"
"NORTHROP GRUMMAN CORP /DE/ (NOC) 10-Q for Q3, 2022","2980 FAIRVIEW PARK DRIVE,FALLS CHURCH,VA,22042","https://auditchain.finance/analysis/Qmczt9QzrYmYLQQsrAJ1YbLE9qgCun5s3YjA7eyykU7Usu"
"TOYOTA MOTOR CREDIT CORPORATION (TM/28) 10-Q for Q2, 2023","6565 HEADQUARTERS DRIVE, W2-3D,PLANO,TX,75024","https://auditchain.finance/analysis/QmXkcEZG7HZ1mjkujaPboAzkifYQAwqHwWYtAiScqQxUkb"
"China Foods Holdings Ltd. () 10-Q for Q3, 2022","SUITE 3102, EVERBRIGHT CENTER,WANCHAI,K3,0000","https://auditchain.finance/analysis/QmPnfBBiB4JbC6UeBcnQH5xExbvCnfBC2tnSrJgs7sJNdM"
"NORTHWESTERN CORP (NWE) 10-Q for Q3, 2022","3010 W 69TH STREET,SIOUX FALLS,SD,57108","https://auditchain.finance/analysis/QmZFPgL8tyqmGuMrtNRhUhLvoFnntqksBJdw4JCxdY2F3A"
"NORTHSTAR HEALTHCARE INCOME, INC. () 10-Q for Q3, 2022","16 EAST 34TH ST,NEW YORK,NY,10016","https://auditchain.finance/analysis/QmUSSQzJ4jCtixDQSYm5LE1eMyGJU2NtSD19XED6ieU8Hs"
"Transocean Ltd (RIG) 10-Q for Q3, 2022","TURMSTRASSE 30,STEINHAUSEN,V8,6312","https://auditchain.finance/analysis/QmZYvZQGjYGHwAk4bGu4RhHn27oDmBzeoFZvUWxQiooFko"
"Travelzoo (TZOO) 10-Q for Q3, 2022","590 MADISON AVENUE,NEW YORK,NY,10022","https://auditchain.finance/analysis/QmTZjLX1sF4D8oxCYPnGnJJaarGATjyyrrSvDJexn7jxWk"
"Tribal Rides International Corp. () 10-Q for Q3, 2022","25108 MARGUERITE PARKWAY,MISSION VIEJO,CA,92692","https://auditchain.finance/analysis/Qmcm4qJvhryYFW7tGnBbVypJsAfQtQT3h3H9JjMrtvLkNw"
"TRINITY PLACE HOLDINGS INC. (TPHS) 10-Q for Q3, 2022","340 MADISON AVENUE,NEW YORK,NY,10173","https://auditchain.finance/analysis/QmRnZP5qfYQT4D975SC8yenSEiAxrVkVKT22hgmhCmZR7w"
"Northfield Bancorp, Inc. (NFBK) 10-Q for Q3, 2022","581 MAIN STREET,WOODBRIDGE,NJ,07095","https://auditchain.finance/analysis/QmVCiGSTEBPAE3YE7iAXikdXANzPFikDDfDanAjqioCWSD"
"SUMMIT FINANCIAL GROUP, INC. (SMMF) 10-Q for Q3, 2022","300 NORTH MAIN ST,MOOREFIELD,WV,26836","https://auditchain.finance/analysis/QmbE2aHfzvJ7RzNmTnUrrsRVAKUY34KSxwusYJMGzzzAWb"
"SUN COMMUNITIES, INC (SUI) 10-Q for Q3, 2022","27777 FRANKLIN ROAD,SOUTHFIELD,MI,48034","https://auditchain.finance/analysis/QmSjbW8fT1dupYLDfLKYax1aethZ4ygvnVySaBPUi7h1N9"
"NOVABAY PHARMACEUTICALS, INC. (NBY) 10-Q for Q3, 2022","2000 POWELL STREET, SUITE 1150,EMERYVILLE,CA,94608","https://auditchain.finance/analysis/QmT5r4LEZ7zp5dtU14GwG4hVZn77bE6z3x3MLsPJuFcXk1"
"NOVAVAX, INC. (NVAX) 10-Q for Q3, 2022","21 FIRSTFIELD ROAD,GAITHERSBURG,MD,20878","https://auditchain.finance/analysis/QmdaQw9yoKShdoQqyWhLzL7j8VZccqiJU3GBu3Zhmiq5d3"
"NOVANTA INC. (NOVT) 10-Q for Q3, 2022","125 MIDDLESEX TURNPIKE,BEDFORD,MA,01730","https://auditchain.finance/analysis/QmSe7zQrx3yA5P9cU6GEFc72THkW5i28Nbd9YfPEh5cN3x"
"SUNOCO LP (SUN) 10-Q for Q3, 2022","8111 WESTCHESTER DR., SUITE 400,DALLAS,TX,75225","https://auditchain.finance/analysis/QmSpQzFD5DXy7hGEjmGpwexcxR2TVu3ukzxAnLa2Ma4D28"
"SUNLINK HEALTH SYSTEMS, INC. (SSY) 10-Q for Q1, 2022","900 CIRCLE 75 PARKWAY,ATLANTA,GA,30339","https://auditchain.finance/analysis/QmVLexTYRWLGbjSsgCo9v456wVdX4fWRxGuuzv7eMcoiYz"
"NOW INC. (DNOW) 10-Q for Q3, 2022","7402 NORTH ELDRIDGE PARKWAY,HOUSTON,TX,77041","https://auditchain.finance/analysis/QmUg8KkA85tkPaTNgjz3Vh7NwNHNamhyRY2AvagFtH1WuH"
"NRG Energy, Inc (NRG) 10-Q for Q3, 2022","910 LOUISIANA STREET,HOUSTON,TX,77002","https://auditchain.finance/analysis/QmYn6MPmGZwEkYrcSNE9VBa7FWZP3Znk6GcoXwMq6R1tb5"
"Eterna Therapeutics Inc. (ERNA) 10-Q for Q3, 2022","10355 SCIENCE CENTER DRIVE,SAN DIEGO,CA,92121","https://auditchain.finance/analysis/QmUnaS7dKvxML1Us32PG2FiN6e2pEHQrJPKMz4aLg8f7yT"
"NUCOR CORPORATION (NUE) 10-Q for Q3, 2022","1915 REXFORD RD,CHARLOTTE,NC,28211","https://auditchain.finance/analysis/QmeWDuYZ5DK7Z9aKxttuFrXMhmDCKZTnYdaQG94uymRo6B"
"Strategic Environmental & Energy Resources, Inc. () 10-Q for Q3, 2022","370 INTERLOCKEN BOULEVARD,BROOMFIELD,CO,80021","https://auditchain.finance/analysis/QmbkWZA4gBcSKxnyggjGkuiMAePSxngtT5ZPpyrkvxna98"
"NVE CORP /NEW/ (NVEC) 10-Q for Q2, 2023","11409 VALLEY VIEW ROAD,EDEN PRAIRIE,MN,55344","https://auditchain.finance/analysis/QmPWGgk3jyEA7nHGkM4cCo9ayE4LpoiyxxY1uNeN13FNwT"
"TRIPADVISOR, INC. (TRIP) 10-Q for Q3, 2022","400 1ST AVENUE,NEEDHAM,MA,02494","https://auditchain.finance/analysis/QmNhcW2rKZoMUpj9Go9WsoQT8Vu7xBDnD5PxRFiA84HLLC"
"NovoCure Limited (NVCR) 10-Q for Q3, 2022","NO. 4 THE FORUM,ST. HELIER,Y9,JE2 4UF","https://auditchain.finance/analysis/QmWar5bF49N9D4epZxp6k5cNV47eZy1VSgNdjjvCY8TMqN"
"TRINITY PLACE HOLDINGS INC. (TPHS) 10-Q for Q3, 2022","340 MADISON AVENUE,NEW YORK,NY,10173","https://auditchain.finance/analysis/QmYXFngsRdqfq8LFBEjFxFLdsYJCEsWBGxpbxasMZ5hTwh"
"NVR, Inc. (NVR) 10-Q for Q3, 2022","11700 PLAZA AMERICA DR.,RESTON,VA,20190","https://auditchain.finance/analysis/QmSMWwnqyy2Xjw8Mbofzx8G6ePcBLi2HfZDkVqj6DM3q3z"
"WINGSTOP INC. (WING) 10-Q for Q3, 2022","15505 WRIGHT BROTHERS DRIVE,ADDISON,TX,75001","https://auditchain.finance/analysis/QmeGEBL8P81m7CAW5M44ST8hnZhpz2KMDmF3W3QKm1u1Eu"
"TRUSTCO BANK CORP NY (TRST) 10-Q for Q3, 2022","6 METRO PARK ROAD,ALBANY,NY,12205","https://auditchain.finance/analysis/QmThfd3fPmHavicp1ZM64TU1jxQ1r4Z26krkFTKZNeS28T"
"EPAM SYSTEMS, INC. (EPAM) 10-Q for Q3, 2022","41 UNIVERSITY DRIVE,NEWTOWN,PA,18940","https://auditchain.finance/analysis/Qmd6BVv5srhsy4X5UgHuZ1ajedbWMZy4Mn4vVFjv7dSZ8T"
"NuStar Energy L.P. (NS) 10-Q for Q3, 2022","19003 IH-10 WEST,SAN ANTONIO,TX,78257","https://auditchain.finance/analysis/QmTDZb9gSJ2oH77ChZV4sYboqb8B9Pe7TaNr1mdgtb69Ph"
"TSR, Inc. (TSRI) 10-Q for Q1, 2023","400 OSER AVE,HAUPPAUGE,NY,11788","https://auditchain.finance/analysis/QmTYGHKW823Vu4ktBuv3gxAENJBwTKSqJWv2h5he9RT8FJ"
"Nuo Therapeutics, Inc. () 10-Q for Q3, 2022","8285 EL RIO, SUITE 150,HOUSTON,TX,77054","https://auditchain.finance/analysis/QmaZAbrmdCGE6dgPLw7adv1VAyRBWbsuiozrkBxYC2TX8x"
"ePlus inc. (PLUS) 10-Q for Q2, 2023","13595 DULLES TECHNOLOGY DRIVE,HERNDON,VA,20171-3413","https://auditchain.finance/analysis/QmPXep5q14TXdgBGkexxeshgNktQa1Uh8nR6qSbE1WcrDG"
"EPR PROPERTIES (EPR) 10-Q for Q3, 2022","909 WALNUT STREET,KANSAS CITY,MO,64106","https://auditchain.finance/analysis/QmY2tCeDSCvZdWC7vk8tQMQFGN38zyYpieZ6sATyQAwHDC"
"TTM TECHNOLOGIES, INC. (TTMI) 10-Q for Q3, 2022","200 EAST SANDPOINTE,SANTA ANA,CA,92707","https://auditchain.finance/analysis/QmZRq9w39duVs5Q5cnRUmByF6yPStAXc8zCUf7DrKfp9Gw"
"EQUIFAX INC (EFX) 10-Q for Q3, 2022","1550 PEACHTREE ST NW,ATLANTA,GA,30302","https://auditchain.finance/analysis/QmXpeX7WBgUotxJjHzv3ikHUDkSoQLRkBNujCiuSm15GGv"
"EQUITY BANCSHARES, INC. (EQBK) 10-Q for Q3, 2022","7701 E. KELLOGG DRIVE, SUITE 300,WICHITA,KS,67207","https://auditchain.finance/analysis/QmV7BNJH5BnbdhAN6JL9zcu49P6cVWvLM1zcMgp5gNRfop"
"LogicMark, Inc. (LGMK) 10-Q for Q3, 2022","2801 DIODE LANE,LOUISVILLE,KY,40299","https://auditchain.finance/analysis/QmYRFefhhEV9VbFbLmk3hzc76yYPH3bk92Mr54t8JY6qR2"
"ESPEY MFG. & ELECTRONICS CORP. (ESP) 10-Q for Q1, 2023","233 BALLSTON AVE,SARATOGA SPRINGS,NY,12866","https://auditchain.finance/analysis/QmbiQQWDpovutQVnbZuw6wx5iXWLUVwS6rM7KV2FPZiian"
"RESHAPE LIFESCIENCES INC. (RSLS) 10-Q for Q3, 2022","1001 CALLE AMANECER,SAN CLEMENTE,CA,92673","https://auditchain.finance/analysis/QmXAJeq4nEWhkaY1MS1hr76rzwHaPXXTg6uRPKMQjDSxLn"
"Enphase Energy, Inc. (ENPH) 10-Q for Q3, 2022","47281 BAYSIDE PARKWAY,FREMONT,CA,94538","https://auditchain.finance/analysis/QmWYDYXFaJ98fa4uQMKn2gXUM4Pv3XJwt2fBEM6XQJaG7F"
"EVI Industries, Inc. (EVI) 10-Q for Q1, 2023","4500 BISCAYNE BOULEVARD,MIAMI,FL,33137","https://auditchain.finance/analysis/Qmcyq6pz7VTyAB8Xx6XqXMmqCJm11JyvXzmae8sX12DGkN"
"Strategic Environmental & Energy Resources, Inc. () 10-Q for Q3, 2022","370 INTERLOCKEN BOULEVARD,BROOMFIELD,CO,80021","https://auditchain.finance/analysis/QmdiCmSDRsnhvNehTsWcYggUTFgoRbFoqpotn8XfaNuRw4"
"TUCSON ELECTRIC POWER CO () 10-Q for Q3, 2022","88 EAST BROADWAY,TUCSON,AZ,85701","https://auditchain.finance/analysis/QmYTdKcDixARGLLSU4Hutxx88XeKYLCYCpzArGgzhAVoWD"
"OGE ENERGY CORP. (OGE) 10-Q for Q3, 2022","321 N HARVEY,OKLAHOMA CITY,OK,73101-0321","https://auditchain.finance/analysis/QmP83Sz1SCCNRfFWU7sFbp6cr56fyXWZ77VSo5Fyoo8a6j"
"OHIO VALLEY BANC CORP (OVBC) 10-Q for Q3, 2022","420 THIRD AVE,GALLIPOLIS,OH,45631","https://auditchain.finance/analysis/QmTZtbJ9pVnkBhHaa9L7nFJgRt1oVbP22A3CLccf4nHmZf"
"TUPPERWARE BRANDS CORPORATION (TUP) 10-Q for Q3, 2022","14901 S ORANGE BLOSSOM TRAIL,ORLANDO,FL,32837-6600","https://auditchain.finance/analysis/QmNzjxCS4NNpXLpLdyNLiCKLdbcGcJ1vE6LFfv1gPXUBoM"
"OIL STATES INTERNATIONAL, INC (OIS) 10-Q for Q3, 2022","THREE ALLEN CENTER,HOUSTON,TX,77002","https://auditchain.finance/analysis/QmPrDyuiBx9xoLJL1dvkVsNx24UVmxwyyTznrT6hfDCgLc"
"TWIN DISC INC (TWIN) 10-Q for Q1, 2023","1328 RACINE ST,RACINE,WI,53403","https://auditchain.finance/analysis/QmQSoc4ZMfaA5v6DApgfzUxEnFc69qYBnjCpDATwf7is2c"
"SUMMIT MATERIALS, INC. (SUM) 10-Q for Q3, 2022","1550 WYNKOOP STREET, 3RD FLOOR,DENVER,CO,80202","https://auditchain.finance/analysis/QmQe4B6fMBjdNWa1S4savnkFui6MdCxe4zNZrSMgwYujkH"
"Panbela Therapeutics, Inc. (PBLA) 10-Q for Q3, 2022","712 VISTA BLVD #305,WACONIA,MN,55387","https://auditchain.finance/analysis/QmUNGPCTdpF9ETgeZ51KrbRWyex4HUa9A5UudzYiuvHZUe"
"OGE ENERGY CORP. (OGE) 10-Q for Q3, 2022","321 N HARVEY,OKLAHOMA CITY,OK,73101-0321","https://auditchain.finance/analysis/QmWw4HQCSiboxu2BWbKfXvByVTNwBvqmPL2htk1g9poBNM"
"OLD DOMINION FREIGHT LINE, INC. (ODFL) 10-Q for Q3, 2022","500 OLD DOMINION WAY,THOMASVILLE,NC,27360","https://auditchain.finance/analysis/QmY72D8fvDtrRjQDLQkkKWiaL5PfyuyVUbCWVeroFPrnSY"
"OLD POINT FINANCIAL CORP (OPOF) 10-Q for Q3, 2022","1 WEST MELLEN ST,HAMPTON,VA,23663","https://auditchain.finance/analysis/QmYftViqR9RdBnVYAzmaMwNt44LbGsot8EThpxCg6AwkQw"
"SUNDANCE STRATEGIES, INC. (SUND) 10-Q for Q2, 2023","4626 NORTH 300 WEST, SUITE 365,PROVO,UT,84604","https://auditchain.finance/analysis/QmP4Xp7R5ZPs7vMS5EvQ18HM99Kn8wBiWZz1vy1VJrT6rh"
"TYLER TECHNOLOGIES, INC. (TYL) 10-Q for Q3, 2022","5101 TENNYSON PKWY,PLANO,TX,75024","https://auditchain.finance/analysis/QmNPNovuroG1ZTAyqNAFgMFcYL1tqEFEaShvjoXPr5FJWT"
"TRONOX HOLDINGS PLC (TROX) 10-Q for Q3, 2022","263 TRESSER BLVD., SUITE 1100,STAMFORD,CT,06901","https://auditchain.finance/analysis/QmVoZNeKUXH5RNzMLzTwCbFLteqeJJyhZHiUeVLb1bVa5z"
"CARDIFF ONCOLOGY, INC. (CRDF) 10-Q for Q3, 2022","11055 FLINTKOTE AVENUE,SAN DIEGO,CA,92121","https://auditchain.finance/analysis/QmT9L9KdUJfs1FTV1LBaHxbKW2yAyyD3jU9kJvcWfbz4it"
"OLD SECOND BANCORP INC (OSBC) 10-Q for Q3, 2022","37 S RIVER ST,AURORA,IL,60507","https://auditchain.finance/analysis/QmYu1wAvSQhFFmL85x3yGo3Ria2huXWH3wM7yG1LNz4Wf1"
"MITESCO, INC. (N/A) 10-Q for Q3, 2022","1660 HIGHWAY 100 SOUTH,ST. LOUIS PARK,MN,55416","https://auditchain.finance/analysis/QmWtUuSCf4D8HcnM6dwGBhGev8LiZzFRTVLUcZALpnwNGK"
"TURTLE BEACH CORPORATION (HEAR) 10-Q for Q3, 2022","44 SOUTH BROADWAY,WHITE PLAINS,NY,10601","https://auditchain.finance/analysis/QmXDWHAgfzHa6CAtZ4NUFZWjsCwzedfvvj8y8nFxnV2YBH"
"Twinlab Consolidated Holdings, Inc. () 10-Q for Q3, 2022","4800 T-REX AVENUE,BOCA RATON,FL,33431","https://auditchain.finance/analysis/QmcSFcDxekvQ5MJeEtv75vJnhPVyixvL5zwNWZsDKNSpEi"
"TrueBlue, Inc. (TBI) 10-Q for Q3, 2022","1015 A STREET,TACOMA,WA,98402","https://auditchain.finance/analysis/QmcDX9pdnCR56BXHavcaoqMce1AgkPe8j74LJg5ttgu4aL"
"Vecta Inc. () 10-Q for Q3, 2022","56 MAIN STREET,IRVINGTON,NY,10533","https://auditchain.finance/analysis/Qmarf8Qqy2uzWZLgmGqwMsstpdMoUm7WQPTxEWCoUtXPLg"
"SUNSTOCK, INC. (SSOK.) 10-Q for Q3, 2022","111 VISTA CREEK CIRCLE,SACRAMENTO,CA,95935","https://auditchain.finance/analysis/Qmeqc9Wayrx2rkKgYR9z6JBaTA98Mm9uQXDGJTLkat2DQj"
"OMNICELL, INC (OMCL) 10-Q for Q3, 2022","2625 AUGUSTINE DRIVE, SUITE 301,SANTA CLARA,CA,95054","https://auditchain.finance/analysis/QmaStW9DMyGf67evofQnxhW3oTzLpiQQSYp48diANvnSie"
"Umpqua Holdings Corporation (UMPQ) 10-Q for Q3, 2022","ONE SW COLUMBIA STREET,PORTLAND,OR,97204","https://auditchain.finance/analysis/QmSk8KH3zmaFmovxS1MgWgXa9TMpiEKVdSkt4JNCQnMJEg"
"ULTRAGENYX PHARMACEUTICAL INC. (RARE) 10-Q for Q3, 2022","60 LEVERONI COURT,NOVATO,CA,94949","https://auditchain.finance/analysis/QmRDgn4xKmsccsD9S43zuPxmJjVQpxua4FNBpMCPTALMBd"
"UGI CORP (UGI) 10-K for FY, 2022","460 N GULPH RD,KING OF PRUSSIA,PA,19406","https://auditchain.finance/analysis/QmTVZRRqSy1FzD6h7L5pMjKPLw71RHCZnb1PNkXi2ifWKD"
"Surmodics, Inc (SRDX) 10-K for FY, 2022","9924 W 74TH ST,EDEN PRAIRIE,MN,55344","https://auditchain.finance/analysis/QmWQhEdBVohawfsTgzsQLWBALjBCmX24YjMWyk8UJZqaKb"
"ULTRALIFE CORPORATION (ULBI) 10-Q for Q3, 2022","2000 TECHNOLOGY PARKWAY,NEWARK,NY,14513","https://auditchain.finance/analysis/QmfPTYFmCxi437f5zgpxdQjLsKLCnA17mF5fU2e1jtMZNj"
"UNIFIRST CORPORATION (UNF) 10-K for FY, 2022","68 JONSPIN RD,WILMINGTON,MA,01887","https://auditchain.finance/analysis/QmWtGTdi3mGmZ5Shg9FvFozDpyVGMxKDeLTh8uBZdK8Yja"
"UNION PACIFIC CORP (UNP) 10-Q for Q3, 2022","1400 DOUGLAS STREET,OMAHA,NE,68179","https://auditchain.finance/analysis/QmNnCrVNGMmMesmnewn7Usabt3hw9PG1CZPwvhm4QgD3f5"
"WisdomTree Investments, Inc. (WETF) 10-Q for Q3, 2022","250 WEST 34TH STREET,NEW YORK,NY,10119","https://auditchain.finance/analysis/QmZRHpruT47y9NNCT4EjKtNqic73JXLV7JzdFSpHdrQ3zo"
"Gen Digital Inc. (GEN) 10-Q for Q2, 2023","60 E RIO SALADO PARKWAY,TEMPE,AZ,85281","https://auditchain.finance/analysis/QmVFEZsqt74Ghnv6E9DDLcEc8Y9iLoFRFKAe65ZubAmgfn"
"UNITED BANCSHARES INC/OH (UBOH) 10-Q for Q3, 2022","105 PROGRESSIVE DRIVE,COLUMBUS GROVE,OH,45830","https://auditchain.finance/analysis/QmTzb2gE6f1ghocnoSYzq27mUVqUdTjSaBB5xYgPzRzTUC"
"Syndax Pharmaceuticals, Inc. (SNDX) 10-Q for Q3, 2022","35 GATEHOUSE DRIVE,WALTHAM,MA,02451","https://auditchain.finance/analysis/Qmeb3A43UT377kQSf4DsNwgSNPBtkyjhyZH9z4vgazm7zx"
"UNITED BANKSHARES INC/WV (UBSI) 10-Q for Q3, 2022","300 UNITED CTR,CHARLESTON,WV,25301","https://auditchain.finance/analysis/QmUeiHFCWHAEaxMLu56vyqgQcJRkZE574EXTayXkcE4MKD"
"Sysco Corporation (SYY) 10-Q for Q1, 2023","1390 ENCLAVE PKWY,HOUSTON,TX,77077","https://auditchain.finance/analysis/QmcUv42WZAFVQNvPvYGU3FWemFbRRsfNp89JUvjGrHYucZ"
"Syndax Pharmaceuticals, Inc. (SNDX) 10-Q for Q3, 2022","35 GATEHOUSE DRIVE,WALTHAM,MA,02451","https://auditchain.finance/analysis/QmWrcojnjKrCvhLm9N3N7byn2M5DnFHdUGo6e9pVGJAesS"
"Global Industrial Company (GIC) 10-Q for Q3, 2022","11 HARBOR PARK DRIVE,PORT WASHINGTON,NY,11050","https://auditchain.finance/analysis/QmT3C9Y1LE6got1Q2JVca8s9LwLP4if2hV6CZsbJufJ1ww"
"CEA INDUSTRIES INC. (CEAD) 10-Q for Q3, 2022","1780 55TH STREET, SUITE C,BOULDER,CO,80301","https://auditchain.finance/analysis/QmWa8wV3SVRJsbXhbsmiGDKnRSGnwZCbAadrTg1RuDKC98"
"SYNCHRONY FINANCIAL (SYF) 10-Q for Q3, 2022","777 LONG RIDGE ROAD,STAMFORD,CT,06902-1250","https://auditchain.finance/analysis/QmTDQP7GmG1QbgMiLjp7MfH2Cx2hn5wxyv2uS2vre4BVhn"
"T2 Biosystems, Inc. (TTOO) 10-Q for Q3, 2022","101 HARTWELL AVENUE,LEXINGTON,MA,02421","https://auditchain.finance/analysis/Qme3krKQ3VyM6nH4uG82UBWZY72yoZjtKiKcpnpb69NMba"
"TAKE-TWO INTERACTIVE SOFTWARE, INC. (TTWO) 10-Q for Q2, 2023","110 WEST 44TH STREET,NEW YORK,NY,10036","https://auditchain.finance/analysis/QmTTi9sBsFBv8RMaTUN9ofGik8F7rib6D7Qnw958B66rNB"
"Tandem Diabetes Care, Inc. (TNDM) 10-Q for Q3, 2022","11075 ROSELLE STREET,San Diego,CA,92121","https://auditchain.finance/analysis/QmTfbdRsAhvySDMtdpVzonJXEL3KgxsXgqpjRyNKqiuzHK"
"TAMPA ELECTRIC COMPANY () 10-Q for Q3, 2022","702 N FRANKLIN ST,TAMPA,FL,33602","https://auditchain.finance/analysis/QmcxoJWfdrhXcLN7SnWN7nqFbdLERh1VZs4aU9NuXKGogy"
"MARKER THERAPEUTICS, INC. (MRKR) 10-Q for Q3, 2022","4551 KENNEDY COMMERCE DR.,HOUSTON,TX,77032","https://auditchain.finance/analysis/QmRDrD1wj2zmt9myzzXXFwN2h8DMimfLWq75V1ksv75ZkZ"
"Tabula Rasa HealthCare, Inc. (TRHC) 10-Q for Q3, 2022","228 STRAWBRIDGE DRIVE,MOORESTOWN,NJ,08057","https://auditchain.finance/analysis/QmPH7w7Kt18bmehSyfj4vaF7USHLBj4bRRsCaC1ZijLXEw"
"TE CONNECTIVITY LTD. (TEL) 10-K for FY, 2022","MUHLENSTRASSE 26,SCHAFFHAUSEN,V8,CH-8200","https://auditchain.finance/analysis/QmTZ17nt2diicESyT9Bdeyb4qfrEuensA6dA3bW7paSPyD"
"TechPrecision Corporation (TPCS) 10-Q for Q2, 2023","1 BELLA DRIVE,WESTMINSTER,MA,01473","https://auditchain.finance/analysis/QmY56vXSzrTqSfTTHu8ZBFZV8wNkLQ4fbR8VZKuFKQGT83"
"TELEDYNE TECHNOLOGIES INC (TDY) 10-Q for Q3, 2022","1049 CAMINO DOS RIOS,THOUSAND OAKS,CA,91360","https://auditchain.finance/analysis/QmVQ5Mmx2RztqePQNmjvMez9QtBu4En86kVvSFbaULdaP4"
"RAYTHEON TECHNOLOGIES CORPORATION (RTX) 10-Q for Q3, 2022","870 WINTER STREET,WALTHAM,MA,02451","https://auditchain.finance/analysis/QmSyXRX1FgvhUPabF6tgmqThwJ78Ws1fg56YeabmaERixb"
"UNITED STATES LIME & MINERALS INC (USLM) 10-Q for Q3, 2022","5429 LBJ FREEWAY,DALLAS,TX,75240","https://auditchain.finance/analysis/QmSr3QpNRoouCyLuQvc2RQbKqi8R3FRhus2cf7NPJhjGjY"
"UnitedHealth Group Incorporated (UNH) 10-Q for Q3, 2022","UNITEDHEALTH GROUP CENTER,MINNEAPOLIS,MN,55343","https://auditchain.finance/analysis/QmUMFAkxSucKrT8qwmghgTjgZ6eX8chpLakpCLegw9h1GY"
"UNITIL CORPORATION (UTL) 10-Q for Q3, 2022","6 LIBERTY LANE WEST,HAMPTON,NH,03842","https://auditchain.finance/analysis/QmUnzft6gUNPnhthdTUrjBqX2WWaQD9njmYLMwDP2qGdWY"
"TELEPHONE AND DATA SYSTEMS, INC. (TDS) 10-Q for Q3, 2022","30 NORTH LASALLE STREET,CHICAGO,IL,60602","https://auditchain.finance/analysis/QmRoLjDzU8yRcCrmtqJzcB9GqKT8n6mRDrbFqjQ4DiQTEw"
"TELEFLEX INCORPORATED (TFX) 10-Q for Q3, 2022","550 E SWEDESFORD RD,WAYNE,PA,19087","https://auditchain.finance/analysis/QmXPJj5wtVZhHSszfx8R1Gd8qbeQvuLMAyqGks4nHxPFtA"
"UNIVERSAL STAINLESS & ALLOY PRODUCTS, INC. (USAP) 10-Q for Q3, 2022","600 MAYER ST,BRIDGEVILLE,PA,15017","https://auditchain.finance/analysis/QmXgtMehHktuCCJDWwQmVWoskb2TjwgVRtUnJCWoBKKEqQ"
"UNIVERSAL ELECTRONICS INC. (UEIC) 10-Q for Q3, 2022","15147 N SCOTTSDALE RD,SCOTTSDALE,AZ,85254","https://auditchain.finance/analysis/QmPNjGWw6HueugJLkkeHxHbjQTSxMWnyU3wqQhvK4vdJwh"
"UNIVERSAL DISPLAY CORPORATION (OLED) 10-Q for Q3, 2022","EWING","https://auditchain.finance/analysis/QmPY9L6Q9spK4D28tJTZxB27xSeSwcyQnwJ4A2W1NLH9XZ"
"UNIVERSAL HEALTH SERVICES, INC. (UHS) 10-Q for Q3, 2022","367 S GULPH RD,KING OF PRUSSIA,PA,19406","https://auditchain.finance/analysis/QmQpZhmkLCQpJjFqFtukKvWTN6hYxG4zDxgkbXDSfAGDv5"
"UR-ENERGY INC. (URG) 10-Q for Q3, 2022","SUITE 200,LITTLETON,CO,80127","https://auditchain.finance/analysis/QmXg1mvZYHSPYkjXi2zFT2GeVYMUkb96zCZyU4LgCa2ECL"
"GALECTIN THERAPEUTICS INC. (GALT) 10-Q for Q3, 2022","4960 PEACHTREE INDUSTRIAL BOULEVARD,NORCROSS,GA,30071","https://auditchain.finance/analysis/QmSKVv299wzMt5JtwaM5r3zpa7BxSQwEbJL6yjKf6JYRJa"
"WESTWATER RESOURCES, INC. (WWR) 10-Q for Q3, 2022","6950 S. POTOMAC STREET,CENTENNIAL,CO,80112","https://auditchain.finance/analysis/QmcXdnphrq4qhVVZFXiWH2PE41UzTykDWq2fPDxv68wUaZ"
"ATLANTIC UNION BANKSHARES CORP (AUB) 10-Q for Q3, 2022","1051 EAST CARY STREET,RICHMOND,VA,23219","https://auditchain.finance/analysis/Qmdrt3M3KwQoGRxfwtWAAayqZNuwAHm4dZBN6PW7e8FcxX"
"United Rentals, Inc. (URI) 10-Q for Q3, 2022","100 FIRST STAMFORD PLACE,STAMFORD,CT,06902","https://auditchain.finance/analysis/QmUfkYqmWGPw1Hc4WKExZc8JXxVP6H6foW3Ab4w7Z7vAji"
"United Insurance Holdings Corp. (UIHC) 10-Q for Q3, 2022","800 2ND AVE S,SAINT PETERSBURG,FL,33701","https://auditchain.finance/analysis/QmXXfysWo7etLRYyuK7KSohgFCAwPkYR1nWRKeJxCcG1Mw"
"Unum Group (UNM) 10-Q for Q3, 2022","1 FOUNTAIN SQUARE,CHATTANOOGA,TN,37402","https://auditchain.finance/analysis/QmTaftXddrTFNkpueqXDbFF1EfXfwMwSbEgVFKTjZnrAW6"
"ON SEMICONDUCTOR CORPORATION (ON) 10-Q for Q3, 2022","5005 EAST MCDOWELL ROAD,PHOENIX,AZ,85008","https://auditchain.finance/analysis/Qme9YDg6CTJ1CtDtpiS2nafWenabk6nQ9MgipmjZ7qKB4d"
"ON SEMICONDUCTOR CORPORATION (ON) 10-Q for Q3, 2022","5005 EAST MCDOWELL ROAD,PHOENIX,AZ,85008","https://auditchain.finance/analysis/Qmf9eM7q5rYHYaiyb1xWpksHVs8vYCthqCLPd6HFwkDrc3"
"BIOXYTRAN, INC. () 10-Q for Q3, 2022","C/O BIOXYTRAN, INC.,NEEDHAM,MA,02494","https://auditchain.finance/analysis/QmW7ATDVcr3wTf8LkSrTjaLHsa2QQEaT69HSCkNM2KmQ2x"
"US ENERGY CORP (USEG) 10-Q for Q3, 2022","675 BERING, SUITE 100,HOUSTON,TX,77057","https://auditchain.finance/analysis/QmdyCvN71D5h3xjZ6fa3XjD8Bik1brciEyo3HTr2hQior6"
"U.S. Silica Holdings, Inc. (SLCA) 10-Q for Q3, 2022","24275 KATY FREEWAY,KATY,TX,77494","https://auditchain.finance/analysis/QmdoVYoQx5t64Hbh5vgYzdqiuXvwggZefx7xhUdr4tWTP1"
"ONE Gas, Inc. (OGS) 10-Q for Q3, 2022","15 EAST FIFTH STREET,TULSA,OK,74103","https://auditchain.finance/analysis/QmUqdqe7fBHcUm8pE5QaWLjb8JfNjkdyRqXXGZWQPdW43z"
"ONE LIBERTY PROPERTIES, INC. (OLP) 10-Q for Q3, 2022","60 CUTTER MILL RD,GREAT NECK,NY,11021-3190","https://auditchain.finance/analysis/Qmcrrq2Nsgf45QdWsbkPxz1aeh9PnkUPTiUAG2SKuTcKFa"
"OPEN TEXT CORP (OTEX) 10-Q for Q1, 2023","275 FRANK TOMPA DRIVE,ONTARIO CANADA,A6,N2L 0A1","https://auditchain.finance/analysis/QmV1qyxzPGce5N5K2P6McnnCJZjKHmXCaykVvJeXizUmtN"
"US FOODS HOLDING CORP. (USFD) 10-Q for Q3, 2022","9399 W. HIGGINS RD.,ROSEMONT,IL,60018","https://auditchain.finance/analysis/QmXSPh7PzFvWip66Xwm1dKxfxwZVejxijGwnSpvjqZVXAr"
"OPGEN, INC. (OPGN) 10-Q for Q3, 2022","9717 KEY WEST AVENUE,ROCKVILLE,MD,20850","https://auditchain.finance/analysis/QmS7DFtwv8jzMNaTadzRcLqtxiDhRPCRsV91dBLqZSgTBM"
"OPIANT PHARMACEUTICALS, INC. (OPNT) 10-Q for Q3, 2022","233 WILSHIRE BLVD,SANTA MONICA,CA,90401","https://auditchain.finance/analysis/QmdtcK3SzJbzwUKzvhn1u2B6VECkev2UdjJL8dTtBXzESS"
"USA Compression Partners, LP (USAC) 10-Q for Q3, 2022","111 CONGRESS AVENUE,AUSTIN,TX,78701","https://auditchain.finance/analysis/QmRf8PJtkc9S9anmvrXKYU59kWhSo7PstKeMKKnw6zazEK"
"Cantaloupe, Inc. (CTLP) 10-Q for Q1, 2023","100 DEERFIELD LANE,MALVERN,PA,19355","https://auditchain.finance/analysis/QmU8vPyB9ngct1h5GPCJ67Ak2X926og5azqFH3qDXTNnJZ"
"USD PARTNERS LP (USDP) 10-Q for Q3, 2022","811 MAIN STREET,HOUSTON,TX,77002","https://auditchain.finance/analysis/QmaKYRGigBG9E3wXfSqkmpaVSMssi3ifyRrXGFAvtF88Sn"
"VAALCO ENERGY INC /DE/ (EGY) 10-Q for Q3, 2022","9800 RICHMOND AVE.,HOUSTON,TX,77042","https://auditchain.finance/analysis/Qme1HuzNg66qRkGdqw9vK8VWhtNiazsLviJ3kGnk2hKdTW"
"UTG, INC. () 10-Q for Q3, 2022","205 NORTH DEPOT STREET,STANFORD,KY,40484","https://auditchain.finance/analysis/QmXacAFLHpBYoxg7vdLsTQkSh1ADjPPKcqvApcwyf8bgbn"
"VBI Vaccines Inc/BC (VBIV) 10-Q for Q3, 2022","160 SECOND STREET,CAMBRIDGE,MA,02142","https://auditchain.finance/analysis/QmaQ3GsgKGNq5vDhRzoZia73NnJMSPoCPXgvC92YehV51B"
"OneSpan Inc. (OSPN) 10-Q for Q3, 2022","121 W WACKER DR.,CHICAGO,IL,60601","https://auditchain.finance/analysis/QmR53yLehLUcRCko3kaaJoWHdUzyHNzjaktrqUniQ93CkU"
"VECTOR GROUP LTD (VGR) 10-Q for Q3, 2022","4400 BISCAYNE BOULEVARD,MIAMI,FL,33137","https://auditchain.finance/analysis/QmSxXrpSoJ4ndBf32GtmEpYdTBNt6qP7PcPNR3QuZYK3Mp"
"VEECO INSTRUMENTS INC. (VECO) 10-Q for Q3, 2022","TERMINAL DRIVE,PLAINVIEW,NY,11803","https://auditchain.finance/analysis/QmTVCgvAsKUcQ2MJVKckR3Gv19oTmgKAok7JmX3aztVtyr"
"Bausch Health Companies Inc. (BHC) 10-Q for Q3, 2022","2150 ST. ELZEAR BLVD. WEST,QUEBEC,A8,H7L 4A8","https://auditchain.finance/analysis/QmPsWPxKHkBWJw19XHDqokVoYYYmHiQ8SdfjUJKHGhsf2b"
"Vanjia Corporation () 10-Q for Q3, 2022","4771 SWEETWATER BLVD #199,SUGAR LAND,TX,77479","https://auditchain.finance/analysis/QmWZZ8vcK6DScXJDNk3waf63xu8RxfscNMEY4Nazo5R5MB"
"CQENS Technologies Inc. () 10-Q for Q3, 2022","5550 NICOLLET AVENUE,MINNEAPOLIS,MN,55419","https://auditchain.finance/analysis/QmVLzzhB6MmQZeGpWQr1JUd1cHGhvGp14hqPAzqLVhb2iC"
"V2X, Inc. (VVX) 10-Q for Q3, 2022","2424 GARDEN OF THE GODS ROAD,COLORADO SPRINGS,CO,80919","https://auditchain.finance/analysis/QmaZcXiE7RabxkBtPiq2w3tbAeafFTaF5eAeYe2KHdoWnH"
"VAREX IMAGING CORPORATION (VREX) 10-K for FY, 2022","1678 S. PIONEER ROAD,SALT LAKE CITY,UT,84104","https://auditchain.finance/analysis/QmdeUUshGkS86mBxwid4BebGEDHXmCo9p2zkjBvb6WARLY"
"VERISIGN INC/CA (VRSN) 10-Q for Q2, 2022","12061 BLUEMONT WAY,RESTON,VA,20190","https://auditchain.finance/analysis/QmY9Rk5bqYd67yruSLiJxwNrpTWhMvAA6Z6jBGdETdvFw8"
"Verizon Communications Inc. (VZ) 10-Q for Q3, 2022","1095 AVENUE OF THE AMERICAS,NEW YORK,NY,10036","https://auditchain.finance/analysis/QmXux71EQGN9kWpoz9t9DXnKaTEzUMxaLaxi3n4YbtPRAr"
"Viad Corp (VVI) 10-Q for Q3, 2022","7000 E. 1ST AVENUE,SCOTTSDALE,AZ,85251","https://auditchain.finance/analysis/QmYSCPQxFy4cvUB33K4aJusHLT5BBXnkM6yDHj7Tns4L1m"
"VICOR CORPORATION (VICR) 10-Q for Q3, 2022","25 FRONTAGE ROAD,ANDOVER,MA,01810","https://auditchain.finance/analysis/QmRoM65A5nLWdtpumVs7RBKxNYpyWvsc9sKPQtEwwQUY94"
"VIRTUS INVESTMENT PARTNERS, INC. (VRTS) 10-Q for Q3, 2022","ONE FINANCIAL PLAZA,HARTFORD,CT,06103","https://auditchain.finance/analysis/QmZpVSkaTcZETiAc42z8eqGrf1XD6oUUWNKvjR3B3aTdK6"
"VISA INC. (V) 10-K for FY, 2022","P.O. BOX 8999,SAN FRANCISCO,CA,94128-8999","https://auditchain.finance/analysis/QmTL55VuA32zgAG55Wa8NLBhRi6bZC158Zw4C3ZY8u21PZ"
"PARTS iD, INC. (ID) 10-Q for Q3, 2022","1308 RACE STREET, SUITE 200,CINCINNATI,OH,45202","https://auditchain.finance/analysis/QmeEzCa35QjGmqvmW7QdW4yC26LL5ZrmqJeQP796nX4EWM"
"VPR Brands, LP () 10-Q for Q3, 2022",",,,","https://auditchain.finance/analysis/QmRS6QNVWQN1Qqr36ZFtnYcgnnFk3GsBz2BwjSRbqnLvv9"
"Liberty Latin America Ltd. (LILA) 10-Q for Q3, 2022","1550 WEWATTA STREET,DENVER,CO,80202","https://auditchain.finance/analysis/QmPGxYdrDMZG5NfSsJuvTsmS9bJSSz9yhYFMkswwqDMCxv"
"Voyager Therapeutics, Inc. (VYGR) 10-Q for Q3, 2022","64 SIDNEY STREET,CAMBRIDGE,MA,02139","https://auditchain.finance/analysis/QmcfcPTDccji5ymAu9kYUXKPvKQgiu6mzXEFMqLijU5gdZ"
"Vuzix Corp (VUZI) 10-Q for Q3, 2022","25 HENDRIX ROAD,WEST HENRIETTA,NY,14586","https://auditchain.finance/analysis/QmNrv91Fy3N3mSCNpG3KyokDRTTjvxGGF95a7VYbx2EPkQ"
"WABASH NATIONAL CORPORATION (WNC) 10-Q for Q3, 2022","3900 MCCARTY LANE,LAFAYETTE,IN,47905","https://auditchain.finance/analysis/QmZZ56DjBDiAPL3e4JzmXjqwbuAebTQzCBwfCbRQZhXT5e"
"EDGEMODE, INC. () 10-Q for Q3, 2022","110 E. BROWARD BLVD. SUITE 1700,FT. LAUDERDALE,FL,33301","https://auditchain.finance/analysis/QmYFTxsKgfLGCoko8mBZVqwniTLpPmcdBkAs6D3YicrUWS"
"Waste Management, Inc (WM) 10-Q for Q3, 2022","800 CAPITOL STREET, STE 3000,HOUSTON,TX,77002","https://auditchain.finance/analysis/Qmf7jTy2tdiNqbaW4YR3zWcSTaVKj8oCuDeaWV1HVm9sLs"
"Waters Corporation (WAT) 10-Q for Q3, 2022","34 MAPLE ST,MILFORD,MA,01757","https://auditchain.finance/analysis/QmPRQWq8kKwD7DtXbvQEJJRhSP6hLVPByjNWDUZ7RSdJQi"
"MERCHANTS BANCORP (MBIN) 10-Q for Q3, 2022","410 MONON BLVD,CARMEL,IN,46032","https://auditchain.finance/analysis/QmNvhkD5Vhvw53mw7EDdFGodmDncWbiDHgiymeAnXJfMMA"
"WAVE LIFE SCIENCES LTD. (WVE) 10-Q for Q3, 2022","7 STRAITS VIEW,SINGAPORE,U0,018936","https://auditchain.finance/analysis/QmeNasYJni65escLvBgpPBYJtNycmkdiEF8hT2Ua1b2qTp"
"WEARABLE HEALTH SOLUTIONS, INC. () 10-Q for Q1, 2023","2901 PACIFIC COAST HIGHWAY,NEWPORT BEACH,CA,92663","https://auditchain.finance/analysis/QmU864fvCuUm946YhGFKmYi3kZbcBys7H1iguMzAteCZMz"
"OrthoPediatrics Corp (KIDS) 10-Q for Q3, 2022","2850 FRONTIER DRIVE,WARSAW,IN,46582","https://auditchain.finance/analysis/QmVBT6FhPqhRfLDPXRtpYqbFXGFFPm6MrUo4ciSLYqAGuo"
"Vivint Smart Home, Inc. (VVNT) 10-Q for Q3, 2022","4931 NORTH 300 WEST,PROVO,UT,84604","https://auditchain.finance/analysis/QmYHBezcLVqB5Xyh5KsM6Uv3ffhfyNWGgTCYQy3r24CXAP"
"WEBSTER FINANCIAL CORPORATION (WBS) 10-Q for Q3, 2022","200 ELM STREET,STAMFORD,CT,06902","https://auditchain.finance/analysis/QmSikPV3jRtp6SuqpE2P9D34g5f25GZH9eY87YcpQnUbGJ"
"WEIS MARKETS, INC (WMK) 10-Q for Q3, 2022","1000 S SECOND ST,SUNBURY,PA,17801","https://auditchain.finance/analysis/QmT1oiTy9W6QEQ46KtZQm4mkGZkK6WoDsAgmhgpahrH4pR"
"WW INTERNATIONAL, INC. (WW) 10-Q for Q3, 2022","675 AVENUE OF THE AMERICAS,NEW YORK,NY,10010","https://auditchain.finance/analysis/QmaUBxHBFdagqQUqEDBytJDyr8PGTmd864VdLiD89xgyPt"
"THE WENDY’S COMPANY (WEN) 10-Q for Q3, 2022","ONE DAVE THOMAS BLVD,DUBLIN,OH,43017","https://auditchain.finance/analysis/QmcujGV8ifNKgjyDVpVBR9nXFh3DDQjaDJUnGyk6KVicAY"
"Walker & Dunlop, Inc. (WD) 10-Q for Q3, 2022","7272 WISCONSIN AVENUE,BETHESDA,MD,20814","https://auditchain.finance/analysis/Qmc3zkPyicvfeRugt8ymrvgM9KG5Yz6VbbHCrnqP4n7Uy3"
"Wayfair Inc. (W) 10-Q for Q3, 2022","4 COPLEY PLACE,BOSTON,MA,02116","https://auditchain.finance/analysis/QmayN3NZGsQzeNrL79wzKGxedMJsH8uYmi1yi7fVeWGtkb"
"Weatherford International plc (WFRD) 10-Q for Q3, 2022","2000 ST. JAMES PLACE,HOUSTON,TX,77056","https://auditchain.finance/analysis/QmYhnDcuWSKdjsL26F8mXFzmoFrAZETYsFELu4XUEdVPKH"
"Waterstone Financial, Inc.  (WSBF) 10-Q for Q3, 2022","11200 WEST PLANK COURT,WAUWATOSA,WI,53226","https://auditchain.finance/analysis/QmYKdMkXx9qZr9ZJN8jzVJ8bZo16hEfMP3nw2EHUjfusPs"
"Western New England Bancorp, Inc. (WNEB) 10-Q for Q3, 2022","141 ELM STREET,WESTFIELD,MA,01085","https://auditchain.finance/analysis/QmYaZcXdvWe3bm12B84ib9b8kk8fsduXkddarBMusy4xaD"
"THE WESTERN UNION COMPANY (WU) 10-Q for Q3, 2022","7001 EAST BELLEVIEW AVENUE,DENVER,CO,80237","https://auditchain.finance/analysis/QmP3a5VW1ndKNPeSksFrZ93T5AFPo7LMhzQqFY3hRLyTaM"
"Verb Technology Company, Inc. (VERB) 10-Q for Q3, 2022","3401 NORTH THANKSGIVING WAY,LEHI,UT,84043","https://auditchain.finance/analysis/QmWpaJY7RhgxAzYgTMM6TQKb2KMwkv5z4pzXuDfTK4o4fm"
"LOGIQ, INC. () 10-Q for Q3, 2022","85 BROAD STREET, 16-079,NEW YORK,NY,10004","https://auditchain.finance/analysis/QmbC3trtXfJvipGTYiBQRyLFgdAUrv3tVDHCfiQisg52Xe"
"Ecovyst Inc. (ECVT) 10-Q for Q3, 2022","300 LINDENWOOD DRIVE,MALVERN,PA,19355","https://auditchain.finance/analysis/QmRVMahCwvbe5AbcMdEs648jaoiZtXuwyHssUne2vdzCnh"
"PetVivo Holdings, Inc. (PETV) 10-Q for Q2, 2023","5251 EDINA INDUSTRIAL BLVD,EDINA,MN,55439","https://auditchain.finance/analysis/QmYHX95oQQPFBDGhCq3wLtKmBBrc5g7avndQ8Xhn7utf5E"
"Wilhelmina International, Inc. (WHLM) 10-Q for Q3, 2022","200 CRESCENT COURT,DALLAS,TX,75201","https://auditchain.finance/analysis/QmS78G2oAYuvzBY1LSAUm5xg1Jw9fMandjoXA6VPbQMe3m"
"TELEPHONE AND DATA SYSTEMS, INC. (TDS) 10-Q for Q3, 2022","30 NORTH LASALLE STREET,CHICAGO,IL,60602","https://auditchain.finance/analysis/QmR7bxNAcRYNSiG8PVAz1EpD9NubcAsKfpeosYejGjvFzn"
"RIBBON COMMUNICATIONS INC. (RBBN) 10-Q for Q3, 2022","6500 CHASE OAKS BOULEVARD,PLANO,TX,75023","https://auditchain.finance/analysis/QmeKp15TDEnYXPVhQsJhGg9f7hGggVTq4WANeEFmSvNc6f"
"WILLIS TOWERS WATSON PLC (WTW) 10-Q for Q3, 2022","C/O WILLIS GROUP LIMITED,LONDON ENGLAND,X0,EC3M 7DQ","https://auditchain.finance/analysis/QmRNKpxbgH2Yb8kFd1cgGuetEBwvSpXFim7DU1xXwskjW5"
"TELOS CORPORATION (TLS) 10-Q for Q3, 2022","19886 ASHBURN ROAD,ASHBURN,VA,20147","https://auditchain.finance/analysis/QmQay8gtsiJRdibUpCPSPAw77dWZC2GhptEs5bJf5LjB2A"
"WEST BANCORPORATION, INC. (WTBA) 10-Q for Q3, 2022","1601 22ND ST,WEST DES MOINES,IA,50266","https://auditchain.finance/analysis/QmWecbNbFx7vNjYkKgMtaansZCQ9GGgUxtAht8gG2Fze8t"
"WESTAMERICA BANCORPORATION (WABC) 10-Q for Q3, 2022","1108 FIFTH AVE,SAN RAFAEL,CA,94901","https://auditchain.finance/analysis/QmaHEF3PfKKX2H6BM7VPpQZfuL3NPkLx7vmFGDvuEGApos"
"EVERGY, INC. (EVRG) 10-Q for Q3, 2022","1200 MAIN STREET,KANSAS CITY,MO,64105","https://auditchain.finance/analysis/QmbH29FGKStmcKjUj5FaGKF1zF5fNDAxxKdUpvHw6T3ZnZ"
"Westlake Corporation (WLK) 10-Q for Q3, 2022","2801 POST OAK BLVD,HOUSTON,TX,77056","https://auditchain.finance/analysis/QmUM1ybcwY4REdb4a2kuaa78pc57Dym15rdusVMLXRMtKT"
"Westlake Chemical Partners LP (WLKP) 10-Q for Q3, 2022","2801 POST OAK BOULEVARD,HOUSTON,TX,77056","https://auditchain.finance/analysis/Qme8xNSb91rZqnK6bWgvVjeCLvp9tqn92w2zpNYBuTcw7o"
"WESTERN DIGITAL CORPORATION (WDC) 10-Q for Q1, 2023","5601 GREAT OAKS PARKWAY,SAN JOSE,CA,95119","https://auditchain.finance/analysis/QmPbMY74Nr2CCj71e76cRuXmNsNN8dZy4JGZhD7TiajXon"
"WEX Inc. (WEX) 10-Q for Q3, 2022","97 DARLING AVENUE,SOUTH PORTLAND,ME,04106","https://auditchain.finance/analysis/QmTmk3m2DDVJeYJ145yPwvm7nKgzFmFCNmJf1UPgD5H6h5"
"TENET HEALTHCARE CORP (THC) 10-Q for Q3, 2022","14201 DALLAS PARKWAY,DALLAS,TX,75254","https://auditchain.finance/analysis/QmNU5wXjvUPPM6YmeKzCXzEyqkNBtCjrVGH6phw6EoGMUy"
"Riley Exploration Permian, Inc. (REPX) 10-Q for Q3, 2022","29 E. RENO AVENUE,OKLAHOMA CITY,OK,73104","https://auditchain.finance/analysis/QmSpW4YnnVmUodSrPNnU6UhBMkTiJ6dhXMmCni6iQHj73d"
"WEYERHAEUSER COMPANY (WY) 10-Q for Q3, 2022","220 OCCIDENTAL AVENUE SOUTH,SEATTLE,WA,98104","https://auditchain.finance/analysis/QmZDR13sjyeRTk1F2PsCi6fBozdxo9mUM1ck12hdc9sEYg"
"TERADATA CORPORATION (TDC) 10-Q for Q3, 2022","17095 VIA DEL CAMPO,SAN DIEGO,CA,92127","https://auditchain.finance/analysis/QmTrz8jQj1A277nrJJ5RYZBP4XDQ58csnMv9bCocXxySkn"
"WHITE MOUNTAINS INSURANCE GROUP, LTD (WTM) 10-Q for Q3, 2022","23 SOUTH MAIN STREET,HANOVER,NH,03755","https://auditchain.finance/analysis/QmXcvsZe7M6TVEv6c6AyFLNYRxvzyB96mCPPuzSmRVqTSg"
"Terex Corporation (TEX) 10-Q for Q3, 2022","45 GLOVER AVENUE,NORWALK,CT,06850","https://auditchain.finance/analysis/QmZt2Ydv46jScGZcCc4UyWxki141Uki8DAcs7WatLP5QCr"
"WILLAMETTE VALLEY VINEYARDS, INC. (WVVI) 10-Q for Q3, 2022","8800 ENCHANTED WAY S E,TURNER,OR,97392","https://auditchain.finance/analysis/QmdfPZdpwgKqcRWobG24WAcSBHVGScx7iM4Gp6MFRbm3K1"
"TETRA Technologies, Inc. (TTI) 10-Q for Q3, 2022","24955 INTERSTATE 45 NORTH,THE WOODLANDS,TX,77380","https://auditchain.finance/analysis/QmNXAqz3sUa3ufc7wskHpF5QSHZcdWjHgoXjqu7ah2hRRj"
"TEXAS INSTRUMENTS INCORPORATED (TXN) 10-Q for Q3, 2022","P.O. BOX 660199,DALLAS,TX,75266","https://auditchain.finance/analysis/QmSZeiNEC5xZ1DVDztRmPYLVkXiyfBv2UQzbm8Uv4ttHDM"
"OCEAN THERMAL ENERGY CORPORATION () 10-Q for Q3, 2022","1725 I STREET NW,WASHINGTON,DC,20006","https://auditchain.finance/analysis/QmW84cCTb6W7aEPWPnPn9KuM1jM8ur3L1n41kUP2fvfy7v"
"THE TEARDROPPERS, INC. () 10-Q for Q3, 2022","3500 75TH STREET WEST, STE. SWS,ROSAMOND,CA,93650","https://auditchain.finance/analysis/QmPcekJDov41VyGBNZ9c5CRVtgQ6CBj4vsFe63CWVa8bbe"
"TAYLOR MORRISON HOME CORP (TMHC) 10-Q for Q3, 2022","4900 N. SCOTTSDALE ROAD, SUITE 2000,SCOTTSDALE,AZ,85251","https://auditchain.finance/analysis/QmQTtunjSC1skWtUnm9pG8SLJBGsZt4uoMGCVp3Qs9WRAq"
"WINDTREE THERAPEUTICS INC /DE/ (WINT) 10-Q for Q3, 2022","2600 KELLY ROAD,WARRINGTON,PA,18976","https://auditchain.finance/analysis/QmSxULJtYwAWWuefGHJsrNDXxBK6ZSoUncgG2RcSA2hb6V"
"TECHTARGET, INC. (TTGT) 10-Q for Q3, 2022","275 GROVE STREET,NEWTON,MA,02466","https://auditchain.finance/analysis/QmRrq4mTH7ysXMxzJWkomRfvwbpQqBwtwKh5KCM6dzBajA"
"WILSON BANK HOLDING CO () 10-Q for Q3, 2022","623 W MAIN STREET,LEBANON,TN,37087","https://auditchain.finance/analysis/QmYaCNtvbAnfZw77noxqHLXnrcRzsikHj2P3H5DH2ECXh8"
"WORKHORSE GROUP INC. (WKHS) 10-Q for Q3, 2022","100 COMMERCE DRIVE,LOVELAND,OH,45140","https://auditchain.finance/analysis/QmQXF8F8DSZCu6eGwbejYxj589hAx114oyMHu2EkfExmHy"
"TENNANT CO (TNC) 10-Q for Q3, 2022","104000 CLEAN STREET,EDEN PRAIRIE,MN,55344","https://auditchain.finance/analysis/QmYjm8qn2paP55wLpRgYsJerYY5tfLEUYUNDwttD523ewV"
"Equitable Holdings, Inc. (EQH) 10-Q for Q3, 2022","1290 AVENUE OF THE AMERICAS,NEW YORK,NY,10104","https://auditchain.finance/analysis/QmRovqbM3T3WhUHnHRwMpLLWgfcaSBRtEZFJbQ1wPfZvDD"
"UNRIVALED BRANDS, INC. (UNRV) 10-Q for Q3, 2022","3242 S. HALLADAY ST.,SANTA ANA,CA,92705","https://auditchain.finance/analysis/QmbZWFWPVU4nWdwBNQWYr4BzVzYvQFMnDYkub5ptH4QXEp"
"Tesla, Inc. (TSLA) 10-Q for Q3, 2022","3500 DEER CREEK RD,PALO ALTO,CA,94304","https://auditchain.finance/analysis/QmdSJC1srDCxEwt9gNVXJSktkwJLxjf9Aqx4nuTJJu2Ekh"
"Textron Inc. (TXT) 10-Q for Q3, 2022","40 WESTMINSTER ST,PROVIDENCE,RI,02903","https://auditchain.finance/analysis/QmR8YbHDGjWuHdKkW8hddF6QFAkSHLvutjc4Z8wnjkdjsy"
"Wright Investors Service Holdings, Inc. (IWSH) 10-Q for Q3, 2022","118 NORTH BEDFORD ROAD,MT KISCO,NY,10549","https://auditchain.finance/analysis/QmZteQAPoshnkDL3CC6UwS7fhRm8RsmSS3UxyXpEuNC3jK"
"TG THERAPEUTICS, INC. (TGTX ) 10-Q for Q3, 2022","2 GANSEVOORT STREET, 9TH FLOOR,NEW YORK,NY,10014","https://auditchain.finance/analysis/QmWUKqZLKtxoohJ5xGvLhNLQxcnRF5ucYF4v3RKrqFJr36"
"Therapeutic Solutions International, Inc. () 10-Q for Q3, 2022","701 WILD ROSE LANE,ELK CITY,ID,83525","https://auditchain.finance/analysis/QmPn7BUtMFqUfUCBWWxRRXmocNmYEUYYAEnfVoYGUgtuDn"
"WIRELESS TELECOM GROUP, INC. (WTT) 10-Q for Q3, 2022","25 EASTMANS ROAD,PARSIPPANY,NJ,07054","https://auditchain.finance/analysis/QmeXJ3GSZ9CuebNc6iyEHZ6gksLg4QDzzGjGgWarnSc8im"
"Mr. Cooper Group Inc. (COOP) 10-Q for Q3, 2022","8950 CYPRESS WATERS BLVD.,COPPELL,TX,75019","https://auditchain.finance/analysis/QmarvqeAiP1Vt7j1UnCSj9kKqj8LLQAYHoo6ocu44te49v"
"Molecular Templates, Inc. (MTEM) 10-Q for Q3, 2022","9301 AMBERGLEN BLVD,AUSTIN,TX,78729","https://auditchain.finance/analysis/QmVCG3inwtNHrALRVLCungSgvNgvyhnPEVhfpWqNTtcP5p"
"WORKIVA INC (WK) 10-Q for Q3, 2022","2900 UNIVERSITY BLVD.,AMES,IA,50010","https://auditchain.finance/analysis/Qma6M11cVjPYjFqWmKvfNAayjeB2gMUbdcitYciXXGF7Kf"
"WORLD FUEL SERVICES CORPORATION (INT) 10-Q for Q3, 2022","9800 N.W. 41ST STREET,MIAMI,FL,33178","https://auditchain.finance/analysis/QmPYfECtdpv99JocU1gHgWDithvVYUiPXLiXwWWMSs57aX"
"WORLD WRESTLING ENTERTAINMENT, INC. (WWE) 10-Q for Q3, 2022","1241 E MAIN ST,STAMFORD,CT,06902","https://auditchain.finance/analysis/QmSfpLBZY2CJACYDHfpcjznd2attpBARNi3dLRJfRC5HEE"
"AYRO, INC. (AYRO) 10-Q for Q3, 2022","900 E. OLD SETTLERS BOULEVARD, SUITE 100,ROUND ROCK,TX,78664","https://auditchain.finance/analysis/QmWneLJDfr7LtCA1XQ3Gbg3ui58GhWHukD4sUAG18HRvuA"
"WSFS FINANCIAL CORPORATION (WSFS) 10-Q for Q3, 2022","500 DELAWARE AVENUE,WILMINGTON,DE,19801","https://auditchain.finance/analysis/QmTsMTYrCcdVFc35hVFXpKBhvAEEit3EVbM4H3SmQJAo6u"
"Travel & Leisure Co. (TNL) 10-Q for Q3, 2022","6277 SEA HARBOR DRIVE,ORLANDO,FL,32821","https://auditchain.finance/analysis/QmZCZoNosWtMPmW886hTFVeaxaXsWgpyqA2CgAcvpTv1SX"
"WYNN RESORTS, LIMITED (WYNN) 10-Q for Q3, 2022","3131 LAS VEGAS BOULEVARD SOUTH,LAS VEGAS,NV,89109","https://auditchain.finance/analysis/QmPdKgdLuwJzUiESZkaTxDUPE4ADAuEk4kX8GqiiztJXtQ"
"XOMA Corporation (XOMA) 10-Q for Q3, 2022","2200 POWELL STREET,EMERYVILLE,CA,94608","https://auditchain.finance/analysis/QmR7Q5sH6ULbW8PZdwQYwbrvHxpKiaZuhzG9grPpEo6LbA"
"XPO Logistics, Inc. (XPO) 10-Q for Q3, 2022","FIVE AMERICAN LANE,GREENWICH,CT,06831","https://auditchain.finance/analysis/QmSZ4U23PabawwfhfM3bWNKEYu8bfZ7ZEhjoNpNXK5bVQ8"
"Xenia Hotels & Resorts, Inc. (XHR) 10-Q for Q3, 2022","200 S. ORANGE AVENUE, SUITE 2700,ORLANDO,FL,32801","https://auditchain.finance/analysis/QmTiF67J8rUiNKxcEwCs5R93qEUmA468yFPcoUmqZcQvGN"
"Xencor Inc (XNCR) 10-Q for Q3, 2022","111 WEST LEMON AVE,MONROVIA,CA,91016","https://auditchain.finance/analysis/QmQNZpD6AMxrdsDpJ7MCgfqXXck45ZS2BWJuQf1v1nTsu1"
"BAYCOM CORP (BCML) 10-Q for Q3, 2022","500 YGNACIO VALLEY ROAD,WALNUT CREEK,CA,94596","https://auditchain.finance/analysis/QmTD2cnwcr7gzox8uhRMSxMdVdxgUtJvciXXLThabPR8Zu"
"XENON PHARMACEUTICALS INC. (XENE) 10-Q for Q3, 2022","200 - 3650 GILMORE WAY,BURNABY,A1,V5G 48W","https://auditchain.finance/analysis/Qmep2dPYyqw8zuJGNk3D5yyWBsevWixVomMtkkHHfbf6SQ"
"BioXcel Therapeutics, Inc. (BTAI) 10-Q for Q3, 2022","555 LONG WHARF DRIVE,NEW HAVEN,CT,06511","https://auditchain.finance/analysis/QmdBzrEyMbyxTSogXF4kdNC3sxwi2dqWTGi8BtvRiJcGWy"
"BRIDGEWATER BANCSHARES, INC. (BWB) 10-Q for Q3, 2022","4450 EXCELSIOR BLVD.,ST. LOUIS PARK,MN,55416","https://auditchain.finance/analysis/QmSh8mtG8uzb9cu8fAfbfxtoRc5HrHX6JkUnmaHcj8Dpvo"
"XTANT MEDICAL HOLDINGS, INC. (XTNT) 10-Q for Q3, 2022","664 CRUISER LANE,BELGRADE,MT,59714","https://auditchain.finance/analysis/Qmexk4g24pS5W1qSMTd6DSXfrgr5mNbTwfSyr1DVmo3zAT"
"CorePoint Lodging Inc. (CPLG) 10-Q for Q3, 2021","125 E. JOHN CARPENTER FREEWAY,IRVING,TX,75062","https://auditchain.finance/analysis/QmU5mAugL4keU3Pk8kZSVhucd1cRpuosDVqwEcUAH8kxvc"
"YELP INC. (YELP) 10-Q for Q3, 2022","350 MISSION STREET,SAN FRANCISCO,CA,94105","https://auditchain.finance/analysis/QmRDWenoZt3VeurzjP5R7uLeYogt6kzcmMgFj2MUeLkcn7"
"YUM! BRANDS, INC. (YUM) 10-Q for Q3, 2022","1441 GARDINER LANE,LOUISVILLE,KY,40213","https://auditchain.finance/analysis/QmeEh2czWgbf1fu7FtXAGZpsoXogKkY9ECakui7R9fPqLR"
"BRIGHTSPIRE CAPITAL, INC. (BRSP) 10-Q for Q3, 2022","590 MADISON AVENUE,NEW YORK,NY,10022","https://auditchain.finance/analysis/QmZWqXwJpuMB82G8Cu8ykqXAnFPCkV1P5DL75YwxPXtwVK"
"ENVIROTECH VEHICLES, INC. (EVTV) 10-Q for Q3, 2022","1215 GRAPHITE DRIVE,CORONA,CA,92881","https://auditchain.finance/analysis/QmSYMqXEsAJSukEXvrhqpytemNidBsbtjUY98KgrUFKjk2"
"Desert Hawk Gold Corp. () 10-Q for Q3, 2022","1290 HOLCOMB AVE.,RENO,NV,89502","https://auditchain.finance/analysis/QmWSZopD1GpQt2tQMdtBe9MjWPEp4JDDfkQhZPzntS45Y5"
"Cue Biopharma, Inc. (CUE) 10-Q for Q3, 2022","40 GUEST STREET,BOSTON,MA,02135","https://auditchain.finance/analysis/QmZCvPLdRowgG9d1xdbyx6ZXpDzQvENAqgkJBJ3Kt8DpkB"
"AADI BIOSCIENCE, INC. (AADI) 10-Q for Q3, 2022","17383 SUNSET AVENUE,PACIFIC PALISADES,CA,90272","https://auditchain.finance/analysis/QmXQKuxWft9TGQQ4ddcwJ4jJauGZ3A2Uj2wHf4kfxgYTcH"
"NAMLIONG SKYCOSMOS, INC. () 10-Q for Q3, 2022","NO. 77, SEC. 2, GUANXIN ROAD,TAINAN CITY,F5,71072","https://auditchain.finance/analysis/QmcaZAHqWbZLWErxMvVnctNCujW8RYw5C8mHHqgkV8yGev"
"NAMLIONG SKYCOSMOS, INC. () 10-Q for Q3, 2022","NO. 77, SEC. 2, GUANXIN ROAD,TAINAN CITY,F5,71072","https://auditchain.finance/analysis/QmYwePkmGUWdUe9eSmCAU1DCk1EXyRc8uKRaYqM8EuZJCR"
"LARIMAR THERAPEUTICS, INC. (LRMR) 10-Q for Q3, 2022","THREE BALA PLAZA EAST. SUITE 506,BALA CYNWYD,PA,19004","https://auditchain.finance/analysis/QmVrE4Gpkv1ALGX1YAXLS1mDPm2yMXH73xKMh6pdU3G6NJ"
"ZIONS BANCORPORATION, NATIONAL ASSOCIATION (ZION) 10-Q for Q3, 2022","ONE SOUTH MAIN STREET,SALT LAKE CITY,UT,84133","https://auditchain.finance/analysis/QmRKeVoGMqLxEw2QVjppRAhZdyvnzRRAj6xt7p4VQkfxpv"
"ZENDESK, INC. (ZEN) 10-Q for Q3, 2022","989 MARKET STREET,SAN FRANCISCO,CA,94103","https://auditchain.finance/analysis/QmWTy6UA7sebzpJGj3grrJbWTJfxA9Y8NhfWwADeyzW8Bj"
"Lazydays Holdings, Inc. (LAZY) 10-Q for Q3, 2022","4042 PARK OAKS BLVD,TAMPA,FL,33610","https://auditchain.finance/analysis/QmX7s3YAQVvMWnuiM8DrqAESWQ1ZnmUVMoxULr9t2rHfh1"
"LIBERTY ENERGY INC. (LBRT) 10-Q for Q3, 2022","950 17TH STREET,DENVER,CO,80202","https://auditchain.finance/analysis/QmVDH99PQJngoGvkxNSnjMVPyZXgeWYFdzq4p5cftq32At"
"Digital Media Solutions, Inc. (DMS) 10-Q for Q3, 2022","4800 140TH AVENUE N.,CLEARWATER,FL,33762","https://auditchain.finance/analysis/QmP441u7jGhsC6wt7p99dXaJ4N3r8SD5pHxuPZFmPCZW12"
"Zoetis Inc. (ZTS) 10-Q for Q3, 2022","10 SYLVAN WAY,PARSIPPANY,NJ,07054","https://auditchain.finance/analysis/QmNPpz5xasM2CPjibho9TNqRcAVEFjEe8dVU1J6cpsYZD9"
"MINIM, INC. (MINM) 10-Q for Q3, 2022","848 ELM STREET,MANCHESTER,NH,03101","https://auditchain.finance/analysis/QmTWdiUbMLgLXbMDxN32PyiQjqpdi5vAd3tVH5yUywaPty"
"LIVE CURRENT MEDIA INC. () 10-Q for Q3, 2022","50 WEST LIBERTY STREET,RENO,NV,89501","https://auditchain.finance/analysis/QmceTpMXzjxfKgid7NBbcok2y66ec4kVFfCa2EqYcKNJzM"
"APPIAN CORPORATION (APPN) 10-Q for Q3, 2022","7950 JONES BRANCH DRIVE,MCLEAN,VA,22102","https://auditchain.finance/analysis/QmeR1mDN2qEcyHRmwD8p7UK5kufKt62CmtcQ8CoTJxdGWj"
"nVent Electric plc (NVT) 10-Q for Q3, 2022","THE MILLE,LONDON,X0,TW8 9DW","https://auditchain.finance/analysis/QmUDxR5291stiyWhNXH57nLyTUFm8yBzSXr4C7UJCHH3gN"
"ATHENEX, INC. (ATNX) 10-Q for Q3, 2022","1001 MAIN STREET,BUFFALO,NY,14203","https://auditchain.finance/analysis/Qme9XuNih3reZMz8BN5ZDjSD1rA2omijrgVfuvVqYwwQGQ"
"LIVE CURRENT MEDIA INC. () 10-Q for Q3, 2022","50 WEST LIBERTY STREET,RENO,NV,89501","https://auditchain.finance/analysis/QmafdtPdo59ENirDH6F5E1dJTZNJW9wXmKGY9ufpHrXnzE"
"EVOLUS, INC. (EOLS) 10-Q for Q3, 2022","520 NEWPORT CENTER DRIVE,NEWPORT BEACH,CA,92660","https://auditchain.finance/analysis/QmXhrBiSEH5i7aktN9EoTRVu6M4JvzAusvYyBjoZNk4WP5"
"AVENUE THERAPEUTICS, INC. (ATXI) 10-Q for Q3, 2022","2 GANSEVOORT STREET,NEW YORK,NY,10014","https://auditchain.finance/analysis/QmZMCfEBxMBfNQ1Kd7Dd3NxVvndhqW4NsJiGEzo1Zz3Xcd"
"Evelo Biosciences, Inc. (EVLO) 10-Q for Q3, 2022","620 MEMORIAL DRIVE SUITE 500,CAMBRIDGE,MA,02139","https://auditchain.finance/analysis/QmPUnc1d49Qc96MWiGjobcj4rwcrgFN5bp7Cb7Q8E6PXhH"
"Alteryx, Inc. (AYX) 10-Q for Q3, 2022","17200 LAGUNA CANYON ROAD,IRVINE,CA,92618","https://auditchain.finance/analysis/QmcqmBLPatWSPdPbeFFCFpfJjhrBooVxqjuRyyRVk1H5d8"
"GOOSEHEAD INSURANCE, INC. (GSHD) 10-Q for Q3, 2022","1500 SOLANA BLVD,WESTLAKE,TX,76262","https://auditchain.finance/analysis/QmcNrZfdrvfLPyA55ETa9pApL4dWqrqHPR96SJvQzDoty2"
"ANTERO MIDSTREAM CORPORATION (AM) 10-Q for Q3, 2022","1615 WYNKOOP STREET,DENVER,CO,80202","https://auditchain.finance/analysis/QmaXWEUcMJJGKRKwSHN8xZrbF45iSeCUkdWWsMx2KEUyjL"
"AquaBounty Technologies, Inc. (AQB) 10-Q for Q3, 2022","TWO CLOCK TOWER PLACE,MAYNARD,MA,01754","https://auditchain.finance/analysis/QmdgArEEtXPKqFRj5XdTdyUNQejWFrCvm8VqZLBD3qXDn4"
"Mid-Southern Bancorp, Inc. (MSVB) 10-Q for Q3, 2022","300 N. WATER STREET,SALEM,IN,47167","https://auditchain.finance/analysis/QmcekFu4he28C3BhjiKd4JNegF7MsijdLaLQsn5f1GDn54"
"HYCROFT MINING HOLDING CORPORATION (HYMC) 10-Q for Q3, 2022","4300 WATER CANYON ROAD,WINNEMUCCA,NV,89445","https://auditchain.finance/analysis/QmQvAXbC32mnfacjhgLkmHhU8k848tQnCUkv6TVq6vuG2W"
"NEWMARK GROUP, INC. (NMRK) 10-Q for Q3, 2022","125 PARK AVENUE,NEW YORK,NY,10017","https://auditchain.finance/analysis/QmXEfhsG3U8xMLRvZx1twDi6E8SsankWFu8AbQ87ahvHtu"
"NEWMARK GROUP, INC. (NMRK) 10-Q for Q3, 2022","125 PARK AVENUE,NEW YORK,NY,10017","https://auditchain.finance/analysis/QmPfEUdLRJ9yEigQcMxyuYsW4ikFrJGVDZxoabk4E5cbnb"
"NESTBUILDER.COM CORP. () 10-Q for Q3, 2022","201 W. PASSAIC STREET, SUITE 301,ROCHELLE PARK,NJ,07662","https://auditchain.finance/analysis/QmZPGX6wSbLRDmyYjWXXJzYjce42urH9qPG7BbV6479jhD"
"TIAA REAL ESTATE ACCOUNT () 10-Q for Q3, 2022","730 THIRD AVE,NEW YORK,NY,10017","https://auditchain.finance/analysis/QmT5uMpovMTDuKrvYZ7j6JpRxb4tt5SMGJQxo4FhRwMCZH"
"Nine Energy Service, Inc. (NINE) 10-Q for Q3, 2022","2001 KIRBY DRIVE,HOUSTON,TX,77019","https://auditchain.finance/analysis/QmNP3FhrqiCvuqCGBtFMkmTtbrC392mRW5oH9mfPaHcpEJ"
"TILE SHOP HOLDINGS, INC. (TTSH) 10-Q for Q3, 2022","14000 CARLSON PARKWAY,PLYMOUTH,MN,55441","https://auditchain.finance/analysis/QmfQ5hJ7YDFuuYC9X9GR8W6p3vQp4M17bGNxf2v4VoyxLN"
"One Stop Systems, Inc. (OSS) 10-Q for Q3, 2022","2235 ENTERPRISE ST STE 110,ESCONDIDO,CA,92029","https://auditchain.finance/analysis/QmX7AUMy1RvgYHUhSSk7EdtmcUyxQaATLX3LEjhPPwa8Cg"
"Nine Energy Service, Inc. (NINE) 10-Q for Q3, 2022","2001 KIRBY DRIVE,HOUSTON,TX,77019","https://auditchain.finance/analysis/QmRGbVyhHpafGBBSKDFxcN7j3sDqHrjs13Te9bKYaUR5DR"
"TIMKEN CO (TKR) 10-Q for Q3, 2022","4500 MT. PLEASANT ST. NW,NORTH CANTON,OH,44720-5450","https://auditchain.finance/analysis/QmNw5ncj367KV41o6mMNWVnCoBnqGbc1aZKWki1rpUS6s1"
"Titan Pharmaceuticals, Inc. (TTNP) 10-Q for Q3, 2022","400 OYSTER POINT BLVD,SAN FRANCISCO,CA,94080","https://auditchain.finance/analysis/QmSrVbewmnKAcawLMNYM7iGAhZx15cdKj8NVboxTFsjS6p"
"ELEDON PHARMACEUTICALS, INC. (ELDN) 10-Q for Q3, 2022","19900 MACARTHUR BLVD.,IRVINE,CA,92612","https://auditchain.finance/analysis/QmXiG9m3e75bakByruos95AZXRVZfVW8mGzdNWjV3PziB6"
"STRATEGIC ACQUISITIONS, INC. () 10-Q for Q3, 2022","30 BROAD STREET,NEW YORK,NY,10004","https://auditchain.finance/analysis/QmSaJ3firt9jfHuiLHqoEi5KKnCqUJ5frx6nuanWiyas7X"
"SURFACE ONCOLOGY, INC. (SURF) 10-Q for Q3, 2022","50 HAMPSHIRE STREET, 8TH FLOOR,CAMBRIDGE,MA,02139","https://auditchain.finance/analysis/QmZx61k9GVHb2rT5eg9ia9rWoYfjM9NPDxXjWnGPGbPsvT"
"Cogent Biosciences, Inc. (COGT) 10-Q for Q3, 2022","275 WYMAN STREET,WALTHAM,MA,02451","https://auditchain.finance/analysis/QmZTRw24vhQ7TJ1KuuySmbdzdMsoe9NxGvNhsF1ueKxXLN"
"Tompkins Financial Corp (TMP) 10-Q for Q3, 2022","118 E SENECA STREET,ITHACA,NY,14850","https://auditchain.finance/analysis/QmRNEcPb2NB96e8Nrehi3BWuMpHoNWqm8vJgaoS8FyADkY"
"Unity Biotechnology, Inc. (UBX) 10-Q for Q3, 2022","285 EAST GRAND AVENUE,SOUTH SAN FRANCISCO,CA,94080","https://auditchain.finance/analysis/QmQu6TZiiLsmACwguxYUyrSHDXeCmDA2x8Xtbznx3rmkWR"
"Meta Materials Inc. (MMAT) 10-Q for Q3, 2022","1 RESEARCH DRIVE,DARTMOUTH,A5,B2Y 4M9","https://auditchain.finance/analysis/QmS795SvhpcJsv7FYUsqYgkAyooMjzZX3YbsvfpQe9X38b"
"Wyndham Hotels & Resorts, Inc. (WH) 10-Q for Q3, 2022","22 SYLVAN WAY,PARSIPPANY,NJ,07054","https://auditchain.finance/analysis/Qmb8t4JBZtZd7xjoK4kC5xzsHeLSDMcYS734mBDcpZY7CC"
"GLOBE LIFE INC. (GL) 10-Q for Q3, 2022","3700 SOUTH STONEBRIDGE DRIVE,MCKINNEY,TX,75070","https://auditchain.finance/analysis/QmSK4jJwkm1CUBuyC3fGG3nQyBWyiK4YJyB8Hiu7zYSyg6"
"BlackBerry Limited (BB) 10-Q for Q2, 2023","2200 UNIVERSITY AVENUE EAST,WATERLOO,A6,N2K 0A7","https://auditchain.finance/analysis/QmNzPqhA52TTeVVrp5ni9cmM2riNhaxBQFC3AEeBBr8gsy"
"Texas Roadhouse, Inc. (TXRH) 10-Q for Q3, 2022","6040 DUTCHMANS LANE,LOUISVILLE,KY,40205","https://auditchain.finance/analysis/QmUxxcAs5T5Bypt83xuaM2SASZqehwMpeGTXnbN2631bo4"
"Resonate Blends, Inc. () 10-Q for Q3, 2022","26565 AGOURA RD.,,CALABASAS,CA,91302","https://auditchain.finance/analysis/QmZQk687ap4x7HeTvGWd84RWnCQZ75wm7fnQ7U4Zy45XGd"
"THERAPEUTICSMD, INC. (TXMD) 10-Q for Q3, 2022","951 YAMATO ROAD, SUITE 220,BOCA RATON,FL,33431","https://auditchain.finance/analysis/QmfU7UTyj6KAzTNBMpKF6zJEJbQLV1b64SD15f9MnVGP6g"
"INTERCONTINENTAL EXCHANGE, INC. (ICE) 10-Q for Q3, 2022","5660 NEW NORTHSIDE DRIVE,,ATLANTA,GA,30328","https://auditchain.finance/analysis/QmWM4VRWAccW37h98sSoKcga6Cc5jdSBVNGCCQSukfovKa"
"VELODYNE LIDAR, INC. (VLDR) 10-Q for Q3, 2022","5521 HELLYER AVENUE,SAN JOSE,CA,95138","https://auditchain.finance/analysis/QmStcpuKsxw7icwnsBpCqkZXChcwBsdqxhtciReiKs3VHY"
"Gritstone bio, Inc. (GRTS) 10-Q for Q3, 2022","5959 HORTON STREET, SUITE 300,EMERYVILLE,CA,94608","https://auditchain.finance/analysis/Qmc6jd9xsxk7D2UYubY9vw7fSGnXUnWZbdTNayMXFd6Bqw"
"Harpoon Therapeutics, Inc. (HARP) 10-Q for Q3, 2022","131 OYSTER POINT BOULEVARD,SOUTH SAN FRANCISCO,CA,94080","https://auditchain.finance/analysis/QmS3cCHpCAAeFvC35doAiQSGcrGFRhroGhkYfDmfj9WRWj"
"IMAGING DIAGNOSTIC SYSTEMS, INC. () 10-Q for Q1, 2023","1291-B NW 65TH PLACE,FORT LAUDERDALE,FL,33309","https://auditchain.finance/analysis/QmbEews1mkun7QfPWrp9DoMsSfYNchXturKMeTcXna66EQ"
"MeiraGTx Holdings plc (MGTX) 10-Q for Q3, 2022","450 EAST 29TH STREET,NEW YORK,NY,10016","https://auditchain.finance/analysis/Qmbc3tYBWAGKNZAjrvPPQRn6eok1Q9ESjn9mmpxF2PspRT"
"BM Technologies, Inc. (BMTX) 10-Q for Q3, 2022","201 KING OF PRUSSIA ROAD,WAYNE,PA,19087","https://auditchain.finance/analysis/QmfBTGNNU8YR64zZ1byxSxEDbLFTnx443gfDVyCKoMA3c6"
"Meridian Corp (MRBK) 10-Q for Q3, 2022","9 OLD LINCOLN HIGHWAY,MALVERN,PA,19355","https://auditchain.finance/analysis/Qmb1ZPCU4kUV5bcux8AgCffySocErcjtnFfnspmpToRLxh"
"Galaxy Gaming, Inc. (GLXZ) 10-Q for Q3, 2022","6480 CAMERON STREET,LAS VEGAS,NV,89118","https://auditchain.finance/analysis/QmNX8LGtgDqq9TvF63X5T1eLvhXrBHTduUVFP4uPcdpqQS"
"SELLAS Life Sciences Group, Inc. (SLS) 10-Q for Q3, 2022","7 TIMES SQUARE,NEW YORK,NY,10036","https://auditchain.finance/analysis/QmXU9WjhxAhZY5gwMor9Pxjjfx2uaL9QSWgLpXatKxFSju"
"Minaro Corp. () 10-Q for Q3, 2022","138 E 12300 S  UNIT #771,DRAPER,UT,84020","https://auditchain.finance/analysis/QmTzqr2CbqFr6xy3JSW2fgitvAz9cpkSNNuKPDy1w7zWDv"
"GENERAC HOLDINGS INC. (GNRC) 10-Q for Q3, 2022","S45 W29290 HIGHWAY 59,WAUKESHA,WI,53187","https://auditchain.finance/analysis/QmRDCRZAevVe9C3kXoXnMwwJtQ1Rykp6sLdQkUspMAccNY"
"NEURONETICS, INC. (STIM) 10-Q for Q3, 2022","3222 PHOENIXVILLE PIKE,MALVERN,PA,19355","https://auditchain.finance/analysis/QmVgmjEsA3EwaeAiLjXJTg2ZwY5PoPWWN1obNDJXMAcKqF"
"NeuroBo Pharmaceuticals, Inc. (NRBO) 10-Q for Q3, 2022","200 BERKELEY ST.,BOSTON,MA,02116","https://auditchain.finance/analysis/QmWAuzie7bokh7hfhD6drfRj9oy9prStD3d3CNwDotAwoY"
"PROCACCIANTI HOTEL REIT, INC. () 10-Q for Q3, 2022","1140 RESERVOIR AVENUE,CRANSTON,RI,02920","https://auditchain.finance/analysis/QmYeTg3mTHtrtE6W4NwMeNAP7aVgBYiCwPzqHPYjAokUwA"
"PCB BANCORP (PCB) 10-Q for Q3, 2022","3701 WILSHIRE BLVD,LOS ANGELES,CA,90010","https://auditchain.finance/analysis/QmTBzAcd4W467SWUvChjcwi15LshvCdaZzc1mrQKbqN3x5"
"Gaming and Leisure Properties, Inc. (GLPI) 10-Q for Q3, 2022","845 BERKSHIRE BLVD, SUITE 200,WYOMISSING,PA,19610","https://auditchain.finance/analysis/QmVUL8ctYVAKVviAookUv2BAbVn6MrNwzmDrPTx2TH4JL4"
"QUANTUM COMPUTING INC. (QUBT) 10-Q for Q3, 2022","215 DEPOT COURT SE, #215,LEESBURG,VA,20175","https://auditchain.finance/analysis/QmYVCtiDjaRKEKxK3Shww6yUQMdW6vJJ6pz6GL197MU3Mf"
"RETAIL VALUE INC. () 10-Q for Q3, 2022","3300 ENTERPRISE PARKWAY,BEACHWOOD,OH,44122","https://auditchain.finance/analysis/QmfUDjfhrpofAP2YizerZgSs4d5bFS5hsmKWytCKzbncdw"
"Ra Medical Systems, Inc. (RMED) 10-Q for Q3, 2022","5857 OWENS DRIVE, SUITE 300,CARLSBAD,CA,92009","https://auditchain.finance/analysis/QmY6y6Hk55v4x7HgWJfBZmFvAQLxP64TTeRcrc8jbkB7Ur"
"Starco Brands, Inc. (STCB) 10-Q for Q3, 2022","250 26TH STREET,SANTA MONICA,CA,90402","https://auditchain.finance/analysis/Qmabv9hoXEMCx8ciDQkH65EtUHMSmegQhGpFoAzfnmYbwX"
"Ra Medical Systems, Inc. (RMED) 10-Q for Q3, 2022","5857 OWENS DRIVE, SUITE 300,CARLSBAD,CA,92009","https://auditchain.finance/analysis/QmTufQ6CyyHZdDuE1tzPWxhN7iHBWGGrWA5r79KmnAKbnN"
"REPLIMUNE GROUP, INC. (REPL) 10-Q for Q2, 2023","500 UNICORN PARK,WOBURN,MA,01801","https://auditchain.finance/analysis/QmSdz9zNBWXvFwmoCQNoSs9e4ZXrwjFgzUgH9pHMs8hFFc"
"Rhinebeck Bancorp, Inc. (RBKB) 10-Q for Q3, 2022","2 JEFFERSON PLAZA,POUGHKEEPSIE,NY,12601","https://auditchain.finance/analysis/QmTZEghz7MePC6iYUSrdZDLDpETt5C8bsbHDpeHXSpWfw2"
"GENPACT LIMITED (G) 10-Q for Q3, 2022","CANON'S COURT,HAMILTON,D0,HM 12","https://auditchain.finance/analysis/QmQerMBmzeXtMVchhdvSqqvD2WvH9eSQNVvAchftMAzxdz"
"GENTHERM INCORPORATED (THRM) 10-Q for Q3, 2022","21680 HAGGERTY ROAD,NORTHVILLE,MI,48167-8994","https://auditchain.finance/analysis/QmSuhc99hGcbCuphpZAWRBAeFiDbgY1XBFE41LpqbbAYVC"
"Rhinebeck Bancorp, Inc. (RBKB) 10-Q for Q3, 2022","2 JEFFERSON PLAZA,POUGHKEEPSIE,NY,12601","https://auditchain.finance/analysis/QmbPvsckjBDasjFm4kuPjAAwaUdpFVRDhJqgmkhpeWmFsh"
"SHENGDA NETWORK TECHNOLOGY, INC. (SOLQ) 10-Q for Q1, 2023","FLOOR6, BUILDING 6,JINHUA CITY, ZHEJIANG PROVINCE,F4,322000","https://auditchain.finance/analysis/QmdQ9dBKNnkbM2NkU9rqCJ3Bi76QKi4pJu9yLt8dt8Lfyu"
"SUTRO BIOPHARMA, INC. (STRO) 10-Q for Q3, 2022","111 OYSTER POINT BLVD.,SOUTH SAN FRANCISCO,CA,94080","https://auditchain.finance/analysis/QmUhJF53A6DZzb9dFpo6on14ybqu7Px2Us1NK8rVicuiQa"
"SCHOLAR ROCK HOLDING CORP (SRRK) 10-Q for Q3, 2022","301 BINNEY STREET,CAMBRIDGE,MA,02142","https://auditchain.finance/analysis/QmfSZVL79GGCwyL6tWGskevrqM114LTMfQC2uZbpsU7yiR"
"GENWORTH FINANCIAL, INC. (GNW) 10-Q for Q3, 2022","6620 WEST BROAD STREET,RICHMOND,VA,23230","https://auditchain.finance/analysis/QmTy4UQLJFnXyB42HUXEMYfM4MwiDhKbwqkKUFxcY6Vgxu"
"German American Bancorp, Inc. (GABC) 10-Q for Q3, 2022","711 MAIN ST,JASPER,IN,47546","https://auditchain.finance/analysis/QmPnD6gbRAw2VHPBhAr9FJ4gbCuVk1Feinow2rFLVZUcyc"
"Social Life Network, Inc. () 10-Q for Q3, 2022","3465 S GAYLORD CT.,ENGLEWOOD,CO,80113","https://auditchain.finance/analysis/QmWZUGuFiLUhUULzWaUCAitMgHefUJMfSWKgtE9yadyJqc"
"Singlepoint Inc () 10-Q for Q3, 2022","2999 NORTH 44TH STREET,PHOENIX,AZ,85018","https://auditchain.finance/analysis/QmP1kiGVdGqMWzFB9upXhTWfhyvEzjKkzSk9TQcKw6SJmY"
"SolarWinds Corp (SWI) 10-Q for Q3, 2022","7171 SOUTHWEST PKWY., BLDG. 400,AUSTIN,TX,78735","https://auditchain.finance/analysis/QmNzFDnkWUqmAviF2eXWhhtxP72FhjaJXfAA2sB5MD4kWP"
"SONOS, INC. (SONO) 10-K for FY, 2022","614 CHAPALA STREET,SANTA BARBARA,CA,93101","https://auditchain.finance/analysis/Qmf3bB4SkKXzfyMkqd8QbZhAHgXzpdjAGfFa3AG8EUYGcy"
"WISA Technologies, Inc. (WISA) 10-Q for Q3, 2022","15268 NW GREENBRIER PKWY,BEAVERTON,OR,97006","https://auditchain.finance/analysis/QmT4L6LMG4hfLH984D7RyydCi62P8X6BG4bcXbYhqx2aQ2"
"GIGA-TRONICS INC () 10-Q for Q3, 2022","5990 GLEASON DR,DUBLIN,CA,94568","https://auditchain.finance/analysis/QmXgLo8ZQTH8h4s8zXTpaqJ3YQtpS9yseuqMFqbrkh3t8Z"
"TENABLE HOLDINGS, INC. (TENB) 10-Q for Q3, 2022","6100 MERRIWEATHER DRIVE,COLUMBIA,MD,21044","https://auditchain.finance/analysis/QmRqUUeWdpswgV23jFfdoKQzPCyWg6vJ742f5xgXKrysxp"
"Compass Therapeutics, Inc.  (CMPX) 10-Q for Q3, 2022","80 GUEST STREET,BOSTON,MA,02135","https://auditchain.finance/analysis/QmcbsomoFCdrEk96jxYtuP7JHWZr6oUr62gWxkwWKmSxXz"
"GLADSTONE COMMERCIAL CORP (GOOD) 10-Q for Q3, 2022","1521 WESTBRANCH DRIVE,MCLEAN,VA,22102","https://auditchain.finance/analysis/QmSX2JGaF4eFQsEbx12cpVi2T8rjvcwQmL3NL5z78r6ZsJ"
"Venus Concept Inc. (VERO) 10-Q for Q3, 2022","235 YORKLAND BLVD.,TORONTO,A6,M2J 4Y8","https://auditchain.finance/analysis/QmV4Sr9ekbcTHgTPwN1MuPgZ8EP6bCBa7iFPU8UhUsMq8n"
"XCEL BRANDS, INC. (XELB) 10-Q for Q3, 2022","1333 BROADWAY,NEW YORK,NY,10018","https://auditchain.finance/analysis/QmezYHfkLwR5XD14x2uQNqmV1b4XrZ6Uyb4RB6abihnwmn"
"Talos Energy Inc. (TALO) 10-Q for Q3, 2022","333 CLAY STREET,HOUSTON,TX,77002","https://auditchain.finance/analysis/QmSnGEcNT6PTNZX3fALoaCHSK5MAupRWyHKU4wvqYnu82u"
"ROKU, INC. (ROKU) 10-Q for Q3, 2022","1155 COLEMAN AVENUE,SAN JOSE,CA,95110","https://auditchain.finance/analysis/QmQvYLvuMyqT7PQuFV93ahaaa7qv9fA3FeuYQ5wsTwJ82v"
"Reviva Pharmaceuticals Holdings, Inc. (RVPH) 10-Q for Q3, 2022","19925 STEVENS CREEK BLVD.,CUPERTINO,CA,95014","https://auditchain.finance/analysis/QmZ6bBnDs8EDJUKCuMigvexxykHajBZ3vRx6PqQG3PCkfm"
"Glatfelter Corporation (GLT) 10-Q for Q3, 2022","4350 CONGRESS STREET,CHARLOTTE,NC,28209","https://auditchain.finance/analysis/Qmc3FNbGtiwYsMcjc3ZMtoXKqrJWrVt96EzHEZ1QnBKgWF"
"GLASSBRIDGE ENTERPRISES, INC. () 10-Q for Q3, 2022","18 EAST 50TH STREET FL7TH,NEW YORK,NY,10022","https://auditchain.finance/analysis/QmQKrRPJWPTaPeuvD4EcDeKsGU4531WfsTsoDdpDVLLrXC"
"SENTINEL ENERGY SERVICES INC. () 10-Q for Q3, 2022","700 LOUISIANA STREET,HOUSTON,TX,77002","https://auditchain.finance/analysis/Qmcw5ReF4dqmUeYtF5zVHw5DSQNkFLMFtC4ERKe938Xhdu"
"UPWORK INC. (UPWK) 10-Q for Q3, 2022","475 BRANNAN STREET,SAN FRANCISCO,CA,94107","https://auditchain.finance/analysis/QmesBJ6XHpjP47o9R9un9v27qe89q89cAQ3zoKEBysrg94"
"Virgin Galactic Holdings, Inc. (SPCE) 10-Q for Q3, 2022","1700 FLIGHT WAY,TUSTIN,CA,92782","https://auditchain.finance/analysis/QmdQ7ea7HYBXSMHJeDbLKGxH5U1HYx5XfP5cNqJyiFPzVL"
"GETTY REALTY CORP. (GTY) 10-Q for Q3, 2022","292 MADISON AVENUE, 9TH FLOOR,NEW YORK,NY,10017-6318","https://auditchain.finance/analysis/QmWTUYzGgnQx7DoNse8Nkm6BxSmwc7Dxo9Qw3t9JYnAmHb"
"GLEN BURNIE BANCORP (GLBZ) 10-Q for Q3, 2022","101 CRAIN HWY SE,GLEN BURNIE,MD,21227","https://auditchain.finance/analysis/QmWDAsDZsncS2XuzcdDgCKvMKrstKUsz8PHQHEJM8ukNhf"
"Y-mAbs Therapeutics, Inc. (YMAB) 10-Q for Q3, 2022","230 PARK AVENUE,NEW YORK,NY,10169","https://auditchain.finance/analysis/QmfViYoGySrGbius3QzXBwHhNo9GrQUPaChxauaP2sWsmM"
"Zomedica Corp. (ZOM) 10-Q for Q3, 2022","100 PHOENIX DRIVE,ANN ARBOR,MI,48108","https://auditchain.finance/analysis/QmTUWP2cWRfHRTihHi5UCXvtK4sn2SvtVvt9HY8AiPdgT9"
"QuinStreet, Inc. (QNST) 10-Q for Q1, 2023","950 TOWER LANE, 6TH FLOOR,FOSTER CITY,CA,94404","https://auditchain.finance/analysis/QmSPExSo3wT3NWWXe6dgFgCPgrrHKKY7QFL7XRy1QNYkyz"
"QUMU CORPORATION (QUMU) 10-Q for Q3, 2022","400 SOUTH 4TH STREET,MINNEAPOLIS,MN,55415","https://auditchain.finance/analysis/QmUnBYyyjgwcY3RJ7JSYR9977ssL5bXt2uBJbSLFwapTdJ"
"ADIAL PHARMACEUTICALS, INC. (ADIL) 10-Q for Q3, 2022","1180 SEMINOLE TRAIL,CHARLOTTESVILLE,VA,22901","https://auditchain.finance/analysis/QmXwqbTP86iudK2JSSVoRwqihFoui4jzvxomJ9RYY29YJc"
"QHSLab, Inc (USAQ) 10-Q for Q3, 2022","901 NORTHPOINT PARKWAY,WEST PALM BEACH,FL,33407","https://auditchain.finance/analysis/QmSfyAU41N9b9hg8vd7RSbP467hgo5tkAh5u21v6aMMBzP"
"Alterola Biotech, Inc. () 10-Q for Q2, 2023","47 HAMILTON SQUARE,BIRKENHEAD MERSEYSIDE,X0,CH41 5AR","https://auditchain.finance/analysis/QmPq65HYuD1aki7ykf1gUCUmWKBq9T7XqC1sALJNbmcVuK"
"Allakos Inc. (ALLK) 10-Q for Q3, 2022","825 INDUSTRIAL ROAD,SAN CARLOS,CA,94070","https://auditchain.finance/analysis/QmdBwgWUvHCq5guK8PMBG2Qg67mZtLVgRK9UBiXebYff1a"
"ALLEGRO MERGER CORP. () 10-Q for Q3, 2022","777 THIRD AVENUE, 37TH FLOOR,NEW YORK,NY,10017","https://auditchain.finance/analysis/QmRya2CimyAjvayu8oNN4WvnGc4oFvKzYyUjQNv5p2Cd5F"
"Verrica Pharmaceuticals Inc. (VRCA) 10-Q for Q3, 2022","10 NORTH HIGH STREET,WEST CHESTER,PA,19380","https://auditchain.finance/analysis/QmRApLKA2z1pBkggcQiwHv8Amc5KcmztyEXJK6XFgbckkt"
"QUAKER CHEMICAL CORPORATION (KWR) 10-Q for Q3, 2022","ONE QUAKER PARK,CONSHOHOCKEN,PA,19428","https://auditchain.finance/analysis/Qme2jZynxz9dgJ679gYcTZUaFUBgULNGsEySvchKSo1kTz"
"Aptinyx Inc. (APTX) 10-Q for Q3, 2022","1801 MAPLE AVENUE,EVANSTON,IL,60201","https://auditchain.finance/analysis/QmZHpUvvT35dXSbpedVVDr8p53NvR8YK3THYtRandVfmR2"
"Aquestive Therapeutics, Inc. (AQST) 10-Q for Q3, 2022","30 TECHNOLOGY DRIVE,WARREN,NJ,07059","https://auditchain.finance/analysis/QmeoM2ssr5K7jRyfA8j431wbcr461FzQnsQRZfED7Dxhgs"
"WEED, Inc. () 10-Q for Q3, 2022","4920 N. POST TRAIL,TUCSON,AZ,85750","https://auditchain.finance/analysis/QmUzGhRMqnYmNXhrvHy3VX5sBAZoisrBN5uUyiU5gL8yAb"
"ARLO TECHNOLOGIES, INC. (ARLO) 10-Q for Q3, 2022","2200 FARADAY AVE.,CARLSBAD,CA,92008","https://auditchain.finance/analysis/QmYBp2ekrsmsiE6kpoMxa553huW1jxsvqtQMphj3NpbtLy"
"1847 HOLDINGS LLC (EFSH) 10-Q for Q3, 2022","590 MADISON AVENUE,NEW YORK,NY,10022","https://auditchain.finance/analysis/QmckWj6XP19JT3JepJQSKp2agRK8Duz9VTdmxEK15EP4sZ"
"Quest Resource Holding Corporation (QRHC) 10-Q for Q3, 2022","3481 PLANO PARKWAY,THE COLONY,TX,75056","https://auditchain.finance/analysis/Qmedvy79bBsBtaCKdnd4H9GJQhZ4HEhbi9Ryb8sU5zJTJj"
"UroGen Pharma Ltd.  (URGN) 10-Q for Q3, 2022","9 HA'TA'ASIYA ST,RA'ANANA,L3,4365007","https://auditchain.finance/analysis/QmSiVJcoo7gBhqWtG3HSMjyzbc8Ugmnq8A5bJftSXXCXkP"
"OMNIQ Corp. (OMQS) 10-Q for Q3, 2022","1865 WEST 2100 SOUTH,SALT LAKE CITY,UT,84119","https://auditchain.finance/analysis/QmXfTwGFVWxahRXxaUewzKqTFs2ntzBjaLrUNVJMhLWY9o"
"3D SYSTEMS CORPORATION (DDD) 10-Q for Q3, 2022","333 THREE D SYSTEMS CIRCLE,ROCK HILL,SC,29730","https://auditchain.finance/analysis/QmSpKJ7xxsKMCCXbjAPQybST2BA9VVsJVckm1y6xyxhRxv"
"IQVIA HOLDINGS INC. (IQV) 10-Q for Q3, 2022","4820 EMPEROR BLVD.,DURHAM,NC,27703","https://auditchain.finance/analysis/QmfDJA7LX1HfYkebgs6So5La46YAG6V8mtZBDKVEAiVMou"
"Techpoint, Inc. (0001556898) 10-Q for Q3, 2022","2550 N. FIRST STREET,SAN JOSE,CA,95131","https://auditchain.finance/analysis/QmYu2LLspBhc9u6ZvNCv32xx1P3e9rjgYkCrDEvZncczzG"
"AVROBIO, INC. (AVRO) 10-Q for Q3, 2022","100 TECHNOLOGY SQUARE,CAMBRIDGE,MA,02139","https://auditchain.finance/analysis/QmVZAR9rcrzh9zkzEPbjY4L7KsGWRSAis3hGAtCMQHEUjW"
"QUOTIENT LIMITED (QTNT) 10-Q for Q2, 2023","28 ESPLANADE,SAINT HELIER,Y9,JE2 3QA","https://auditchain.finance/analysis/QmNaAEpsUJeRWf7ZAWjNY8A8mmitRUTFg6tiSAAL6125Nu"
"Axonics, Inc. (AXNX) 10-Q for Q3, 2022","26 TECHNOLOGY DRIVE,IRVINE,CA,92618","https://auditchain.finance/analysis/QmXostEDsPjZBemL4eLrxDd4bTEAou8xcwwD1MubuhwZng"
"Bionano Genomics, Inc. (BNGO) 10-Q for Q3, 2022","9540 TOWNE CENTRE DRIVE,SAN DIEGO,CA,92121","https://auditchain.finance/analysis/QmRw5f1XBqFKsbV8tRCVHfPNnUbPCJNuS9yBMzFbSXLQon"
"8x8, INC. (EGHT) 10-Q for Q2, 2023","675 CREEKSIDE WAY,CAMPBELL,CA,95008","https://auditchain.finance/analysis/QmajBsWgQcVScPGZ7yN1cntBe67YiKe7dMNr8uKHmaXbYd"
"A-Mark Precious Metals, Inc. (AMRK) 10-Q for Q1, 2023","2121 ROSECRANS AVENUE,EL SEGUNDO,CA,90245","https://auditchain.finance/analysis/QmZmh3GK9YUYSBiAP5nWH1ejR5vStmtdhcMyyXTzRevnCV"
"DallasNews CORPORATION (DALN) 10-Q for Q3, 2022","1954 COMMERCE STREET,DALLAS,TX,75201","https://auditchain.finance/analysis/QmW4wgiBHHgd6TqPmeeu9fBPQoPMLd2vE6vJvzaMBHRSfg"
"CirTran Corporation () 10-Q for Q3, 2022","6360 S PECOS ROAD,LAS VEGAS,NV,89120","https://auditchain.finance/analysis/QmRAN7kAfr57rkqfeeSTAjMhxvk1kdNXRLmEHZBKcD7Uq2"
"A10 NETWORKS, INC. (ATEN) 10-Q for Q3, 2022","2300 ORCHARD PKWY,SAN JOSE,CA,95131","https://auditchain.finance/analysis/QmURvabt8zkeiUv9UYBph299jinot4moXRLnwPfycfzQt5"
"CANNAPHARMARX, INC. (CPMD) 10-Q for Q3, 2022","SUITE 3600,CALGARY,A0,T2P 5C5","https://auditchain.finance/analysis/QmcpAMpaf48jWFGKiWaK2mdxXddahM2hs78buPoxzPCG7s"
"CHARAH SOLUTIONS, INC (CHRA) 10-Q for Q3, 2022","12601 PLANTSIDE DRIVE,LOUISVILLE,KY,40299","https://auditchain.finance/analysis/QmeVBjKgJSi1qz7caRXkAdGPqaDi7DSo9AnjTs8vNzUsVs"
"QUOTIENT LIMITED (QTNT) 10-Q for Q2, 2023","28 ESPLANADE,SAINT HELIER,Y9,JE2 3QA","https://auditchain.finance/analysis/QmaywtThd4VgjjZyVDDDZ8uSzDicSGc4sszsVqvG8Ubwex"
"URBAN ONE, INC. (UONE) 10-Q for Q3, 2022","1010 WAYNE AVENUE,SILVER SPRING,MD,20910","https://auditchain.finance/analysis/QmUaD4bwrCbtGekUZCseWuodMhvgg358bmCtQCwKtZpMDw"
"Utz Brands, Inc. (UTZ) 10-Q for Q3, 2022","900 HIGH STREET,HANOVER,PA,17331","https://auditchain.finance/analysis/QmdnH6fe3nKkKgsRxFLmyoQCUxTtdUHuTYSu9gnYPGc4PS"
"Cottonwood Communities, Inc. () 10-Q for Q3, 2022","1245 BRICKYARD RD.,SALT LAKE CITY,UT,84106","https://auditchain.finance/analysis/Qmc9uiUD5Ctuo2T4mQzKsCCJcZ7EmMcQg3XY7fNwWHaAG9"
"RAMBUS INC (RMBS) 10-Q for Q3, 2022","4453 NORTH FIRST STREET, SUITE 100,SAN JOSE,CA,95134","https://auditchain.finance/analysis/QmQTaYRmTeaNBGf8ABXune4fgk2BtDQynupPoyGMvjHkRt"
"RAPID7, INC. (RPD) 10-Q for Q3, 2022","120 CAUSEWAY STREET,BOSTON,MA,02114","https://auditchain.finance/analysis/QmScCtXE5a4y7wC3SBCadCoqEXHAxFVKoV93SEJo86q4yt"
"RAYMOND JAMES FINANCIAL, INC. (RJF) 10-K for FY, 2022","880 CARILLON PKWY,ST PETERSBURG,FL,33716","https://auditchain.finance/analysis/QmfHjuUm3hczJRt9uCrfZxddcaFQqVD2ZkvBzNK2F6wXZo"
"EQUILLIUM, INC. (EQ) 10-Q for Q3, 2022","2223 AVENIDA DE LA PLAYA,LA JOLLA,CA,92037","https://auditchain.finance/analysis/QmXPgWhZjC4Vygso7JsttqKmSH5v1pqo5vtviQyWdRjSBg"
"RAYONIER INC. (RYN) 10-Q for Q3, 2022","1 RAYONIER WAY,WILDLIGHT,FL,32097","https://auditchain.finance/analysis/QmXiPh7mca2kHwEDN85GGMLQMRvxatXsrrtPAQrvEuDG4c"
"EVERGY, INC. (EVRG) 10-Q for Q3, 2022","1200 MAIN STREET,KANSAS CITY,MO,64105","https://auditchain.finance/analysis/QmXwatZ8G44wky75sLthRnPPwno8KQv3MuUDwgu78NbgaN"
"EVO Payments, Inc. (EVOP) 10-Q for Q3, 2022","TEN GLENLAKE PARKWAY,ATLANTA,GA,30328","https://auditchain.finance/analysis/QmXCcKPXRNKCHRRJ4rpLYi6zyYeNqDV9ibw3nq6qmWBHY7"
"INTERNATIONAL STEM CELL CORPORATION () 10-Q for Q3, 2022","5950 PRIESTLY DRIVE,CARLSBAD,CA,92008","https://auditchain.finance/analysis/QmWLKkrMJGAPvRPT9PvqGWMYor7hBE2b7u8Y4sKWtEMfVQ"
"ETON PHARMACEUTICALS, INC. (ETON) 10-Q for Q3, 2022","21925 W. FIELD PARKWAY,DEER PARK,IL,60010-7278","https://auditchain.finance/analysis/QmQzrS61QFd5M27QKPe9yRLjy2XL5t2NnJrBmE2WLjm5mm"
"EVENTBRITE, INC. (EB) 10-Q for Q3, 2022","535 MISSION STREET,SAN FRANCISCO,CA,94105","https://auditchain.finance/analysis/QmcE35nRYbwdnaaPCfhLtr4QMKWKFbm4XyfkSUebo4FVBn"
"Rare Element Resources Ltd () 10-Q for Q3, 2022","P.O. BOX 271049,LITTLETON,CO,80127","https://auditchain.finance/analysis/QmfSBSPYSs7zVbzaVbRB5A1nVBPKkt8wGVpqczzA9z1MU8"
"Iterum Therapeutics plc (ITRM) 10-Q for Q3, 2022","FITZWILLIAM COURT, 1ST FLOOR,DUBLIN 2,L2,D02 YW24","https://auditchain.finance/analysis/QmSNjEZmcRDq5ZDMUfSrmPEs1vLzwf2wRt6rYbNMmksKMm"
"KODIAK SCIENCES INC. (KOD) 10-Q for Q3, 2022","1200 PAGE MILL RD,PALO ALTO,CA,94304","https://auditchain.finance/analysis/QmXY963AC5viaFGzaw7QnvJPWWj52t12KU5hgfpAAwjr7D"
"VIRTRA, INC. (VTSI) 10-Q for Q3, 2022","295 E CORPORATE PLACE,CHANDLER,AZ,85225","https://auditchain.finance/analysis/QmSEcBQoiNMwbmyTKV59LrLPk1WbPNvEzkP4zYMpsLxopw"
"Anywhere Real Estate Inc. (HOUS) 10-Q for Q3, 2022","175 PARK AVENUE,MADISON,NJ,07940","https://auditchain.finance/analysis/QmdJhBKuLCHpK84i5rtafZr1kXy4fKhRASa122EFCvB9xA"
"LIVENT CORPORATION (LTHM) 10-Q for Q3, 2022","1818 MARKET STREET,PHILADELPHIA,PA,19103","https://auditchain.finance/analysis/QmRHkqfK6yGbgi1aCHyK1vnptDexD9Dt4EFKGV9qph6m8y"
"Magenta Therapeutics, Inc. (MGTA) 10-Q for Q3, 2022","100 TECHNOLOGY SQUARE,CAMBRIDGE,MA,02139","https://auditchain.finance/analysis/QmakYSdBq1GSjpCn6xDecooFqxTBZJ77WdLfY9Fh14xZai"
"Reata Pharmaceuticals, Inc. (RETA) 10-Q for Q3, 2022","5320 LEGACY DRIVE,PLANO,TX,75024","https://auditchain.finance/analysis/QmTzkBoKudbixsi9XCW8rAkHQPJx9ir5Rco3kxYrRaNQin"
"Wrap Technologies, Inc. (WRAP) 10-Q for FY, 2022","1817 W 4TH STREET,TEMPE,AZ,85281","https://auditchain.finance/analysis/QmSLDebuwvHBWhpT7Mid21BPi5ipGGJsURrJWoyBWGPzUB"
"FVCBankcorp, Inc. (FVCB) 10-Q for Q3, 2022","11325 RANDOM HILLS ROAD,FAIRFAX,VA,22030","https://auditchain.finance/analysis/QmUCk7fc56he6QsNXTSeoEJvnv6NVCu437scZ5yggxfpaf"
"First Western Financial Inc (MYFW) 10-Q for Q3, 2022","1900 SIXTEENTH ST, #1200,DENVER,CO,80202","https://auditchain.finance/analysis/QmP6dxMeWMQhzofDbu38s4kgVZv65jC67GkJcwcAjwrHmJ"
"ACM Research, Inc. (ACMR) 10-Q for Q3, 2022","42307 OSGOOD ROAD, SUITE I,FREMONT,CA,94539","https://auditchain.finance/analysis/QmZS2wTjurukuX5tfr3BkzzAUtYf9isJvgsMwBrkVLQx7a"
"Vertiv Holdings Co (VRT) 10-Q for Q3, 2022","1050 DEARBORN DRIVE,COLUMBUS,OH,43085","https://auditchain.finance/analysis/QmW2ebNXtzxJGAedjTdz7McJi6syiPFpyQXMaGbDHNiQ1g"
"ACI WORLDWIDE, INC. (ACIW) 10-Q for Q3, 2022","3520 KRAFT ROAD, SUITE 300,NAPLES,FL,34105","https://auditchain.finance/analysis/QmXsE6Q4YhNKirtncmGAegCLzH6osyE3HqhwY4rtMskStq"
"Garrett Motion Inc. (GTX) 10-Q for Q3, 2022","LA PIECE 16,ROLLE,V8,1180","https://auditchain.finance/analysis/QmQRazyAQLQotqpdmaBZjTmYTPMmJF7oKQtzFmpuTrKtAU"
"ACADIA PHARMACEUTICALS INC. (ACAD) 10-Q for Q3, 2022","3611 VALLEY CENTRE DRIVE,SAN DIEGO,CA,92130","https://auditchain.finance/analysis/QmR7ZJ3cDCC9nvFaD6wNzgg7mr3dGamF9eAxjoox1HNhvM"
"Global Diversified Marketing Group Inc. () 10-Q for Q3, 2022","4042 AUSTIN BOULEVARD,ISLAND PARK,NY,11558","https://auditchain.finance/analysis/QmXW3WGomzbECtjobVAaXpKxGxqEXmQUKCwRmqqLmN8JFn"
"ENERPAC TOOL GROUP CORP. (EPAC) 10-K for FY, 2022","ATTN:  BRYAN JOHNSON,MENOMONEE FALLS,WI,53051","https://auditchain.finance/analysis/QmRqCrRJS51ARyRqxPnJftbCKGYfdQfaq77i4LAsAbCthb"
"ADDENTAX GROUP CORP. (ATXG) 10-Q for Q2, 2023","KINGKEY 100, BLOCK A, ROOM 4805,SHENZHEN CITY,F4,518000","https://auditchain.finance/analysis/QmPxaWLsxAhiMnMEDjnfwXmZ2Z2GuzD7qDrA8eKVmCyLRF"
"ADT Inc. (ADT) 10-Q for Q3, 2022","1501 YAMATO ROAD,BOCA RATON,FL,33431","https://auditchain.finance/analysis/QmQT2HjerejMEvWVCgH63i2i9Q578vjWu4ADi7oM2HW9rb"
"CYBERLOQ TECHNOLOGIES, INC. (CLOQ) 10-Q for Q3, 2022","4837 SWIFT ROAD SUITE 210-1,SARASOTA,FL,34231","https://auditchain.finance/analysis/Qmewxzvwb8zzz4dWvjXGFdcY2LrpJoY6HW6i1kVeDKr1im"
"ADVANCED ENERGY INDUSTRIES INC (AEIS) 10-Q for Q3, 2022","1595 WYNKOOP STREET,DENVER,CO,80202","https://auditchain.finance/analysis/QmfGz9ko9V8cDvrjMnr2GLDFpskxQ722aiCBmDy5VptfKg"
"AMERICAN ELECTRIC POWER CO INC. (AEP) 10-Q for Q3, 2022","1 RIVERSIDE PLAZA,COLUMBUS,OH,43215","https://auditchain.finance/analysis/QmRBgBZVgWS4baVCw7iYhBoZbGLeETARaWf9puy8PHBQZg"
"Aerojet Rocketdyne Holdings, Inc. (AJRD) 10-Q for Q3, 2022","222 N. PACIFIC COAST HIGHWAY,EL SEGUNDO,CA,90245","https://auditchain.finance/analysis/QmQED5hpH5ixWvnFHqhgbPU129We8AJNdqL7F8nU4Gw3Hw"
"AETHLON MEDICAL, INC. (AEMD) 10-Q for Q2, 2022","11555 SORRENTO VALLEY ROAD, SUITE 203,SAN DIEGO,CA,92121","https://auditchain.finance/analysis/QmPcdJKRAGNLsUXyVqBgrSm7VguLp79dsc2dqaM2Cc9HSg"
"CRYOMASS TECHNOLOGIES INC. () 10-Q for Q3, 2022","1001 BANNOCK STREET,DENVER,CO,80204","https://auditchain.finance/analysis/QmTTyb1snGL6yvDkcfg6W2WSaSFVTNjbdKt7fsckf9GEdP"
"Aflac Incorporated (AFL) 10-Q for Q3, 2022","1932 WYNNTON RD,COLUMBUS,GA,31999","https://auditchain.finance/analysis/QmPwxSWdx3wVVxbeNrPHB6Bpr21sKgc3LQ6cHKEfAS6jvu"
"BLUE STAR FOODS CORP. (BSFC) 10-Q for Q3, 2022","3330 CLEMATIS STREET,WEST PALM BEACH,FL,33401","https://auditchain.finance/analysis/QmcuTvQ94DGsnNxyGCPAEVtMDPr8P2j9c3SNpUWiFyUzzM"
"AGNC INVESTMENT CORP. (AGNC) 10-Q for Q3, 2022","2 BETHESDA METRO CENTER 12TH FLOOR,BETHESDA,MD,20814","https://auditchain.finance/analysis/QmTUuT12657NHTMm2rMyuoW3zybbGUJvSbTc4pN4FdWH7N"
"AIR INDUSTRIES GROUP (AIRI) 10-Q for Q3, 2022","1460 FIFTH AVENUE,BAY SHORE,NY,11706","https://auditchain.finance/analysis/QmY8oveJ1ZbeZPYs2bm2Y5J6bTtogUHCAtzybgeiudTBzU"
"BEYOND AIR, INC. (XAIR) 10-Q for Q2, 2023","825 EAST GATE BOULEVARD, SUITE 320,GARDEN CITY,NY,11530","https://auditchain.finance/analysis/QmVpc9J3Lo1y4n1GP7536MzvtTtu6mivbGaJabAJqhfiU4"
"ALARM.COM HOLDINGS, INC. (ALRM) 10-Q for Q3, 2022","8281 GREENSBORO DRIVE,TYSONS,VA,22102","https://auditchain.finance/analysis/QmbcMjvHsHbscqmT1knejfAjDeh3VP2i2BpHLCmoxVDhsd"
"ALEXANDERS INC (ALX) 10-Q for Q3, 2022","210 ROUTE 4 EAST,PARAMUS,NJ,07652","https://auditchain.finance/analysis/QmVRSrWWfBCAP4N4RphjWCndcQaQG2e66zeT2vrKfycXLf"
"ALEXANDERS INC (ALX) 10-Q for Q3, 2022","210 ROUTE 4 EAST,PARAMUS,NJ,07652","https://auditchain.finance/analysis/QmRJX1THR43fsLvdEwWCuLFc2espVyzvXiVAUGWwuYRTjX"
"ALIGN TECHNOLOGY, INC. (ALGN) 10-Q for Q3, 2022","410 NORTH SCOTTSDALE ROAD, SUITE 1300,TEMPE,AZ,85288","https://auditchain.finance/analysis/QmfEU1qVXcEc4dbdphmLxPAQw2oXsfoLqFwFD21CDf68ux"
"Brighthouse Financial, Inc. (BHF) 10-Q for Q3, 2022","11225 N COMMUNITY HOUSE ROAD,CHARLOTTE,NC,28277","https://auditchain.finance/analysis/QmQwsciigrvUUiBSVmvoHStVRM2v1DRxmzsb5a7VNRDXTN"
"Global Diversified Marketing Group Inc. () 10-Q for Q3, 2022","4042 AUSTIN BOULEVARD,ISLAND PARK,NY,11558","https://auditchain.finance/analysis/QmQNHYKSt25pKsU4zRCY8zKvJs5hWqWUtkaf94ypC5ZW59"
"THE ALKALINE WATER COMPANY INC. (WTER) 10-Q for Q2, 2023","8541 E ANDERSON DRIVE,SCOTTSDALE,AZ,85255","https://auditchain.finance/analysis/Qmc86YXecbMGDhgLTSykMhMMZvZcaMNA9h8RPzYJ5mtLAh"
"BROADSTONE NET LEASE, INC. (BNL) 10-Q for Q3, 2022","800 CLINTON SQUARE,Rochester,NY,14604","https://auditchain.finance/analysis/QmRkK6VSbGJYzmY2DSW9vTFVfeK6cCoA2EJcsKoYZvpaTa"
"ARMATA PHARMACEUTICALS, INC. (ARMP) 10-Q for Q3, 2022","4503 GLENCOE AVENUE,MARINA DEL REY,CA,90292","https://auditchain.finance/analysis/QmXJV7h2oMQUfNp8vxZS3gJDuaXGaQwMcjM3jmrZ8DcKLU"
"REZOLUTE, INC. (RZLT) 10-Q for Q1, 2023","275 SHORELINE DRIVE, SUITE 500,REDWOOD CITY,CA,94065","https://auditchain.finance/analysis/QmQn7Ng8M1JJ5WhZCcZqkxsNvSmP1sNvTqNBGWXXFtotDo"
"ChampionX Corp (CHX) 10-Q for Q3, 2022","2445 TECHNOLOGY FOREST BLVD,THE WOODLANDS,TX,77381","https://auditchain.finance/analysis/QmWDZuPzNcdTvh8CVNBxV4S1eSbYByUa8qU1SLJzg982F1"
"REZOLUTE, INC. (RZLT) 10-Q for Q1, 2023","275 SHORELINE DRIVE, SUITE 500,REDWOOD CITY,CA,94065","https://auditchain.finance/analysis/QmZ7ozqYt7no53sQ8s7nyowmH1bwPAjbArAC4YctEfbRUf"
"APPLE HOSPITALITY REIT, INC. (APLE) 10-Q for Q3, 2022","814 EAST MAIN STREET,RICHMOND,VA,23219","https://auditchain.finance/analysis/QmZw3QU7A8Dz9T7DZ6LmSQ5HYFV4PZZTuQxE7SJpmPsWFy"
"Archrock, Inc. (AROC) 10-Q for Q3, 2022","9807 KATY FREEWAY,HOUSTON,TX,77024","https://auditchain.finance/analysis/QmZG1gAmSgKJK3X8cvsXP1z2Y5fwyQDWE6XNDssN3VYfdq"
"Arcosa, Inc. (ACA) 10-Q for Q3, 2022","500 N. AKARD SREET,DALLAS,TX,75201","https://auditchain.finance/analysis/QmQMH1yY8gQiBTWZF4LhkGnKPdJyhkFuFVzX84qhKE22oy"
"ARES COMMERCIAL REAL ESTATE CORPORATION (ACRE) 10-Q for Q3, 2022","245 PARK AVENUE,NEW YORK,NY,10167","https://auditchain.finance/analysis/QmT57w9qQvXn9MicR6ZMj7K9ARByRN65rte5bREGgrLhLE"
"ARDELYX, INC. (ARDX) 10-Q for Q3, 2022","34175 ARDENWOOD BLVD.,FREMONT,CA,94555","https://auditchain.finance/analysis/QmZLzWxhmhAn56sKYmJxp4qBri5AT5Lq36CXP7BNMgyBu6"
"Arista Networks, Inc. (ANET) 10-Q for Q3, 2022","5453 GREAT AMERICA PARKWAY,SANTA CLARA,CA,95054","https://auditchain.finance/analysis/QmVpZmX1FDU8T64wonqTufbT2Tu6QqH78J7B9McDv6gSrv"
"CONSOLIDATED WATER CO. LTD. (CWCO) 10-Q for Q3, 2022","REGATTA OFFICE PARK, WINDWARD THREE,,GRAND CAYMAN,E9,KY1-1102","https://auditchain.finance/analysis/QmUEay2GcFPb6ZGwBfJDSAwMfn45JB5Q2mGTRBnoCQUER3"
"ARMADA HOFFLER PROPERTIES, INC. (AHH) 10-Q for Q3, 2022","222 CENTRAL PARK AVENUE,VIRGINIA BEACH,VA,23462","https://auditchain.finance/analysis/QmcvvY1ucejCdAhX6KMbHjwtT2x3H9fANKSyyCSyv3KbRd"
"ARMOUR RESIDENTIAL REIT, INC. (ARR-PRC) 10-Q for Q3, 2022","3001 OCEAN DRIVE,VERO BEACH,FL,32963","https://auditchain.finance/analysis/QmXKpyL6ar53eiKrXJNYeuoxtXQZtZjbKHgnQLfN8pX5jg"
"Artisan Partners Asset Management Inc. (APAM) 10-Q for Q3, 2022","875 E. WISCONSIN AVENUE,MILWAUKEE,WI,53202","https://auditchain.finance/analysis/QmTag7SzQpRnn6YDtKkMvUBV2ajxVfVmmPUB7oa5yUUyPD"
"Blue Apron Holdings, Inc. (APRN) 10-Q for Q3, 2022","28 LIBERTY STREET,NEW YORK,NY,10005","https://auditchain.finance/analysis/QmR55N9SPeYKBe3v4PfNrhr71Gi4iLmAc8YCzEQaoEGepz"
"Ascent Solar Technologies, Inc. (ASTI) 10-Q for Q3, 2022","12300 GRANT STREET,THORNTON,CO,80241","https://auditchain.finance/analysis/QmVWBbPhkL2FsVaaphUWGdDukyjMcUSnqeFccLxRNJ7bgL"
"BOXLIGHT CORPORATION (BOXL) 10-Q for Q3, 2022","2750 PREMIERE PARKWAY,,DULUTH,GA,30097","https://auditchain.finance/analysis/QmS5ZSPPUjhqAG8PAWTyTtzA6UPbdsTE6MtcQodQaWMdzz"
"ATHENE HOLDING LTD (ATHPrA) 10-Q for Q3, 2022","SECOND FLOOR, WASHINGTON HOUSE,HAMILTON,D0,HM 11","https://auditchain.finance/analysis/QmSFPsWwSPUHZ23GLCU1auwT92wNfRojnhNmvbTLKkUs8M"
"Associated Capital Group, Inc.  (AC) 10-Q for Q3, 2022","191 MASON STREET,GREENWICH,CT,06830","https://auditchain.finance/analysis/QmWa86RkWhN9PYpbezmgWjCQM65ac9JMrHfV2sgAZqXNbn"
"ATLAS FINANCIAL HOLDINGS, INC. () 10-Q for Q3, 2022","953 AMERICAN LANE, 3RD FLOOR,SCHAUMBURG,IL,60173","https://auditchain.finance/analysis/QmTbDiyxzAWd9iqtVYAWAw84N8nrs3ZvZAcQxEPTsmBTgd"
"AtriCure, Inc. (ATRC) 10-Q for Q3, 2022","7555 INNOVATION WAY,MASON,OH,45040","https://auditchain.finance/analysis/QmNRVQnY2eSrmWvRLAQGzJkmJqM3UhxZ9J8vhVxdGNrzGE"
"AVADEL PHARMACEUTICALS PLC (AVDL) 10-Q for Q3, 2022","BLOCK 10-1 BLANCHARDSTOWN CORPORATE PARK,DUBLIN,L2,15","https://auditchain.finance/analysis/QmYw8F4H31qqyq7ftoADAttchQghpfwBJqGy22nu5g5uFJ"
"Avid Technology, Inc. (AVID) 10-Q for Q3, 2022","75 NETWORK DRIVE,BURLINGTON,MA,01803","https://auditchain.finance/analysis/QmavXedM55FZMSYfC3YTvSZbWZ3p9oMm7y6SMgNWAejRTm"
"Organogenesis Holdings Inc. (ORGO) 10-Q for Q3, 2022","85 DAN ROAD,CANTON,MA,02021","https://auditchain.finance/analysis/Qmaxvqt9ncnXZKaMrQnZE8FWQN3AeNNWyZ2YutVDKPBXyP"
"B&G FOODS, INC. (BGS) 10-Q for Q3, 2022","FOUR GATEHALL DRIVE,PARSIPPANY,NJ,07054","https://auditchain.finance/analysis/QmV4aeq5HGyfW79iP6GYgXWe7XZmiJf3BF1pA96jACX8DV"
"B. RILEY FINANCIAL, INC. (RILY) 10-Q for Q3, 2022","11100 SANTA MONICA BLVD,LOS ANGELES,CA,90025","https://auditchain.finance/analysis/QmVp6Pm3hVigs8fvsuQboNFiCAd5zQUnZcQc4wwwS6JT2o"
"CO-DIAGNOSTICS, INC. (CODX) 10-Q for Q3, 2022","4049 SOUTH HIGHLAND DRIVE,SALT LAKE CITY,UT,84124","https://auditchain.finance/analysis/Qmc6iDGtkC8yfGKGK38xDzGELh29fngttNi81ScojnQJgq"
"BABCOCK & WILCOX ENTERPRISES, INC (BW) 10-Q for Q3, 2022","1200 E. MARKET STREET, SUITE 650,AKRON,OH,44305","https://auditchain.finance/analysis/QmPCAGpQRUTxSYfqvvAHyxVmV8TmJgaBw4NfNt1tjAcpcN"
"BALLANTYNE STRONG, INC. (BTN) 10-Q for Q3, 2022","4201 CONGRESS STREET,CHARLOTTE,NC,28209","https://auditchain.finance/analysis/QmPihxysZ9Xy1kMSmv27cnR1yv6Uu2FyzHaYzNBDkc2Q2z"
"Cars.com Inc. (CARS) 10-Q for Q3, 2022","300 S. RIVERSIDE PLAZA,CHICAGO,IL,60606","https://auditchain.finance/analysis/QmPY6cSwTyCzjFvmeM9fh33k2Mwm1m9YpQ5cRxj54x1FXe"
"BANK OF HAWAII CORPORATION (BOH) 10-Q for Q3, 2022","130 MERCHANT STREET,HONOLULU,HI,96813","https://auditchain.finance/analysis/QmRiFLZoGErBFVtir5JYQcDEUiFDJwrAbbDLMFqG9GXYzw"
"BANK OF THE JAMES FINANCIAL GROUP, INC. (BOTJ) 10-Q for Q3, 2022","P O BOX 1200,LYNCHBURG,VA,24505","https://auditchain.finance/analysis/QmeUExdNmXbPb4mqAqKbsp67ThUSkoK1VE3gWjbTVawUsW"
"BARFRESH FOOD GROUP INC. (BRFH) 10-Q for Q3, 2022","3600 WILSHIRE SUITE 1720,LOS ANGELES,CA,90005","https://auditchain.finance/analysis/QmTJ1WjoV354SjukVTJWe1hZ7q21JyPTpoAiW6RuDqFrfk"
"BAXTER INTERNATIONAL INC. (BAX (NYSE)) 10-Q for Q3, 2022","ONE BAXTER PKWY,DEERFIELD,IL,60015","https://auditchain.finance/analysis/QmNmja6PYDrA2KWaVYVwaYAqUCPpT2T21XpMewXL1cY87p"
"BCB Bancorp, Inc. (BCBP) 10-Q for Q3, 2022","104-110 AVENUE C,BAYONNE,NJ,07002","https://auditchain.finance/analysis/QmcgQ6KNSbEcsXXXeko9LA2fo2ib6UnSQCMU7U9PNzbSRA"
"BEACON ROOFING SUPPLY, INC. (BECN) 10-Q for Q3, 2022","505 HUNTMAR PARK DRIVE,HERNDON,VA,20170","https://auditchain.finance/analysis/QmbazB6zkeNkmB7vk4VrLMayiALrshMaspam3tCBpctVp1"
"BED BATH & BEYOND INC (BBBY) 10-Q for Q2, 2022","650 LIBERTY AVENUE,UNION,NJ,07083","https://auditchain.finance/analysis/QmUtAgxiQcTR2WbDsNrAU6BrwGfyBqeYY3NwWsAe7NPHot"
"W. R. BERKLEY CORP (WRB) 10-Q for Q3, 2022","475 STEAMBOAT ROAD,GREENWICH,CT,06830","https://auditchain.finance/analysis/QmRWxv5po2nzqeuQBw5rQovkZ35kpXsWdKEJjKqpGyPrVW"
"BGC Partners, Inc. (BGCP) 10-Q for Q3, 2022","499 PARK AVENUE,NEW YORK,NY,10022","https://auditchain.finance/analysis/QmXyTSZ37Jp1GCsKtYi2WJr3pnjYH8dkLPtCzuKiaguuPU"
"BIO-RAD LABORATORIES, INC. (BIO) 10-Q for Q3, 2022","1000 ALFRED NOBEL DRIVE,HERCULES,CA,94547","https://auditchain.finance/analysis/QmUTFWebpTbTTSgfoA1d1Lkiw4qtnXMZbmmbNvHfJsMzz2"
"JOUNCE THERAPEUTICS, INC. (JNCE) 10-Q for Q3, 2022","780 MEMORIAL DRIVE,CAMBRIDGE,MA,02139","https://auditchain.finance/analysis/QmTYtbbFBf4HyABvkwfKjHn3b9McwiZii6zX7a4wB3KMiX"
"BIOFORCE NANOSCIENCES HOLDINGS, INC. (NONE) 10-Q for Q3, 2022","2020 GENERAL BOOTH BLVD,VIRGINIA BEACH,VA,23454","https://auditchain.finance/analysis/QmeY4Rz59M5GanXEiMv4nCZrW3NhFmA9EiZEQctKbigr8c"
"BIOLARGO, INC. (BLGO) 10-Q for Q3, 2022","14921 CHESTNUT ST.,WESTMINSTER,CA,92683","https://auditchain.finance/analysis/QmcUzpJ1RK7fKEo84YztVCNPYZDuwYN9Bjrw2i2aoZRvoE"
"Bion Environmental Technologies, Inc (BNET) 10-Q for Q1, 2023","PO BOX 323,OLD BETHPAGE,NY,11804","https://auditchain.finance/analysis/QmPTWDFquDDZuLb2DJcHX383Xjixvym5nqnkLaDUmcXtGS"
"BIOSIG TECHNOLOGIES, INC. (BSGM) 10-Q for Q3, 2022","55 GREENS FARMS ROAD,WESTPORT,CT,06880","https://auditchain.finance/analysis/QmVPUyKAEpwgeQdSpZodwz4Xm7dCfwva2jf54kh93uVBTv"
"Lineage Cell Therapeutics, Inc. (LCTX) 10-Q for Q3, 2022","2173 SALK AVENUE,CARLSBAD,CA,92008","https://auditchain.finance/analysis/QmWYACQWVZBpk5gQR7vGZVAZSaWEoag86gjE9xhCjp7dK1"
"BIOVIE INC. (BIVI) 10-Q for Q1, 2022","680 W NYE LANE,CARSON CITY,NV,89703","https://auditchain.finance/analysis/QmNTyQfjYotRvpGhRyuUhkdemvQvYuLbT9Ef8Nqnwq8GpY"
"180 LIFE SCIENCES CORP (ATNF) 10-Q for Q3, 2022","3000 EL CAMINO REAL,PALO ALTO,CA,94306","https://auditchain.finance/analysis/QmQ1BwpxQ5UbtPGzWpF1L9V17uoro4RgxwHcEjJx1LLW6s"
"BJ’S RESTAURANTS, INC. (BJRI) 10-Q for Q3, 2022","7755 CENTER AVENUE,HUNTINGTON BEACH,CA,92647","https://auditchain.finance/analysis/QmdhguJ1wNS9nPm7dY1javHRPdC54wvcGiNesYY8Z6YBsj"
"Black Hills Power, Inc. () 10-Q for Q3, 2020","7001 MT RUSHMORE RD,RAPID CITY,SD,57709","https://auditchain.finance/analysis/Qmf2T9SirfwQDEKn8wgFe6ohFSSTfkVdmYwcvY9zfV1fSd"
"BLACKBOXSTOCKS INC. (BLBX) 10-Q for Q3, 2022","5430 LBJ FREEWAY,DALLAS,TX,75240","https://auditchain.finance/analysis/Qmd2obYV8vDAZ1akAYCFuduJTgNRRMPqPwfVP6ZD1kEe69"
"Energy Resources 12, L.P. () 10-Q for Q3, 2022","814 EAST MAIN ST.,RICHMOND,VA,23219","https://auditchain.finance/analysis/QmTxE3v6oEDraz51JEkWNzKK2ikVmrSN7MTkNb4JMzdNGg"
"Emerald Holding, Inc. (EEX) 10-Q for Q3, 2022","31910 DEL OBISPO STREET,SAN JUAN CAPISTRANO,CA,92675","https://auditchain.finance/analysis/QmZsipXQe6tKA1d6cWa3FHjCDByJ4u24SzPEWAzP6Lkapq"
"Esquire Financial Holdings, Inc. (ESQ) 10-Q for Q3, 2022","100 JERICHO QUADRANGLE,JERICHO,NY,11753","https://auditchain.finance/analysis/QmRZvS3J2QW1qS8FRsY1rHwQyBrmhaYt1Rjmhe3JtxPuSg"
"Farmers & Merchants Bancshares, Inc. () 10-Q for Q3, 2022","4510 LOWER BECKLEYSVILLE ROAD,HAMPSTEAD,MD,21074","https://auditchain.finance/analysis/QmdLcmUgbjFUW9KwUA9A1uregqHsB2cnnrnmgfkvwJZXcA"
"INTERNATIONAL MONEY EXPRESS, INC. (IMXI) 10-Q for Q3, 2022","9480 S. DIXIE HIGHWAY,MIAMI,FL,33156","https://auditchain.finance/analysis/QmcdiDtHNcWzayBXHATCn21SdtEpYsoqkoESxP9yUAWX4F"
"Floor & Decor Holdings, Inc. (FND) 10-Q for Q3, 2022","2500 WINDY RIDGE PARKWAY, SE,ATLANTA,GA,30339","https://auditchain.finance/analysis/QmcfrccigQFbpAsbySVE9TJnTnfvwjsHhSWPhYDsPGbyHa"
"VERRA MOBILITY CORPORATION (VRRM) 10-Q for Q3, 2022","1150 N. ALMA SCHOOL ROAD,MESA,AZ,85201","https://auditchain.finance/analysis/QmW89DWWynUCZgeP7EiChruRE4o2W98ZqvbTBvguYYUA4U"
"HAMILTON LANE INC (HLNE) 10-Q for Q2, 2023","110 WASHINGTON STREET,CONSHOHOCKEN,PA,19428","https://auditchain.finance/analysis/QmPVGfU4t9NJNHpDJKECokHWn6zzh8hQ4tzCv3u6qGToNB"
"BOSTON OMAHA Corp  (BOC) 10-Q for Q3, 2022","1601 DODGE STREET,OMAHA,NE,68102","https://auditchain.finance/analysis/QmajnV7QxEDxZnpTTveS1tzHXwZ5Mcq37sJ3MicH9tyh39"
"BRADY CORP (BRC) 10-Q for Q1, 2023","6555 W GOOD HOPE RD,MILWAUKEE,WI,53201-0571","https://auditchain.finance/analysis/QmPCC9utay1pnFdkEHxnQxjfKJNgjRTnEw46bag24VB9ei"
"HealthLynked Corp () 10-Q for Q3, 2022","1265 CREEKSIDE PARKWAY,NAPLES,FL,34108","https://auditchain.finance/analysis/QmPk23h1trdjuLvrpFmYujxJ5j47WiRLfSKPkokAY67PZc"
"BRIGHT HORIZONS FAMILY SOLUTIONS INC. (BFAM) 10-Q for Q3, 2022","2 WELLS AVENUE,NEWTON,MA,02459","https://auditchain.finance/analysis/QmRNtMjuaQbBc53PJ5p9d6K36FzGq87hxUGNC3Y7VKXQSi"
"BRISTOL-MYERS SQUIBB COMPANY (BMY) 10-Q for Q3, 2022","430 E. 29TH STREET,NEW YORK,NY,10016","https://auditchain.finance/analysis/Qmegg1Qzdi2AbhwyxN5CbjgC5JHeSKhtCj15VhiwsVHdx6"
"BROOKLINE BANCORP INC (BRKL) 10-Q for Q3, 2022","131 CLARENDON STREET,BOSTON,MA,02116","https://auditchain.finance/analysis/QmQAbwuskQwGtpBTDR8XZhb8TRTMS7wbu1gPQ2z8HVozAW"
"BROADWIND, INC. (BWEN) 10-Q for Q3, 2022","3240 S. CENTRAL AVENUE,CICERO,IL,60804","https://auditchain.finance/analysis/QmaeNp648uNLmsN71knEYcs1pGwGG4nMt3YUqeRPzhKW8G"
"Brunswick Corporation (BC) 10-Q for Q3, 2022","26125 N. RIVERWOODS BLVD. SUITE 500,METTAWA,IL,60045-3420","https://auditchain.finance/analysis/QmdNdxMRfPaQNPUnYkJLDMG964rxeQk713viqimz6XSbHt"
"ICHOR HOLDINGS, LTD. (ICHR) 10-Q for Q3, 2022","3185 LAURELVIEW CT.,FREMONT,CA,94538","https://auditchain.finance/analysis/QmVsWsqN7wMKd1o6qDs1ttJiwkPMyBu79mENkoAzD6t8Zu"
"MOVEIX INC () 10-Q for Q3, 2022","4800 N SCOTTSDALE RD,SCOTTSDALE,AZ,85251","https://auditchain.finance/analysis/QmdMn2fKok7DUCx8p2U5TjoE2QpHk2xqWYm4mCzwZ68RNq"
"BURLINGTON NORTHERN SANTA FE, LLC () 10-Q for Q3, 2022","2650 LOU MENK DR,FT WORTH,TX,76131-2830","https://auditchain.finance/analysis/QmRp5iMYsUmv1aesJKNLJcRdBdK11fWDfCRz6eWgWRvAja"
"Marijuana Co of America, Inc. () 10-Q for Q3, 2022","633 W. 5TH STREET,LOS ANGELES,CA,90071","https://auditchain.finance/analysis/QmUt28bZW5N3PV2xMH9ZVCtn4Uc2Dewtt2gTBkktSDrh59"
"BURZYNSKI RESEARCH INSTITUTE INC (BZYR) 10-Q for Q2, 2023","12000 RICHMOND AVE,HOUSTON,TX,77082","https://auditchain.finance/analysis/QmX6BpT2Me117VEvommi8Fc9BxrPZkGSMNAQS8ApeJxyJJ"
"EXICURE, INC. (XCUR) 10-Q for Q3, 2022","2430 N. HALSTED ST.,CHICAGO,IL,60614","https://auditchain.finance/analysis/QmNigR4SFxcRfcr2b9t7V9xdqQNmap8bzo3nxG1ZoE4t9Q"
"ALPINE AUTO BROKERS INC. () 10-Q for Q3, 2022","749 SOUTH STATE STREET,SALT LAKE CITY,UT,84111","https://auditchain.finance/analysis/QmPs3qBNdMn7faKZGa9XE1CsV8zweEybwzcaQFAGt6jbVB"
"Mersana Therapeutics, Inc. (MRSN) 10-Q for Q3, 2022","840 MEMORIAL DRIVE,CAMBRIDGE,MA,02139","https://auditchain.finance/analysis/QmNrwNihP4QApPia78ZBBtDyLUPJkiiGDJ4vPmMSrJvt99"
"BANDWIDTH INC. (BAND) 10-Q for Q3, 2022","900 MAIN CAMPUS DRIVE,RALEIGH,NC,27606","https://auditchain.finance/analysis/QmdLHcwcqXinzhGMeMmwBr5jDMENWM2FYCShDJQRZLGNtk"
"NCS Multistage Holdings, Inc. (NCSM) 10-Q for Q3, 2022","19350 STATE HIGHWAY 249,HOUSTON,TX,77070","https://auditchain.finance/analysis/QmQa9DG6E177uwYZ2vXuLsquG3tuQ78sqaFyuzGydu3yja"
"Bank of Marin Bancorp (BMRC) 10-Q for Q3, 2022","504 REDWOOD BOULEVARD, SUITE 100,NOVATO,CA,94947","https://auditchain.finance/analysis/QmcvgTgoL4rvBo5ciAhWfKzSvhhGpsj9zuKRqeLjayJGin"
"NI HOLDINGS, INC. (NODK) 10-Q for Q3, 2022","1101 FIRST AVENUE NORTH,FARGO,ND,58102","https://auditchain.finance/analysis/QmWHUcrMsdsWtZ22UTjF5z9CfyAR4kXGkqCreg3FcFEuQS"
"Bank7 Corp. (BSVN) 10-Q for Q3, 2022","1039 NW 63RD STREET,OKLAHOMA CITY,OK,73116","https://auditchain.finance/analysis/QmP7n1Dvpsrw7Tvi8NKzqTUgnzJ8VpXSJieu6uFQtYTJzS"
"BankGuam Holding Company (BKGM) 10-Q for Q3, 2022","111 CHALAN SANTO PAPA,HAGATNA,GU,96932","https://auditchain.finance/analysis/QmPhax9WZrxRge37LFd7MJzG4CfbB3TYiAD1xYP3rjdEgW"
"Baynon International Corp. () 10-Q for Q3, 2020","266 CEDAR STREET,CEDAR GROVE,NJ,07009","https://auditchain.finance/analysis/QmeDo3zUsrzeHBUFqwhREsP4sUUWQZHmwetR6dBgdy8qv5"
"BEIGENE, LTD. (BGNE) 10-Q for Q3, 2022","C/O MOURANT GOVERNANCE SERVICES (CAYMAN),GRAND CAYMAN,E9,KY1-1108","https://auditchain.finance/analysis/QmSnUef6AiQyDCK2id428tb2Pb9ZeAiuoTMbWawc5DSRnn"
"Bellerophon Therapeutics, Inc (BLPH) 10-Q for Q3, 2022","184 LIBERTY CORNER ROAD, SUITE 302,WARREN,NJ,07059","https://auditchain.finance/analysis/QmXGWiknkhxM6kdGxDP9QTiYBze23jkXcjjn2n8JyKKzpw"
"Park Hotels & Resorts Inc. (PK) 10-Q for Q3, 2022","1775 TYSONS BLVD,TYSONS,VA,22102","https://auditchain.finance/analysis/QmYgSU5PNrxzwNG3NWeTeBV9cVfhz1SSSEJ9QSHD1odJsg"
"NRX Pharmaceuticals, Inc. (NRXP) 10-Q for Q3, 2022","1201 ORANGE STREET,WILMINGTON,DE,19801","https://auditchain.finance/analysis/QmZyNY88Nx13VrGrG7oSPw8RiDhRmfQp4uek9CafFUdKJg"
"Bimini Capital Management, Inc. () 10-Q for Q3, 2022","3305 FLAMINGO DRIVE,VERO BEACH,FL,32963","https://auditchain.finance/analysis/QmYaao5ET83W8wVyYM62mJRNTBKJAm26qUtiXXb8xpoD97"
"Playa Hotels & Resorts N.V. (PLYA) 10-Q for Q3, 2022","NIEUWEZIJDS VOORBURGWAL 104,AMSTERDAM,P7,1012 SG","https://auditchain.finance/analysis/QmSVaEB2zYvsJ63nSW37ayWj5zGNyH65RTcGLBhWkgt6wp"
"BioCardia, Inc (BCDA) 10-Q for Q3, 2022","125 SHOREWAY ROAD,SAN CARLOS,CA,94070","https://auditchain.finance/analysis/QmdBz6joULeSa1ys3sBTcSiPG47Xzu3tzwzkLF7JYAY2sM"
"POLAR POWER, INC. (POLA) 10-Q for Q3, 2022","249 E. GARDENA BOULEVARD,GARDENA,CA,90248","https://auditchain.finance/analysis/QmYY6rgdnSD5iiDoWu6aNBFZBr5W6GkTC8124iQakQ3YGW"
"NEWHYDROGEN, INC. () 10-Q for Q3, 2022","27936 Lost Canyon Road,Santa Clarita,CA,91387","https://auditchain.finance/analysis/QmTQRfvgNFMrJavzv9WYqYaHUFX3Dr7gsBZzSPiQvZkdfc"
"BioTelemetry, Inc. (BEAT) 10-Q for Q3, 2020","1000 CEDAR HOLLOW ROAD,MALVERN,PA,19355","https://auditchain.finance/analysis/QmVKLZKmhfhHZQK1QYgNqRFk33SRLN7CFDcGmAB1RtEvea"
"BIOSTAGE, INC. () 10-Q for Q3, 2022","84 OCTOBER HILL ROAD,HOLLISTON,MA,01746","https://auditchain.finance/analysis/QmRN7zE69oePAwy6oi7HTWFRDMgizHLS3cxMVLqJzWw4Ep"
"Sachem Capital Corp. (SACH) 10-Q for Q3, 2022","698 MAIN STREET,BRANFORD,CT,06405","https://auditchain.finance/analysis/QmVr7DUY9LGvC2Ema4LZBp6XvQLQhkEJ6MQMDmuXoDCk87"
"SEACOR Marine Holdings Inc. (SMHI) 10-Q for Q3, 2022","12121 WICKCHESTER LANE,HOUSTON,TX,77079","https://auditchain.finance/analysis/QmNgq8SXBg4tYzyNyDsYNcijf55w186JDLtP3sRCFFTwyV"
"WideOpenWest, Inc. (WOW) 10-Q for Q3, 2022","7887 EAST BELLEVIEW AVENUE, SUITE 1000,ENGLEWOOD,CO,80111","https://auditchain.finance/analysis/QmUPUaBn6qiax8KqR5y2GsvVG2SkEumuSN5xbiFfSZtdrE"
"Apple Inc. (AAPL) 10-K for FY, 2019","ONE APPLE PARK WAY,CUPERTINO,CA,95014","https://auditchain.finance/analysis/Qmdus68YpytJ3gPYEiBvhamw6qRzJMv1273aH5ctaErjpW"
"SUNRISE REAL ESTATE GROUP, INC. (srre) 10-Q for Q3, 2022","SUITE 1502,SHANGHAI,F4,-","https://auditchain.finance/analysis/Qmf1edLbK2xcFRwX4W23TrG12Uv6vnsWjVH6U96wAg9eCB"
"Southwest Gas Holdings, Inc. (SWX) 10-Q for Q3, 2022","C/O SOUTHWEST GAS CORPORATION,LAS VEGAS,NV,89113","https://auditchain.finance/analysis/QmcbJZPpWfJ1JLbd9Mjza3e2DTX2PiPeDuWRUyYniZvFZu"
"Accel Entertainment, Inc. (ACEL) 10-Q for Q3, 2022","140 TOWER DRIVE,BURR RIDGE,IL,60527","https://auditchain.finance/analysis/QmebGRgrrJo1hFzmWC2ssqGLRn2ixvPfGzfxjKG7jUyUy1"
"SUSGLOBAL ENERGY CORP. () 10-Q for Q3, 2022","200 DAVENPORT ROAD,TORONTO,A6,M5R 1J2","https://auditchain.finance/analysis/Qmf2jHigzR9AUpjnMDRvqpu9gb54f4pdN7p6f4s6WekwKP"
"FORTE BIOSCIENCES, INC. (FBRX) 10-Q for Q3, 2022","3060 PEGASUS PARK DRIVE,DALLAS,TX,75247","https://auditchain.finance/analysis/QmPMtMZdaD9jHWNccPnQRNxo46C2CXWL65otVirGDL5ie7"
"ALTAIR ENGINEERING INC. (ALTR) 10-Q for Q3, 2022","1820 E. BIG BEAVER ROAD,TROY,MI,48083","https://auditchain.finance/analysis/QmZCGuKV17hNL9tedpkWHphojsSxDkzyJFhRRY74ZyF67J"
"PETRO USA, INC. () 10-Q for Q1, 2023","7325 OSWEGO ROAD,LIVERPOOL,NY,13090","https://auditchain.finance/analysis/QmYDVNnxAjyo1nJF16HrygT5EgyKFgorAahTCuoss6ExVY"
"APELLIS PHARMACEUTICALS, INC. (APLS) 10-Q for Q3, 2022","100 FIFTH AVENUE,WALTHAM,MA,02451","https://auditchain.finance/analysis/QmNtxQZ7yyB7M1JQ7GnkpLM8PK1kXFyjUhUtGuDr72Fopm"
"Arcimoto Inc (FUV) 10-Q for Q3, 2022","2034 WEST 2ND AVENUE,EUGENE,OR,97402","https://auditchain.finance/analysis/QmRSsHqyoDpFzv8hM4qoxZ9WmKA8HwU2ZcZLiezKuaWgPq"
"Vistra Corp. (VST) 10-Q for Q3, 2022","6555 SIERRA DRIVE,IRVING,TX,75039","https://auditchain.finance/analysis/QmP8qEmrsTX2KzzmHAtyWJnASW7mfB75WgMUuL63pYUZ4d"
"COMSCORE, INC. (SCOR) 10-Q for Q3, 2022","11950 DEMOCRACY DRIVE,RESTON,VA,20190","https://auditchain.finance/analysis/Qmej9YR8K4uruocaxocFuVGFc9H4aU9Q9mhUUq8xpeLAb1"
"CANNAE HOLDINGS, INC. (CNNE) 10-Q for Q3, 2022","C/O CANNAE HOLDINGS, INC.,LAS VEGAS,NV,89134","https://auditchain.finance/analysis/QmVQ2esWFiujAQFYdf3sxdiuSFTY5GKWmWzDHkJDvMFNHj"
"Stellar Bancorp, Inc. (STEL) 10-Q for Q3, 2022","9 GREENWAY PLAZA, SUITE 110,HOUSTON,TX,77046","https://auditchain.finance/analysis/QmUrCKQRg6td4pnkgNTPHYM6EKygygt6ZVKJngKFAUQUQy"
"REBORN COFFEE, INC. (REBN) 10-Q for Q3, 2022","580 N. BERRY STREET,BREA,CA,92821","https://auditchain.finance/analysis/QmZGqeDWUPEiSpqDNwmdweczjPGP1m8PynQWtQBWshrYrn"
"CARGURUS, INC. (CARG) 10-Q for Q3, 2022","2 CANAL PARK,CAMBRIDGE,MA,02141","https://auditchain.finance/analysis/QmWe3si6MRBr6U17t9wWt5knU42DGtKbWjsEHV3S2PK6hv"
"CHICKEN SOUP FOR THE SOUL ENTERTAINMENT, INC. (CSSE) 10-Q/A for Q3, 2022","132 E. PUTNAM AVE,COS COB,CT,06807","https://auditchain.finance/analysis/QmeVWGUVs3Ws3atVGHYw3EkRfLfSd4nGyHXRpjrUNbovDi"
"Columbia Financial, Inc. (CLBK) 10-Q for Q3, 2022","19-01 ROUTE 208 NORTH,FAIR LAWN,NJ,07410","https://auditchain.finance/analysis/QmbVUjdvvR9Cupty7HvFSRULgGMYfVgGXWB1zrEsdmtQRb"
"DECIPHERA PHARMACEUTICALS, INC. (DCPH) 10-Q for Q3, 2022","200 SMITH STREET,WALTHAM,MA,02451","https://auditchain.finance/analysis/QmdPyNqZUA2zvvnBKTT5xEfAARrX7ayopNB6nm4G3iwWuX"
"DUPONT DE NEMOURS, INC. (DD) 10-Q for Q3, 2022","974 CENTRE ROAD,WILMINGTON,DE,19805","https://auditchain.finance/analysis/QmUUBcpz8yV6hPTFENkMtuitwYj2EnRY4qpSjhQjSwiQfr"
"ENBRIDGE INC. (ENB) 10-Q for Q3, 2022","200 425 - 1ST STREET SW,CALGARY,A0,T2P 3L8","https://auditchain.finance/analysis/QmWs6ZPZF3JFLbmPL2Sa7V3XuS2TyXuGw8ssfGKcBRZwJD"
"FORGE INNOVATION DEVELOPMENT CORP () 10-Q for Q3, 2022","17700 CASTLETON STREET, SUITE 469,CITY OF INDUSTRY,CA,91748","https://auditchain.finance/analysis/QmfCDxH2vatUMD1d54LDVX5FyFiis63gyoQ15ZocRKG4C1"
"fat Brands Inc. (FAT) 10-Q for Q3, 2022","9720 WILSHIRE BLVD.,,BEVERLY HILLS,CA,90212","https://auditchain.finance/analysis/QmW45M2jxisvWvfiNgkRELPqqVTWZytBHTiExDnRu9EVke"
"KALEYRA, INC. (KLR) 10-Q for Q3, 2022","17 STATE STREET,NEW YORK,NY,10004","https://auditchain.finance/analysis/QmQUw6N7tBPmgrSuB7eZFmNP6wPvXYYjsA8wdAJtDWewU8"
"THE GREATER CANNABIS COMPANY, INC. () 10-Q for Q3, 2022","15 WALKER AVE,,BALTIMORE,MD,21208","https://auditchain.finance/analysis/QmUszbcGvefwBN2CRUm6oVnN5t5ixvnkwuJAWxh4n9DD2k"
"Can B Corp. () 10-Q for Q3, 2022","960 SOUTH BROADWAY, SUITE 120,HICKSVILLE,NY,11801","https://auditchain.finance/analysis/QmZkRQ7BTiUPQhuLVS1Zh4sSbd8syrALWNas24v6dyHq8W"
"KALA PHARMACEUTICALS, INC. (KALA) 10-Q for Q3, 2022","1167 MASSACHUSETTS AVENUE,ARLINGTON,MA,02476","https://auditchain.finance/analysis/QmSTEU1QKmZ1JgphTHQvJBbMNzNoeeL5JCXAYgQS8gjorQ"
"Jerash Holdings (US), Inc. (JRSH) 10-Q for Q2, 2022","260 EAST MAIN STREET,ROCHESTER,NY,14604","https://auditchain.finance/analysis/QmQ3gys5eQqf27jvYRjeGYphFDGCHwchrfNBg2DwTQZ79Q"
"PrimeEnergy Resources Corporation (PNRG) 10-Q for Q3, 2022","9821 KATY FREEWAY,HOUSTON,TX,77024","https://auditchain.finance/analysis/QmPg6t8AfzT89g8PChPGM6QcxqitSynoULJgEWWDkdaEaa"
"PRO-DEX, INC. (PDEX) 10-Q for Q1, 2023","2361 MCGAW AVENUE,IRVINE,CA,92614","https://auditchain.finance/analysis/QmXnsfsWFohLX67RFZYnwGzv29caoxpXF8QvsvDg3XpkrS"
"PRINCIPAL FINANCIAL GROUP, INC (PFG) 10-Q for Q3, 2022","711 HIGH STREET,DES MOINES,IA,50392","https://auditchain.finance/analysis/QmSjBNdNeqh68EePj6KATkLrpzoFwZYHSji3tkyja5qfsp"
"PROCTER & GAMBLE CO (PG) 10-Q for Q1, 2023","ONE PROCTER & GAMBLE PLAZA,CINCINNATI,OH,45202","https://auditchain.finance/analysis/QmSr5bLR1wSswSptfebhdYYN64sLt8C7W1o8VsoZhnEB29"
"PROGRESSIVE CORP/OH/ (PGR) 10-Q for Q3, 2022","6300 WILSON MILLS RD,MAYFIELD VILLAGE,OH,44143","https://auditchain.finance/analysis/QmdfWwmd1y3AEs3pPhvbZSQy3AHe1U8uYyGTRsTFEPyCEk"
"Rapid Therapeutic Science Laboratories, Inc. () 10-Q for Q3, 2022","15800 DOOLEY RD.,ADDISON,TX,75001","https://auditchain.finance/analysis/QmXb75kXn4VQYdohfhxdpFd7BpRp9hXYSfsqYmQJg6iaVv"
"PRESTIGE CONSUMER HEALTHCARE INC. (PBH) 10-Q for Q2, 2023","660 WHITE PLAINS RD.,TARRYTOWN,NY,10591","https://auditchain.finance/analysis/QmX6dsZVN4pYLtGzEqEsxnnP16JnZK6mMcYtwC53QSFH8h"
"PROCYON CORP () 10-Q for Q1, 2023","1300 S HIGHLAND AVE,CLEARWATER,FL,33756","https://auditchain.finance/analysis/QmcLpqRTChsVX94FZTiNZcgAfepTgUf3gtotGaDf12sYLx"
"Primerica, Inc. (PRI) 10-Q for Q3, 2022","1 PRIMERICA PARKWAY,DULUTH,GA,30099","https://auditchain.finance/analysis/QmQMRMea59yampS7tqB5zBn7sMHQb9rLZ8AumHPedMj5D5"
"PROFIRE ENERGY, INC. (PFIE) 10-Q for Q3, 2022","321 SOUTH 1250 WEST, SUITE 1,LINDON,UT,84042","https://auditchain.finance/analysis/QmU5Kg3Yu4nfNt6RFcg6Ywy5SXpVyppgAcYC1oqjMZ148P"
"PROCYON CORP () 10-Q for Q1, 2023","1300 S HIGHLAND AVE,CLEARWATER,FL,33756","https://auditchain.finance/analysis/QmV3ztQbP46NUZUu18FckE5YuQNfd3DjiQBYtcVZqEKsjG"
"PROFIRE ENERGY, INC. (PFIE) 10-Q for Q3, 2022","321 SOUTH 1250 WEST, SUITE 1,LINDON,UT,84042","https://auditchain.finance/analysis/QmZ1C7ruKbMz3XBgZ48eK5s1ZLeDnSMPTkwTrrjcqxvH4Z"
"PROPANC BIOPHARMA, INC. () 10-Q for Q1, 2023","302/6 BUTLER STREET,CAMBERWELL, VICTORIA,C3,3124","https://auditchain.finance/analysis/QmcTufgqmmSQePcuVkg6jLkMLwRiDgoBzbdWGWqN33KRH6"
"PROSPERITY BANCSHARES, INC. (PB) 10-Q for Q3, 2022","4295 SAN FELIPE,HOUSTON,TX,77027","https://auditchain.finance/analysis/QmTs44ju9BFjDZS719u1Sx6j4TKpwXrqq5pNvkdrLPczmu"
"YUMANITY THERAPEUTICS, INC. (YMTX) 10-Q for Q3, 2022","40 GUEST STREET,BOSTON,MA,02135","https://auditchain.finance/analysis/Qmf2L52f226xTT96tSuXSnDgAHP2ytYxYz3Jg5YmSu9MCa"
"PROVECTUS BIOPHARMACEUTICALS, INC. () 10-Q for Q3, 2022","10025 INVESTMENT DRIVE,KNOXVILLE,TN,37932","https://auditchain.finance/analysis/QmUgHxGvYYVD5KqWz9fw4d6qK2tY6We8nZfykAgB7VGsSK"
"PROVIDENT FINANCIAL SERVICES, INC. (PFS) 10-Q for Q3, 2022","830 BERGEN AVENUE,JERSEY CITY,NJ,07306","https://auditchain.finance/analysis/QmWbALyVCy95qxEUZtcHxEhFaHa1njnFpkhomT8DrMEz79"
"PRUCO LIFE INSURANCE OF NEW JERSEY () 10-Q for Q3, 2022","213 WASHINGTON ST,NEWARK,NJ,07102","https://auditchain.finance/analysis/QmSELQnHkY1YPP2kCGdpGgCo3tY8ddu9gkMbN7CYdUraaF"
"FORTITUDE LIFE INSURANCE & ANNUITY CO () 10-Q for Q3, 2022","TEN EXCHANGE PLACE,JERSEY CITY,NJ,07302","https://auditchain.finance/analysis/QmZvSg9ZeZgfQbnyfrqyHrZ9U8BUJVvBVNbnknTiBVzoht"
"CONSUMERS BANCORP INC /OH/ () 10-Q for Q1, 2023","614 E LINCOLN WAY,MINERVA,OH,44657-2096","https://auditchain.finance/analysis/QmWyXEef26p7RXpVDFZCNbZgALKSJQthExut1ydXDHz8wP"
"PS BUSINESS PARKS, INC./MD (PSBPrX) 10-Q for Q3, 2022","701 WESTERN AVE,GLENDALE,CA,91201","https://auditchain.finance/analysis/QmdQkTZh8EFFdRRHEZcKNQdobcgbPweHi3rV28RF8meenh"
"EyePoint Pharmaceuticals, Inc. (EYPT) 10-Q for Q3, 2022","480 PLEASANT STREET,WATERTOWN,MA,02472","https://auditchain.finance/analysis/QmcxL5Z44ngAwTShoNnLa94SRVJPoAnbJPa8ixLwEvShzi"
"PTC Therapeutics, Inc. (PTCT) 10-Q for Q3, 2022","100 CORPORATE COURT,SOUTH PLAINFIELD,NJ,07080-2449","https://auditchain.finance/analysis/Qmf8mEXCtsMZTmGb3B6r2HZxT45ADx3NdkfV5QiTskeYwj"
"Public Service Enterprise Group Incorporated (PEG) 10-Q for Q3, 2022","CORPORATE ACCOUNTING SERVICES,NEWARK,NJ,07102-4194","https://auditchain.finance/analysis/QmeuKSUZbBiZvgmzmyFqE45EKpzhBw4TykkAD8Br2LdE32"
"PULTEGROUP INC/MI/ (PHM) 10-Q for Q3, 2022","3350 PEACHTREE ROAD NORTHEAST,ATLANTA,GA,30326","https://auditchain.finance/analysis/QmRGqs4W7Px914HmMyWAXzUnM6zCSaD1qYmW5VaMb9VNfA"
"CoStar Group, Inc. (CSGP) 10-Q for Q3, 2022","1331 L STREET, NW,WASHINGTON,DC,20005","https://auditchain.finance/analysis/Qme1hW63buwULvUtbVTTsGk4bGLwVTM7NgnRUqMivGTZtu"
"CoStar Group, Inc. (CSGP) 10-Q for Q3, 2022","1331 L STREET, NW,WASHINGTON,DC,20005","https://auditchain.finance/analysis/QmRVCpXSpHJwwxCqSxrfhHrzr7sk1RycaV2iyUGSDUThUD"
"COTY INC. (COTY) 10-Q for Q1, 2023","350 FIFTH AVENUE,NEW YORK,NY,10118","https://auditchain.finance/analysis/QmNPCWUSewB6NmoiPHSBcw8S5TERaSacDYva6AYj4D4RCP"
"COVENANT LOGISTICS GROUP, INC. (CVLG) 10-Q for Q3, 2022","400 BIRMINGHAM HIGHWAY,CHATTANOOGA,TN,37419","https://auditchain.finance/analysis/QmYe8iC7XWvYpth9AL4ZiQAKjKRo4fo9T27auSK496FW7p"
"Allied Esports Entertainment, Inc. (AESE) 10-Q for Q3, 2022","17877 VON KARMAN AVENUE, SUITE 300,IRVINE,CA,92614","https://auditchain.finance/analysis/QmVeBNGGE5fe8DkU1Hsw7sFF9vJtkshFGjMXxQXhRQPxad"
"LEET TECHNOLOGY INC. () 10-Q for Q3, 2022","805, 8TH FLOOR, MENARA MUTIARA MAJESTIC,SELANGOR,N8,46000","https://auditchain.finance/analysis/QmZyuoyNdhFByPJWQzQcJWQzwLufkLa94dPDermDr8Z95U"
"AXOS FINANCIAL, INC. (AX) 10-Q for Q1, 2023","9205 WEST RUSSELL ROAD,LAS VEGAS,NV,89148","https://auditchain.finance/analysis/QmRoFeq8sjZJSzWo7GKmp41WhgyA1tJNdY5z4G1gr7ps2X"
"NANOMIX CORPORATION (NNMX) 10-Q for Q3, 2022","354 MERRIMACK STREET,LAWRENCE,MA,01843","https://auditchain.finance/analysis/QmVCN3fPzhyDGzCUAxGbyU1H5AeHoEfckXZDVHfSBbXeAn"
"Booz Allen Hamilton Holding Corp (BAH) 10-Q for Q2, 2023","8283 GREENSBORO DRIVE,MCLEAN,VA,22102","https://auditchain.finance/analysis/QmcKKyL9TMh37ZW1KxSpGtyLwEQmL4NZgUEdVy2qFQdjSF"
"Bravo Multinational Inc. (BRVO) 10-Q for Q3, 2022","2020 GENERAL BOOTH BLVD  UNIT 230,VIRGINIA BEACH,VA,23454","https://auditchain.finance/analysis/QmQAf88gBgF5UqeEiQMnkE4LVMb4u3QKKD4FmvNH57tmPG"
"Brixmor Property Group Inc. (BRX) 10-Q for Q3, 2022","450 LEXINGTON AVENUE,NEW YORK,NY,10017","https://auditchain.finance/analysis/QmQo75pSt89jNTLhaDGs4GRk3pn2uswmPWTgHGZg4BCcQX"
"BROWNIE’S MARINE GROUP, INC. () 10-Q for Q3, 2022","3001 NW 25TH AVENUE,,POMPANO BEACH,FL,33069","https://auditchain.finance/analysis/QmTr3eKkD1Vpqc9sDuFpCxJTsBGAy4FTR1FqJfEpQygynQ"
"C & C TOURS, INC () 10-Q for Q3, 2022","2157 S. LINCOLN STREET,SALT LAKE CITY,UT,84106","https://auditchain.finance/analysis/QmZG8kCgXfGcM75ZQZovXeG18CVM4jqvACLimG8rQUj3mu"
"Business First Bancshares, Inc. (BFST) 10-Q for Q3, 2022","500 LAUREL STREET,BATON ROUGE,LA,70801","https://auditchain.finance/analysis/QmdTyYuY3HiATAiYs63yQFjVziWfTDqbvUjtqteyknhJsc"
"Byline Bancorp, Inc. (BY) 10-Q for Q3, 2022",",,,","https://auditchain.finance/analysis/QmcJVGxYuxbNQPQr6B6EWA9DgYBRKuzjgzSCKRQkk2zuS1"
"C & F FINANCIAL CORPORATION (CFFI) 10-Q for Q3, 2022","EIGHTH & MAIN STREETS,WEST POINT,VA,23181","https://auditchain.finance/analysis/QmWA4a9KneLBKyMMno9DpcmDGm89JpLjCzV1jHB54zeqcC"
"C.H. ROBINSON WORLDWIDE, INC. (CHRW) 10-Q for Q3, 2022","14701 CHARLSON ROAD,EDEN PRAIRIE,MN,55347","https://auditchain.finance/analysis/QmU8UxcNR3Y8e5K7vkMKv6AS6ErT7t6SVtL4QnqftfqpcB"
"LISATA THERAPEUTICS, INC. (LSTA) 10-Q for Q3, 2022","110 ALLEN ROAD,BASKING RIDGE,NJ,07920","https://auditchain.finance/analysis/QmXiSAYyS8gc7MB2azo65gm8HRejPjusA2ytiu4DFWXHfc"
"Callon Petroleum Co (CPE) 10-Q for Q3, 2022","2000 W SAM HOUSTON PARKWAY S,HOUSTON,TX,77042","https://auditchain.finance/analysis/QmaA5AYzhTDXZqgeXMVWb15GWfhmU1P4SSHTCJ7gsQKb9w"
"Calyxt, Inc. (CLXT) 10-Q for Q3, 2022","2800 MOUNT RIDGE ROAD,ROSEVILLE,MN,55113","https://auditchain.finance/analysis/QmbsyhRvCJXWBKRLinxyuqT5kqtvTfge4zvNz1phU9UshF"
"CANADIAN PACIFIC RAILWAY LTD/CN (CP) 10-Q for Q3, 2022","7550 OGDEN DALE ROAD S.E.,CALGARY ALBERTA,A0,T2C 4X9","https://auditchain.finance/analysis/QmT8yrL69cL6NmcGNAYw69B5hmY3gtAgFRf8aApNwVvHnt"
"CreditRiskMonitor.com, Inc. () 10-Q for Q3, 2022","704 EXECUTIVE BOULEVARD,VALLEY COTTAGE,NY,10989","https://auditchain.finance/analysis/QmUXW8pjkuTkS5sxreS3P7PXf8SHnn5gegiefRRkqm8kmC"
"CAMDEN NATIONAL CORP (CAC) 10-Q for Q3, 2022","TWO ELM ST,CAMDEN,ME,04843","https://auditchain.finance/analysis/QmQb7wMxbTz6qhVAYqoqudUNW343PTPxaQ1zcJki2nGQ4X"
"CAPITAL ONE FINANCIAL CORP (COF) 10-Q for Q3, 2022","1680 CAPITAL ONE DRIVE,MCLEAN,VA,22102","https://auditchain.finance/analysis/QmSuwXotzFZEfZQQx1iSCb14rqKFtwZqZmpdqxz92XLDzf"
"Sonida Senior Living, Inc. (SNDA) 10-Q for Q3, 2022","16301 QUORUM DRIVE,ADDISON,TX,75001","https://auditchain.finance/analysis/QmYVix22saSg52PeAgMY9emkLECX6rx7cUfKSEDJPBhMLQ"
"CAPSTAR FINANCIAL HOLDINGS, INC. (CSTR) 10-Q for Q3, 2022","1201 DEMONBREUN STREET, SUITE 700,NASHVILLE,TN,37203","https://auditchain.finance/analysis/QmfRFBaQ89dHsJYtdhdyBzDHGT6fAKaLC5i2vv8tiPoPHk"
"PERDOCEO EDUCATION CORP (PRDO) 10-Q for Q3, 2022","1750 E. GOLF ROAD,SCHAUMBURG,IL,60173","https://auditchain.finance/analysis/QmToZoSroHXZcf3PowKk2uxkDk9VPY6yHgwATXfFFVGu7y"
"CARTER’S, INC. (CRI) 10-Q for Q3, 2022","PHIPPS TOWER,ATLANTA,GA,30326","https://auditchain.finance/analysis/QmTXdnKUhgEXTztxBCow9bF1ajD3XwDTiDhj1ui4C1PKpg"
"CARVANA CO. (CVNA) 10-Q for Q3, 2022","300 E. RIO SALADO PARKWAY,TEMPE,AZ,85281","https://auditchain.finance/analysis/QmWAPUcFrb6S17vfnRr1nzGBtGAsRNR7QdrKkcpJoCAhc3"
"CASI PHARMACEUTICALS, INC. (CASI) 10-Q for Q3, 2022","9620 MEDICAL CENTER DR,ROCKVILLE,MD,20850","https://auditchain.finance/analysis/QmdDsRV51rfNza5S2u9nso8xSVmCJYmZx9yF2jWjChdYUJ"
"CATERPILLAR FINANCIAL SERVICES CORPORATION (CAT/24) 10-Q for Q3, 2022","2120 WEST END AVE,NASHVILLE,TN,37203","https://auditchain.finance/analysis/QmRRWxhcmtwXEtoUY59gTx7wLFhwUSKLNXh3RpyhqtfJ1N"
"Catalyst Biosciences, Inc. (CBIO) 10-Q for Q3, 2022","611 GATEWAY BLVD., SUITE 710,SOUTH SAN FRANCISCO,CA,94080","https://auditchain.finance/analysis/QmfPrykQ1rFGheHjrNp2zDYK2HjGQsKu3pWqbuGYtWujY2"
"CBIZ, Inc. (CBZ) 10-Q for Q3, 2022","6801 BRECKSVILLE ROAD,INDEPENDENCE,OH,44131","https://auditchain.finance/analysis/QmPfdY2WDWt9WkURSp2sPvzziYSzsPch9WYpsKoYGgAM9Z"
"Cboe Global Markets, Inc. (CBOE) 10-Q for Q3, 2022","433 WEST VAN BUREN STREET,CHICAGO,IL,60607","https://auditchain.finance/analysis/QmXMpKaqs3sEx2JbhJL54y5wGyFtb8nugLUoYcbzb6ARsw"
"CECO ENVIRONMENTAL CORP. (CECO) 10-Q for Q3, 2022","14651 NORTH DALLAS PARKWAY,DALLAS,TX,75254","https://auditchain.finance/analysis/QmeueSQiEnBK8XXRXCkPRYYjDyxtT6Dm84zU4mXHJcYu9f"
"THE CRYPTO COMPANY () 10-Q for Q3, 2022","23823 MALIBU ROAD,MALIBU,CA,90265","https://auditchain.finance/analysis/QmPB3K283FL7U4ZuqtFhsFeHttMcBsq52PvRXW5jgKtEUS"
"CenterPoint Energy, Inc. (CNP) 10-Q for Q3, 2022","1111 LOUISIANA ST.,HOUSTON,TX,77002","https://auditchain.finance/analysis/QmWTaAuBKFzkoCT2tnAKzguQVQ8CdNP2TfUBq9ZZpR9HD6"
"CENTRAL PACIFIC FINANCIAL CORP (CPF) 10-Q for Q3, 2022","220 S KING ST,HONOLULU,HI,96813","https://auditchain.finance/analysis/QmTK5Xo4gVbMiDxRZafeDFnDPNtbNnZDVPyt5snXmgMMtj"
"PROTALIX BIOTHERAPEUTICS, INC. (PLX) 10-Q for Q3, 2022","2 UNIVERSITY PLAZA,HACKENSACK,NJ,07601","https://auditchain.finance/analysis/QmQ53YUabamQ33FsrS6usc7Fz7tqHpaZXng4dNCK6WK7wh"
"Centrus Energy Corp. (LEU) 10-Q for Q3, 2022","6901 ROCKLEDGE DR,BETHESDA,MD,20817","https://auditchain.finance/analysis/QmWsJV54gcMiVhJVHzRWBxcMFUzFsg2kgDbHsBujzD9cD2"
"CERUS CORPORATION (CERS) 10-Q for Q3, 2022","1220 CONCORD AVENUE,CONCORD,CA,94520","https://auditchain.finance/analysis/QmRL6dRFYsh4jpzSufsbCDaZVsRkefXe7fARzSY6QLA5a2"
"Proto Labs Inc (PRLB) 10-Q for Q3, 2022","5540 Pioneer Creek,Maple Plain,MN,55359","https://auditchain.finance/analysis/QmYonybtDmREfX49k4h1PcFDkFMj81Q49a8CDWFbvLwgEF"
"PULMATRIX, INC. (PULM) 10-Q for Q3, 2022","99 HAYDEN AVENUE,LEXINGTON,MA,02421","https://auditchain.finance/analysis/QmfPCwhx6QYj2qHfShW9XQaDmaghmTvKka4q4KC6U4K7MU"
"Pulse Biosciences, Inc. (PLSE) 10-Q for Q3, 2022","3957 POINT EDEN WAY,HAYWARD,CA,94545","https://auditchain.finance/analysis/QmPv53nyjVCS4mLS3zP2RAQCcZFtSnqNT7MVn2yFpJKpEy"
"PZENA INVESTMENT MANAGEMENT, INC. (PZN) 10-Q for Q3, 2022","320 PARK AVENUE,NEW YORK,NY,10022","https://auditchain.finance/analysis/QmcfXdXjySn5DoRmTwUX1rtMwuXFqeKt5D5bEBNETSEkqi"
"ThermoGenesis Holdings, Inc. (THMO) 10-Q for Q3, 2022","2711 CITRUS ROAD,RANCHO CORDOVA,CA,95742","https://auditchain.finance/analysis/QmWRdqEZYpE8rfS2WMa3Wu47LKuNC5y43hiafdpA3h4idj"
"QCR HOLDINGS, INC. (QCRH) 10-Q for Q3, 2022","3551 7TH STREET,MOLINE,IL,61265","https://auditchain.finance/analysis/QmabZrFAJeixPZtL5o9oXV7otGCRsNYTtDSafmFjHVsWfY"
"QNB Corp. (QNBC) 10-Q for Q3, 2022","15 NORTH THIRD STREET,QUAKERTOWN,PA,18951-9005","https://auditchain.finance/analysis/QmU9w8U8zPVX6diUvD6hH5a3NWXGad28Y64VWHLq6EtpEc"
"QS ENERGY, INC. () 10-Q for Q3, 2022","3606 CHALLENGER WAY UNIT #1,CARSON CITY,NV,89706","https://auditchain.finance/analysis/QmdYhEZj9c3piPnpf56vhtjfdYA5pybtHpxaK2bNvXWgMo"
"ARTIVION, INC. (AORT) 10-Q for Q3, 2022","1655 ROBERTS BOULEVARD N W,KENNESAW,GA,30144","https://auditchain.finance/analysis/QmSGp45rFuGJzrShpARAYonFr4Csz3ZNVAPDoxAsVdmhTC"
"CSB BANCORP INC /OH (CSBB) 10-Q for Q3, 2022","91 NORTH CLAY ST,MILLERSBURG,OH,44654","https://auditchain.finance/analysis/QmVmsezRNsD7PA8tcKfCgH12DsFCJrmmp3Z8c7TZxJd524"
"CSW INDUSTRIALS, INC. (CSWI) 10-Q for Q2, 2023","5420 LYNDON B. JOHNSON FREEWAY,DALLAS,TX,75240","https://auditchain.finance/analysis/QmRxtkUmgNoWxeoMjrYUpw6wtTwBg7EZnBKRGEvCzBuDTS"
"Qorvo, Inc. (QRVO) 10-Q for Q2, 2023","7628 THORNDIKE ROAD,GREENSBORO,NC,27409","https://auditchain.finance/analysis/QmSpU7BzTduyqMBscWS3eYTnGDn7FerW1JaHnHYjxRvDGS"
"Quad/Graphics, Inc. (QUAD) 10-Q for Q3, 2022","N61 W23044 HARRY'S WAY,SUSSEX,WI,53089-3995","https://auditchain.finance/analysis/QmfKgyuq4yCGcJEmjMABTB88Gzz6eJjUKXgnXnjRgJBktd"
"Quanta Services, Inc. (PWR) 10-Q for Q3, 2022","2727 NORTH LOOP WEST,HOUSTON,TX,77008-1044","https://auditchain.finance/analysis/QmbX2eozaBXk6tKGG9osFGuyJf5HGNkUzAyc6r7TYjfJce"
"QUANTRX BIOMEDICAL CORPORATION () 10-Q for Q3, 2022","P.O. BOX 4960,TUALATIN,OR,97062","https://auditchain.finance/analysis/QmYDtidvV2Yi184HkQnSGDdWrY5hTurMrNczs8Gjsui1W1"
"QUICKLOGIC Corp (QUIK) 10-Q for Q3, 2022","2220 LUNDY AVENUE,SAN JOSE,CA,95131-1816","https://auditchain.finance/analysis/QmP1yPsU63d9dsY6eub8q9FYFrhaTHogADXeJdSqtEY6Ww"
"CTI BIOPHARMA CORP. (CTIC) 10-Q for Q3, 2022","3101 WESTERN AVENUE,SEATTLE,WA,98121","https://auditchain.finance/analysis/Qmasrbm8JEG5buZzJgbpZuxTi4BfMW1VtHxcB1EefB7tHL"
"CHANNELADVISOR CORPORATION (ECOM) 10-Q for Q3, 2022","3025 CARRINGTON MILL BOULEVARD,MORRISVILLE,NC,27560","https://auditchain.finance/analysis/QmQpHW8bePSgnHUNFJcoZS3yDWygC4Wego2BXYpvyZn7kV"
"DESTINATION XL GROUP, INC. (DXLG) 10-Q for Q3, 2022","555 TURNPIKE STREET,CANTON,MA,02021","https://auditchain.finance/analysis/QmS6riDccNSNzv2UspgfAfAiqNnTRZY5rk3jBr95eKSZ1E"
"CHARLES RIVER LABORATORIES INTERNATIONAL, INC. (CRL) 10-Q for Q3, 2022","251 BALLARDVALE ST,WILMINGTON,MA,01887","https://auditchain.finance/analysis/QmTjxu8GusvrTvgd2EuSJqqgFSgBydvi1e6nfobCJP9BrK"
"DEXCOM, INC. (DXCM) 10-Q for Q3, 2022","6340 SEQUENCE DRIVE,SAN DIEGO,CA,92121","https://auditchain.finance/analysis/QmUsU9Sn7LPZLbpyZTx9rwv8aKB8UJyfpJKdhXYWtZLZep"
"AdaptHealth Corp. (AHCO) 10-Q for Q3, 2022","220 WEST GERMANTOWN PIKE,PLYMOUTH MEETING,PA,19462","https://auditchain.finance/analysis/QmWhi2ceZ94EGhuwEbkH3gxCgRPwjUyx4o2qLN4vCDNbs5"
"DHI Group, Inc. (DHX) 10-Q for Q3, 2022","6465 SOUTH GREENWOOD PLAZA,CENTENNIAL,CO,80111","https://auditchain.finance/analysis/Qmde6Jbpz3cK7U6BfHF7gJW1MYeNqxcn918CxAXvXHiy5J"
"DIAMOND HILL INVESTMENT GROUP, INC. (DHIL) 10-Q for Q3, 2022","325 JOHN H MCCONNELL BLVD,COLUMBUS,OH,43215","https://auditchain.finance/analysis/QmaZx2ndmBXRzJPefKpW6SN5bFdobmKHZue4yiqGndY7YY"
"DIODES INC /DEL/ (DIOD) 10-Q for Q3, 2022","4949 HEDGCOXE ROAD,PLANO,TX,75024","https://auditchain.finance/analysis/QmXJuHUsgcHNLVmzmXpi23VrT7QW5rT7yFfpBzXjsepvfY"
"DIGI INTERNATIONAL INC. (DGII) 10-K for FY, 2022","9350 EXCELSIOR BLVD.,HOPKINS,MN,55343","https://auditchain.finance/analysis/QmZnovCSavYf2RUCpxGvLYRN8EYH4y14NpXG3jqYNDZn6M"
"DISH DBS Corporation () 10-Q for Q3, 2022","9601 S. MERIDIAN BLVD.,ENGLEWOOD,CO,80112","https://auditchain.finance/analysis/QmXzcaxti3JfUB3ctdMgPQkrKHuHK3R1bzohw7MDhESGCp"
"DIVALL INSURED INCOME PROPERTIES 2 LIMITED PARTNERSHIP () 10-Q for Q3, 2022","1100 MAIN STREET,KANSAS CITY,MO,64105","https://auditchain.finance/analysis/QmTGi4WRJp5FCRWnMHc7N91r2ttuVHmaqA4cC7BmpYGd8t"
"DOMINION ENERGY, INC. (D) 10-Q for Q3, 2022","120 TREDEGAR STREET,RICHMOND,VA,23219","https://auditchain.finance/analysis/QmTqDkdibHphh7kJKEvt49wAGuaexyXFJcMXsjqy4yHfg5"
"Drive Shack Inc. (DS) 10-Q for Q3, 2022","10670 N. CENTRAL EXPRESSWAY, SUITE 700,DALLAS,TX,75231","https://auditchain.finance/analysis/QmS2G4ZmCfVhcxQnGbV91m2PhL98K6Uyz83K4oUYq3rEWf"
"DXP Enterprises, Inc. (DXPE) 10-Q for Q3, 2022","5301 HOLLISTER STREET,HOUSTON,TX,77040","https://auditchain.finance/analysis/QmUSY64q7Jhh8gaSpsWvGXCPRzjx48wwApSv5Gt6ZV9kVw"
"DYADIC INTERNATIONAL INC (DYAI) 10-Q for Q3, 2022","140 INTRACOASTAL POINTE DRIVE,JUPITER,FL,33477","https://auditchain.finance/analysis/QmSxmwDFYvZ4mVrHdzAaFt394qYCp6rABJG7RGU9MMe3P7"
"CURIS, INC. (CRIS) 10-Q for Q3, 2022","128 SPRING STREET,LEXINGTON,MA,02421","https://auditchain.finance/analysis/QmcquHsEtbEVy7byZhGWPJuQJC6mnENyM4nRyEjLGqEuJh"
"SAMSARA LUGGAGE, INC. () 10-Q for Q3, 2022","ONE UNIVERSITY PLAZA, SUITE 505,HACKENSACK,NJ,07601","https://auditchain.finance/analysis/QmRRW29C6TKohVUtndtedBkXQExgMYrmUCNsMT8H17Fjcc"
"Kintara Therapeutics, Inc. (KTRA) 10-Q for Q1, 2023","9920 PACIFIC HEIGHTS BLVD, SUITE 150,SAN DIEGO,CA,92121","https://auditchain.finance/analysis/QmQcAheqzj3ZcseKdXm19K11RZ7pZw7ZGqn7fiiJBa8FSp"
"APTIV PLC (APTV) 10-Q for Q3, 2022","5 HANOVER QUAY,DUBLIN,L2,D02 VY79","https://auditchain.finance/analysis/QmYZ4nkPB3EZin9HK5iw1Miw7mhVa2QPSCdNtpjXsKFrbD"
"Denali Therapeutics Inc. (DNLI) 10-Q for Q3, 2022","161 OYSTER POINT BLVD.,SOUTH SAN FRANCISCO,CA,94080","https://auditchain.finance/analysis/QmX9ozkhbLej31WqHzzPvqLg6cFYgykiMLk2taJCXahKVv"
"DESEO SWIMWEAR INC. (DSWR) 10-Q for Q3, 2022","1001 YAMATO ROAD,BOCA RATON,FL,33496","https://auditchain.finance/analysis/QmcKMtmzZ2FQZgkKaG3MBrrgSaSgExXvKCgj9ai4c1VemN"
"Diamondback Energy, Inc. (FANG) 10-Q for Q3, 2022","500 WEST TEXAS,MIDLAND,TX,79701","https://auditchain.finance/analysis/QmadWPKUdbckHQmL7YjkkXEaTTNtAChHMPuzsfdFjeKLXB"
"Warner Bros. Discovery, Inc. (WBD) 10-Q for Q3, 2022","230 PARK AVENUE SOUTH,NEW YORK,NY,10003","https://auditchain.finance/analysis/Qmd7UNkYkW5ex7rX2Ka5Xic4fMFgbCcWA9eq692252yvJQ"
"X METAVERSE INC. () 10-Q for Q3, 2022","ROOM 1105, 11/F, HIP KWAN COMMERCIAL BLD,KOWLOON,K3,00000","https://auditchain.finance/analysis/QmPpNXJ33gcqJwwrt5Dpo7sRe2zjVkgSnE5aEcGpFTRKkT"
"WILLSCOT MOBILE MINI HOLDINGS CORP. (WSC) 10-Q for Q3, 2022","4646 E. VAN BUREN STREET,PHOENIX,AZ,85008","https://auditchain.finance/analysis/QmS8rKe8Vg6Py17ndYDJSTvKvfTzAjunsenshFHV7VbeBd"
"Dropbox, Inc. (DBX) 10-Q for Q3, 2022","1800 OWENS STREET, SUITE 200,SAN FRANCISCO,CA,94158","https://auditchain.finance/analysis/QmV21kTM7feHHxWvGWKW7gNSnXmUhfsuJm7JrHfhTogLWz"
"Duos Technologies Group, Inc. (DUOT) 10-Q for Q3, 2022","7660 CENTURION PARKWAY,JACKSONVILLE,FL,32256","https://auditchain.finance/analysis/QmddXpzJS8uvLvZ96s2mZGRZdjQ69WDwsP2SPFa9ihz9hC"
"EAGLE FINANCIAL SERVICES, INC. () 10-Q for Q3, 2022","2 E MAIN ST,BERRYVILLE,VA,22611","https://auditchain.finance/analysis/QmcJShChkFcVYJmH4DTmt91C3Q4g4ZvZ6rbyxhs2sGrMUp"
"EARTHSTONE ENERGY, INC. (ESTE) 10-Q for Q3, 2022","1400 WOODLOCH FOREST DRIVE,THE WOODLANDS,TX,77380","https://auditchain.finance/analysis/QmPmFvDKjCdMbwJkr3i9Tk2V7kK1Hnssx8vkTHDn5CY7PF"
"eBay Inc. (EBAY) 10-Q for Q3, 2022","2025 HAMILTON AVENUE,SAN JOSE,CA,95125","https://auditchain.finance/analysis/QmX9A9RA319315TeT1kCub8pjVKnwj395QKG4T9jJwD6gi"
"eGain Corporation (EGAN) 10-Q for Q1, 2023","1252 BORREGAS AVENUE,SUNNYVALE,CA,94089","https://auditchain.finance/analysis/QmU44BtKyYnjsehShytsM8seeBnsqPi7d2q9b5ngEH2Mzn"
"ELECTRO SENSORS INC (ELSE) 10-Q for Q3, 2022","6111 BLUE CIRCLE DR,MINNETONKA,MN,55343-9108","https://auditchain.finance/analysis/QmU5tfYuMxwD9fPrpGofLEQssdn5617VoNmRFNukeMr1uf"
"ELEVATE CREDIT, INC. (ELVT) 10-Q for Q3, 2022","4150 INTERNATIONAL PLAZA,FORT WORTH,TX,76109","https://auditchain.finance/analysis/QmSG8KTsjkZ4qRr1n1Dk5kCXqDKZRmnWshzfemo49HXFy9"
"EMCLAIRE FINANCIAL CORP (EMCF) 10-Q for Q3, 2022","612 MAIN ST,EMLENTON,PA,16373","https://auditchain.finance/analysis/QmQTtyKAqoCMjxZyrwUbvRz2jrkQV46Zwr84fo3fW5R74T"
"ENB Financial Corp (N/A) 10-Q for Q3, 2022","31 E MAIN STREET,EPHRATA,PA,17522-0457","https://auditchain.finance/analysis/QmT6cZSP9wDrKGsmQr9rZMcAjeNku3VWeMjfCakdgFLwSw"
"ENCORE CAPITAL GROUP, INC. (ECPG) 10-Q for Q3, 2022","350 CAMINO DE LA REINA,SAN DIEGO,CA,92108","https://auditchain.finance/analysis/QmdQr7SZsNZBvQSatcpDSbSJh7vjFL7h2dccZdE7FM8VVh"
"ENDRA LIFE SCIENCES INC. (NDRA) 10-Q for Q3, 2022","3600 GREEN COURT,ANN ARBOR,MI,48105","https://auditchain.finance/analysis/Qmc4DJ6vckSznE9V57kri8mu7WxC8viBsbbqjyqQXHzpSk"
"ENERTECK CORPORATION () 10-Q for Q3, 2022","10701 CORPORATE DRIVE, SUITE 150,STAFFORD,TX,77477","https://auditchain.finance/analysis/QmeBDnkyY6fnEB1L1NwvJpCxAMTPFNm3DBCB2dBFVyeUAT"
"ENSIGN GROUP, INC (ENSG) 10-Q for Q3, 2022","29222 RANCHO VIEJO RD.,SAN JUAN CAPISTRANO,CA,92675","https://auditchain.finance/analysis/QmbEB5txp9BPESPPu3fhRnv6G1taA6s61Di49ynhkHgqiM"
"Enterprise Bancorp, Inc. (EBTC) 10-Q for Q3, 2022","222 MERRIMACK ST,LOWELL,MA,01852","https://auditchain.finance/analysis/QmTTcGPu5pm7qdxBe38f7s9AeKLv8P6m5HVjXqCQPNP6wz"
"Bristow Group Inc. (VTOL) 10-Q for Q2, 2023","3151 BRIARPARK DRIVE, SUITE 700,HOUSTON,TX,77042","https://auditchain.finance/analysis/QmXEEDCXut4S3wduLEAhHUCob9nH1uTe8mCQibAP5cFNYL"
"ERIE INDEMNITY COMPANY (ERIE) 10-Q for Q3, 2022","100 ERIE INSURANCE PL,ERIE,PA,16530","https://auditchain.finance/analysis/QmRrxuknFjNyGMuCP1NrnsBWKwr7syvAzhp7Kf83DzgZnY"
"Escalon Medical Corp. () 10-Q for Q1, 2023","435 DEVON PARK ROAD,WAYNE,PA,19087","https://auditchain.finance/analysis/QmYE7e7s4c2kkQyZuEoJvgCpSgyvXFNszLcYiqqEfUibEB"
"EURONET WORLDWIDE, INC. (EEFT) 10-Q for Q3, 2022","11400 TOMAHAWK CREEK PARKWAY,LEAWOOD,KS,66211","https://auditchain.finance/analysis/QmdwF3m3P2TUuUuEm29fUnJLX1do6iqLZEPkGsu1k6T7cp"
"EVERCORE INC. (EVR) 10-Q for Q3, 2022","55 EAST 52ND STREET,NEW YORK,NY,10055","https://auditchain.finance/analysis/Qmd8BgRc8ZBQTAQHgoxtP6Pkxtx6pqtSVX2QUtUgQcBZQc"
"Everspin Technologies, Inc. (MRAM) 10-Q for Q3, 2022","5670 W. CHANDLER BOULEVARD,CHANDLER,AZ,85226","https://auditchain.finance/analysis/Qmef8m7nVvxSZMnhBPT1nAWgJnT9bWqV7Ur1VNrCxB9XHr"
"EVOLUTION PETROLEUM CORP (EPM) 10-Q for Q1, 2023","1155 DAIRY ASHFORD ROAD,HOUSTON,TX,77079","https://auditchain.finance/analysis/QmQaYRiUWF2WdoeZwhm2827KcZJ8JdhdvF5wyTNW5ZnhVa"
"EVOQUA WATER TECHNOLOGIES CORP. (AQUA) 10-K for FY, 2022","210 SIXTH AVENUE,PITTSBURGH,PA,15222","https://auditchain.finance/analysis/QmUspq7NkcqnRjgfcRVevG2SvohyPbb4fffvFhoumgB11S"
"EAGLE FINANCIAL SERVICES, INC. () 10-Q for Q3, 2022","2 E MAIN ST,BERRYVILLE,VA,22611","https://auditchain.finance/analysis/QmcJShChkFcVYJmH4DTmt91C3Q4g4ZvZ6rbyxhs2sGrMUp"
"EARTHSTONE ENERGY, INC. (ESTE) 10-Q for Q3, 2022","1400 WOODLOCH FOREST DRIVE,THE WOODLANDS,TX,77380","https://auditchain.finance/analysis/QmPmFvDKjCdMbwJkr3i9Tk2V7kK1Hnssx8vkTHDn5CY7PF"
"eBay Inc. (EBAY) 10-Q for Q3, 2022","2025 HAMILTON AVENUE,SAN JOSE,CA,95125","https://auditchain.finance/analysis/QmX9A9RA319315TeT1kCub8pjVKnwj395QKG4T9jJwD6gi"
"eGain Corporation (EGAN) 10-Q for Q1, 2023","1252 BORREGAS AVENUE,SUNNYVALE,CA,94089","https://auditchain.finance/analysis/QmU44BtKyYnjsehShytsM8seeBnsqPi7d2q9b5ngEH2Mzn"
"ELECTRO SENSORS INC (ELSE) 10-Q for Q3, 2022","6111 BLUE CIRCLE DR,MINNETONKA,MN,55343-9108","https://auditchain.finance/analysis/QmU5tfYuMxwD9fPrpGofLEQssdn5617VoNmRFNukeMr1uf"
"ELEVATE CREDIT, INC. (ELVT) 10-Q for Q3, 2022","4150 INTERNATIONAL PLAZA,FORT WORTH,TX,76109","https://auditchain.finance/analysis/QmSG8KTsjkZ4qRr1n1Dk5kCXqDKZRmnWshzfemo49HXFy9"
"EMCLAIRE FINANCIAL CORP (EMCF) 10-Q for Q3, 2022","612 MAIN ST,EMLENTON,PA,16373","https://auditchain.finance/analysis/QmQTtyKAqoCMjxZyrwUbvRz2jrkQV46Zwr84fo3fW5R74T"
"ENB Financial Corp (N/A) 10-Q for Q3, 2022","31 E MAIN STREET,EPHRATA,PA,17522-0457","https://auditchain.finance/analysis/QmT6cZSP9wDrKGsmQr9rZMcAjeNku3VWeMjfCakdgFLwSw"
"ENCORE CAPITAL GROUP, INC. (ECPG) 10-Q for Q3, 2022","350 CAMINO DE LA REINA,SAN DIEGO,CA,92108","https://auditchain.finance/analysis/QmdQr7SZsNZBvQSatcpDSbSJh7vjFL7h2dccZdE7FM8VVh"
"ENDRA LIFE SCIENCES INC. (NDRA) 10-Q for Q3, 2022","3600 GREEN COURT,ANN ARBOR,MI,48105","https://auditchain.finance/analysis/Qmc4DJ6vckSznE9V57kri8mu7WxC8viBsbbqjyqQXHzpSk"
"ENERTECK CORPORATION () 10-Q for Q3, 2022","10701 CORPORATE DRIVE, SUITE 150,STAFFORD,TX,77477","https://auditchain.finance/analysis/QmeBDnkyY6fnEB1L1NwvJpCxAMTPFNm3DBCB2dBFVyeUAT"
"ENSIGN GROUP, INC (ENSG) 10-Q for Q3, 2022","29222 RANCHO VIEJO RD.,SAN JUAN CAPISTRANO,CA,92675","https://auditchain.finance/analysis/QmbEB5txp9BPESPPu3fhRnv6G1taA6s61Di49ynhkHgqiM"
"Enterprise Bancorp, Inc. (EBTC) 10-Q for Q3, 2022","222 MERRIMACK ST,LOWELL,MA,01852","https://auditchain.finance/analysis/QmTTcGPu5pm7qdxBe38f7s9AeKLv8P6m5HVjXqCQPNP6wz"
"Bristow Group Inc. (VTOL) 10-Q for Q2, 2023","3151 BRIARPARK DRIVE, SUITE 700,HOUSTON,TX,77042","https://auditchain.finance/analysis/QmXEEDCXut4S3wduLEAhHUCob9nH1uTe8mCQibAP5cFNYL"
"ERIE INDEMNITY COMPANY (ERIE) 10-Q for Q3, 2022","100 ERIE INSURANCE PL,ERIE,PA,16530","https://auditchain.finance/analysis/QmRrxuknFjNyGMuCP1NrnsBWKwr7syvAzhp7Kf83DzgZnY"
"Escalon Medical Corp. () 10-Q for Q1, 2023","435 DEVON PARK ROAD,WAYNE,PA,19087","https://auditchain.finance/analysis/QmYE7e7s4c2kkQyZuEoJvgCpSgyvXFNszLcYiqqEfUibEB"
"EURONET WORLDWIDE, INC. (EEFT) 10-Q for Q3, 2022","11400 TOMAHAWK CREEK PARKWAY,LEAWOOD,KS,66211","https://auditchain.finance/analysis/QmdwF3m3P2TUuUuEm29fUnJLX1do6iqLZEPkGsu1k6T7cp"
"EVERCORE INC. (EVR) 10-Q for Q3, 2022","55 EAST 52ND STREET,NEW YORK,NY,10055","https://auditchain.finance/analysis/Qmd8BgRc8ZBQTAQHgoxtP6Pkxtx6pqtSVX2QUtUgQcBZQc"
"Everspin Technologies, Inc. (MRAM) 10-Q for Q3, 2022","5670 W. CHANDLER BOULEVARD,CHANDLER,AZ,85226","https://auditchain.finance/analysis/Qmef8m7nVvxSZMnhBPT1nAWgJnT9bWqV7Ur1VNrCxB9XHr"
"EVOLUTION PETROLEUM CORP (EPM) 10-Q for Q1, 2023","1155 DAIRY ASHFORD ROAD,HOUSTON,TX,77079","https://auditchain.finance/analysis/QmQaYRiUWF2WdoeZwhm2827KcZJ8JdhdvF5wyTNW5ZnhVa"
"EVOQUA WATER TECHNOLOGIES CORP. (AQUA) 10-K for FY, 2022","210 SIXTH AVENUE,PITTSBURGH,PA,15222","https://auditchain.finance/analysis/QmUspq7NkcqnRjgfcRVevG2SvohyPbb4fffvFhoumgB11S"
"Symbolic Logic, Inc. (EVOL) 10-Q for Q3, 2022","9800 PYRAMID COURT, SUITE 400,ENGLEWOOD,CO,80112","https://auditchain.finance/analysis/QmTER6E3VkURioSH2ytTQUo9mG77ww3VMT6VSf1MwAuRmJ"
"EXP WORLD HOLDINGS, INC. (EXPI) 10-Q for Q3, 2022","2219 RIMLAND DR., SUITE 301,BELLINGHAM,WA,98226","https://auditchain.finance/analysis/QmdKknsUNhXoz6UsGTTSkQWj6Pm5VAv1ut81haKh3cs4Y2"
"EYENOVIA, INC. (EYEN) 10-Q for Q3, 2022","295 MADISON AVENUE,,NEW YORK,NY,10017","https://auditchain.finance/analysis/QmWrwgakjunQyG2M4jSiLcrNXMJKdfe1XwLjqvEoh8APZp"
"CHARLES RIVER LABORATORIES INTERNATIONAL, INC. (CRL) 10-Q for Q3, 2022","251 BALLARDVALE ST,WILMINGTON,MA,01887","https://auditchain.finance/analysis/QmY2JkvtDh4b9y8fPDS9H7q5KnUEXn2JjC9vD1eGv6gzYP"
"EAGLE BULK SHIPPING INC. (EGLE) 10-Q for Q3, 2022","300 FIRST STAMFORD PLACE,STAMFORD,CT,06902","https://auditchain.finance/analysis/QmVCm4i3Hy9CUZXSNM2obHcYPA3oqhH9qRFZMx59wgZKYF"
"EASTGROUP PROPERTIES, INC. (EGP) 10-Q for Q3, 2022","400 W. PARKWAY PLACE,RIDGELAND,MS,39157","https://auditchain.finance/analysis/QmaoFy1iydN2PwsY7jLB3BRB2MKDKKxLtbcfWMW5N7gbQj"
"CHICAGO RIVET & MACHINE CO (CVR) 10-Q for Q3, 2022","901 FRONTENAC RD,NAPERVILLE,IL,60566","https://auditchain.finance/analysis/QmXwLt4o9HBRDeWqekj3kcJSYRRLNHVBGAB2UDvYHrrMdX"
"PDS Biotechnology Corp (PDSB) 10-Q for Q3, 2022","25B VREELAND ROAD,FLORHAM PARK,NJ,07932","https://auditchain.finance/analysis/QmPAiEnDaL4YTh5rNeaCv3ccG7yWDj7GJzxJAyL6gHCyZ3"
"EDITAS MEDICINE, INC. (EDIT) 10-Q for Q3, 2022","11 HURLEY ST.,CAMBRIDGE,MA,02141","https://auditchain.finance/analysis/QmTncNrvCDXF8zgA6i8ogvpxmptQ5m5cqu4dq528kANG5n"
"CAESARS ENTERTAINMENT, INC. (CZR) 10-Q for Q3, 2022","100 WEST LIBERTY STREET, 12TH FLOOR,RENO,NV,89501","https://auditchain.finance/analysis/QmWCyhNpKQ3nCKFSjtBaFMFT7VyCovZPcpqctBjRV3tLQ7"
"Elanco Animal Health Inc (ELAN) 10-Q for Q3, 2022","2500 INNOVATION WAY,GREENFIELD,IN,46140","https://auditchain.finance/analysis/QmXcWvf3xCzdw8xpLAWgKaywhVJ5CVZWdMLDUxqcQ2UYM8"
"ELECTRONIC SYSTEMS TECHNOLOGY INC (ELST) 10-Q for Q3, 2022","415 N. ROOSEVELT ST., STE B1,KENNEWICK,WA,99336","https://auditchain.finance/analysis/Qmcjx798gbsdeaGgcaum4X1grp4GQycUZs5gpKRsj19jtK"
"CURIS, INC. (CRIS) 10-Q for Q3, 2022","128 SPRING STREET,LEXINGTON,MA,02421","https://auditchain.finance/analysis/QmVygonwYHf9qYVGunq2NdLTMrdkfhiJghW4Uft8UhGQs6"
"CURO GROUP HOLDINGS CORP. (CURO) 10-Q for Q3, 2022","3615 N. RIDGE ROAD,WICHITA,KS,67205","https://auditchain.finance/analysis/QmSL5Zw4BUTn7epkXtczou6FaZFEnEnd8Mpt4Gy28LvHEM"
"CVR PARTNERS, LP (UAN) 10-Q for Q3, 2022","2277 PLAZA DRIVE,SUGAR LAND,TX,77479","https://auditchain.finance/analysis/QmTUp4a26uUXYURR4yXD57dKFm1qkXXAR2DtDDjomnzuwj"
"CYREN LTD. (CYRN) 10-Q for Q3, 2022","10 HA-MENOFIM STREET,HERZLIYA,L3,4672561","https://auditchain.finance/analysis/QmSyVcW3rAsVJK9SLf3Z8QbVVezWWH8SWyRwUE47wZQfRz"
"CYTOKINETICS, INCORPORATED (CYTK) 10-Q for Q3, 2022","350 OYSTER POINT BOULEVARD,SOUTH SAN FRANCISCO,CA,94080","https://auditchain.finance/analysis/QmbtxpeJXQosPhHW1VPZJRA85rZ945EcmPnMeXubuTCrDi"
"LadRx Corporation () 10-Q for Q3, 2022","11726 SAN VICENTE BOULEVARD,LOS ANGELES,CA,90049","https://auditchain.finance/analysis/QmRkaZNXM6keXWcr11wYTPtyctamCjiQ44sZyJcC6QzTDb"
"Inhibitor Therapeutics, Inc. () 10-Q for Q3, 2022","4830 W. KENNEDY BLVD.,TAMPA,FL,33609","https://auditchain.finance/analysis/QmWJLK55GHBwS7QbpnML9GcxVDyXQkFF6xryzE4ESJtYBT"
"HEALTHIER CHOICES MANAGEMENT CORP. (HCMC) 10-Q for Q3, 2022","3800 NORTH 28TH WAY,HOLLYWOOD,FL,33020","https://auditchain.finance/analysis/QmeQrMPPCfkLvoZLUXpDjsGCzJMZg93Wziax8QHzt5X9tC"
"DASEKE, INC. (DSKE) 10-Q for Q3, 2022","15455 DALLAS PKWY,ADDISON,TX,75001","https://auditchain.finance/analysis/QmV8MH1uwRWocty1CtBP7K3mnBZNXSFKqaGhkcfXuus3ky"
"HELMERICH & PAYNE, INC. (HP) 10-K for FY, 2022","1437 S. BOULDER AVE., SUITE 1400,TULSA,OK,74119","https://auditchain.finance/analysis/QmYGAzJqtNy9QXsU8udeGGJtx5Qrax6saeybBWYpUWaH4q"
"HERITAGE-CRYSTAL CLEAN, INC. (HCCI) 10-Q for Q3, 2022","2000 CENTER DRIVE,HOFFMAN ESTATES,IL,60192","https://auditchain.finance/analysis/QmSJxFLSd2zkoH38s86m37W9gsrUqc2SVaVGWtnJedKBux"
"HIGHLANDS REIT, INC. () 10-Q for Q3, 2022","1 SOUTH DEARBORN STREET,CHICAGO,IL,60603","https://auditchain.finance/analysis/QmSzxwVd6RTWnwPdkLXSA9irmgBUm85pN2MwZM73uxGQKz"
"Hilltop Holdings Inc. (HTH) 10-Q for Q3, 2022","6565 HILLCREST AVE.,DALLAS,TX,75205","https://auditchain.finance/analysis/QmXNLhfY2XgXAEDEWkPLr3WEFy5624R6MMamD2nZkzwzZt"
"CHINA PHARMA HOLDINGS, INC. (CPHI) 10-Q for Q3, 2022","2ND FLOOR, NO. 17, JINPAN ROAD,HAINAN PROVINCE,F4,570216","https://auditchain.finance/analysis/QmWf6pTZrXwujiifKx4iAo7r4vKvwbm3NmcSJsTEcGCLWf"
"CHIPOTLE MEXICAN GRILL, INC. (CMG) 10-Q for Q3, 2022","610 NEWPORT CENTER DR,NEWPORT BEACH,CA,92660","https://auditchain.finance/analysis/QmcuFmpp8o34auxL5aDTxVJ3fR5Ps7LEYu9Z4QaJnjhJ7W"
"CHURCH & DWIGHT CO., INC. (CHD) 10-Q for Q3, 2022","500 CHARLES EWING BOULEVARD,EWING,NJ,08628","https://auditchain.finance/analysis/QmSW3PPrpKfpehvpazpWHi1tsygPVg8JdTB9nx8bNuCXWE"
"CINCINNATI BELL INC. () 10-Q for Q3, 2022","221 E FOURTH ST,CINCINNATI,OH,45202","https://auditchain.finance/analysis/QmNhvUf7pU7WaeuPuw27JMBpZBH11nhb12vd8gVF24LpLo"
"CIRRUS LOGIC, INC. (CRUS) 10-Q for Q2, 2023","800 WEST 6TH STREET,AUSTIN,TX,78701","https://auditchain.finance/analysis/Qmcano1hm3jubz8wnZN1sV3fUcLC4eFvQWCPW3qTFAvXEK"
"Citigroup Inc (C) 10-Q for Q3, 2022","388 GREENWICH STREET,NEW YORK,NY,10013","https://auditchain.finance/analysis/QmWfAmRBNoff9LEtuwjk1G6rt9nUH53G7qfVErUFG7njxW"
"CITIZENS FINANCIAL GROUP INC/RI (CFG) 10-Q for Q3, 2022","1 CITIZENS PLAZA,PROVIDENCE,RI,02903","https://auditchain.finance/analysis/QmPwKuXttDkQgtBmz8rTrSksjmp7ubKguVWyGxFzfDbJc8"
"Hughes Satellite Systems Corporation () 10-Q for Q3, 2022","100 INVERNESS TERRACE EAST,ENGLEWOOD,CO,80112","https://auditchain.finance/analysis/Qme3xvhJUhLWpGzorLKhSEPHCtGnYvCHer4G5YX71gqsqx"
"CLEARONE INC (clro) 10-Q for Q3, 2022","5225 WILEY POST WAY,SALT LAKE CITY,UT,84116","https://auditchain.finance/analysis/QmXqihx14A2Ny1GZFHwNDutxRMKMP7xPJG8qbTHKgM4DPw"
"CLEARWATER PAPER CORPORATION (CLW) 10-Q for Q3, 2022","601 WEST RIVERSIDE AVENUE,SPOKANE,WA,99201","https://auditchain.finance/analysis/QmW2UXCiAXJW5GNsU8jmtF8dPjCxiip4f7yGjEimEv6mBV"
"HYATT HOTELS CORP (H) 10-Q for Q3, 2022","150 NORTH RIVERSIDE PLAZA,CHICAGO,IL,60606","https://auditchain.finance/analysis/QmWXXehMyNjpeu73WR5M8SMYjhoonhN8kwdAPWVt63p4xF"
"HyreCar Inc. (HYRE) 10-Q for Q3, 2022","915 WILSHIRE AVE,LOS ANGELES,CA,90071","https://auditchain.finance/analysis/QmdubZjpumqPyNQ5zLpkSiRcqRNK5d7FDuEzMJaTjPU8KP"
"SIMPLICITY ESPORTS AND GAMING COMPANY () 10-Q for Q1, 2023","7000 W. PALMETTO PARK RD.,,BOCA RATON,,FL,33433","https://auditchain.finance/analysis/QmQEjFbS2SLZeP6tADjMJBqPhKkQFvYuos5dWdMeRiwiqi"
"iCAD, Inc. (ICAD) 10-Q for Q3, 2022","98 SPIT BROOK ROAD, SUITE 100,NASHUA,NH,03062","https://auditchain.finance/analysis/Qmc4SFN4LuXBuPfubGi3BmLPiiveKm7UGbHQDzi1FUQnGk"
"ICC Holdings, Inc. (ICCH) 10-Q for Q3, 2022","225 20TH STREET,ROCK ISLAND,IL,61201","https://auditchain.finance/analysis/QmdfDHiMiLv1E3o86X18om2KmCXtprx8fgcPhbdpBvW5is"
"CNA FINANCIAL CORPORATION ("CNA") 10-Q for Q3, 2022","CNA,CHICAGO,IL,60606","https://auditchain.finance/analysis/QmNvBKcY8ygVtoTT3Tn3tvp4tAzUpPfREf5Z7PoSqLixCG"
"CNH INDUSTRIAL CAPITAL LLC () 10-Q for Q3, 2022","5729 WASHINGTON AVENUE,RACINE,WI,53406","https://auditchain.finance/analysis/QmcGptfgfgUeQXCz85wfgB4m11K7PZMvp1Vr89K1JbfjTU"
"CNO Financial Group, Inc. (CNO) 10-Q for Q3, 2022","11825 N PENNSYLVANIA ST,CARMEL,IN,46032","https://auditchain.finance/analysis/QmZVcFku6NzfBUWteRDawwna1so4xD6cgRhf5cvRK8kbQw"
"CAMPING WORLD HOLDINGS, INC. (CWH) 10-Q for Q3, 2022","250 PARKWAY DRIVE,LINCOLNSHIRE,IL,60048","https://auditchain.finance/analysis/QmcdfyUPPg1zub4VavirzH2A7gtbQu5XXcyyCrRnNoXPCV"
"Tapestry, Inc. (TPR) 10-Q for Q1, 2023","10 HUDSON YARDS,NEW YORK,NY,10001","https://auditchain.finance/analysis/QmV1mbw5xwtbEVENDPEWRfdonN2oHTKQ7RfCPEAWJNoes2"
"COASTAL FINANCIAL CORPORATION (CCB) 10-Q for Q3, 2022","2817 COLBY AVENUE,EVERETT,WA,98201","https://auditchain.finance/analysis/QmY8W1UZGoETGdgjiHev1siAUG2iNCNMfj34RyjQ53KERp"
"ICF International, Inc. (ICFI) 10-Q for Q3, 2022","9300 LEE HIGHWAY,FAIRFAX,VA,22031","https://auditchain.finance/analysis/QmSLfU6CUgzXNXH93tjDAgVAHYVUgq4uW1Qejf1qc8QPzC"
"Cannabis Sativa, Inc. () 10-Q for Q3, 2022","450 HILLSIDE DRIVE,MESQUITE,NV,89027","https://auditchain.finance/analysis/QmUfUeWJyEhRJ23Ln41yf6uTe8nE6QKSCgnQ4KVY3hxyUs"
"CUSTOM TRUCK ONE SOURCE, INC. (CTOS) 10-Q for Q3, 2022","7701 INDEPENDENCE AVENUE,KANSAS CITY,MO,64125","https://auditchain.finance/analysis/QmQZzwFzRzZAmjqbXBRNPDBYxZV5YgaaLPxMVqYd83pWts"
"COGENT COMMUNICATIONS HOLDINGS, INC. (CCOI) 10-Q for Q3, 2022","2450 N STREET, NW,WASHINGTON,DC,20037","https://auditchain.finance/analysis/QmRgadbZMZd1iM8ju4xst1tLaaeEX42d89fK3QQLXFiymm"
"GEVO, INC. (GEVO) 10-Q for Q3, 2022","345 INVERNESS DRIVE SOUTH, BUILDING C,ENGLEWOOD,CO,80112","https://auditchain.finance/analysis/QmbrK2Bgtvedsb5tXaDDXzYdcT9myccZW1RQxAwLdEq1Ct"
"GLACIER BANCORP, INC. (GBCI) 10-Q for Q3, 2022","49 COMMONS LOOP,KALISPELL,MT,59901","https://auditchain.finance/analysis/QmWCixvgTQ3CiS49eyk2FepzX4Htg9jf7EXFdEdvqwuQo4"
"SOLENO THERAPEUTICS INC (SLNO) 10-Q for Q3, 2022","203 REDWOOD SHORES PARKWAY,REDWOOD CITY,CA,94065","https://auditchain.finance/analysis/QmeAz9ScWDwFE4m62k8SECTeyQGviUWKBbkBd3yUruLsMc"
"IDERA PHARMACEUTICALS, INC. (IDRA) 10-Q for Q3, 2022","505 EAGLEVIEW BOULEVARD,EXTON,PA,19341","https://auditchain.finance/analysis/QmZKbwfTDz6vEcdEh3jfCD66MkK4AwPQjTQrukkWaMMP5s"
"IDEXX LABORATORIES INC /DE (IDXX) 10-Q for Q3, 2022","ONE IDEXX DRIVE,WESTBROOK,ME,04092-2041","https://auditchain.finance/analysis/QmV1Hu1pkZTb6h4ZxofMdNeDsSWr9eBLRiJBrAe9SB8z3k"
"GLAUKOS Corp (GKOS) 10-Q for Q3, 2022","229 AVENIDA FABRICANTE,SAN CLEMENTE,CA,92672","https://auditchain.finance/analysis/QmYssRy5pVoMEr6ikd3kTQGPFtWMj7UiKW7dHiME33yJnm"
"Global Partners LP (GLP) 10-Q for Q3, 2022","P.O. BOX 9161,WALTHAM,MA,02454","https://auditchain.finance/analysis/QmRPTvy76yTPPoZMDEeo4PhPnP1QdW8YGs5AVRLpDWurJS"
"Williams Industrial Services Group Inc. (WLMS) 10-Q for Q3, 2022","200 ASHFORD CENTER NORTH,ATLANTA,GA,30338","https://auditchain.finance/analysis/QmNZ1zxo5uUueigaoUv9RFZ6Be9WxdeNbnCKkxicVvJ4hY"
"GLOBAL TECH INDUSTRIES GROUP, INC. () 10-Q for Q3, 2022","511 SIXTH AVENUE, SUITE 800,NEW YORK,NY,10011","https://auditchain.finance/analysis/QmSZUp9c6umQQXcmhNK4pLkL7kxUP5jp5CPL2GjzeapTxz"
"IF Bancorp, Inc. (IROQ) 10-Q for Q1, 2022","201 E. CHERRY ST,WATSEKA,IL,60970","https://auditchain.finance/analysis/QmV7TW5uX4HJE2YswhLgLiydRZ4phS5WT1BNXiKeqbozjg"
"COHERENT CORP. (COHR) 10-Q for Q1, 2023","375 SAXONBURG BLVD,SAXONBURG,PA,16056","https://auditchain.finance/analysis/QmT6ZoDTyTHA97vUJx3Q2LkFDEBJGuEXNe1CMihmQQ58bm"
"ILLINOIS TOOL WORKS INC (ITW) 10-Q for Q3, 2022","155 HARLEM AVENUE,GLENVIEW,IL,60025","https://auditchain.finance/analysis/QmS9Ui6mVmTvZRz53KXCyXzWUE86hcQvSKGzyYrq89YySk"
"GLOBAL TECH INDUSTRIES GROUP, INC. () 10-Q for Q3, 2022","511 SIXTH AVENUE, SUITE 800,NEW YORK,NY,10011","https://auditchain.finance/analysis/QmbooUPFmBnj7N9RR1Ecw92ePGG7CifEbLKMUFdibeainS"
"GRAPEFRUIT USA, INC. (GPFT) 10-Q for Q3, 2022","10866 WILSHIRE BLVD.,LOS ANGELES,CA,90024","https://auditchain.finance/analysis/QmW9pntLGD1LGwi2dFwPNcREBhLn2LeRQMVn7tkgiDqMPo"
"Immersion Corporation (IMMR) 10-Q for Q3, 2022","2999 N. E. 191ST STREET,AVENTURA,FL,33180","https://auditchain.finance/analysis/QmVpg5bcqFEUvdjBmGZoFEEQTFpmEPJKkStxXbuTLcWMp6"
"ImmunoGen, Inc. (IMGN) 10-Q for Q3, 2022","830 WINTER ST,WALTHAM,MA,02451","https://auditchain.finance/analysis/QmUzynUu1MYJSgt5twrG6vseWq93EyqyPHHZvRhUQQTgiB"
"SYNEOS HEALTH, INC. (SYNH) 10-Q for Q3, 2022","1030 SYNC STREET,MORRISVILLE,NC,27560","https://auditchain.finance/analysis/Qmdpt75sA4EDL2RuNyCYrbMqbMsmKMeQnwDfq1e3rR5xp6"
"INCYTE CORPORATION (INCY) 10-Q for Q3, 2022","1801 AUGUSTINE CUT-OFF,WILMINGTON,DE,19803","https://auditchain.finance/analysis/QmXZa5TBMpfKsURKzokx7VuiZRoaNsN4MGNhCQVNT13n45"
"INFINITY PHARMACEUTICALS, INC. (INFI) 10-Q for Q3, 2022","1100 MASSACHUSETTS AVENUE,CAMBRIDGE,MA,02138","https://auditchain.finance/analysis/QmdYzoaU3j3PGNgi7eqs63M5wLctJxMY3tD76FrN9SU22T"
"TRANE TECHNOLOGIES PLC (TT) 10-Q for Q3, 2022","170/175 LAKEVIEW DRIVE,CO. DUBLIN,L2,00000","https://auditchain.finance/analysis/QmdFgSiwXAniPaz7fqAzkdrXwJ7ET9Ahx5KXAanDv6vTLU"
"The Gorman-Rupp Company (GRC) 10-Q for Q3, 2022","600 SOUTH AIRPORT ROAD,MANSFIELD,OH,44901","https://auditchain.finance/analysis/QmeDXjRYY21i1Ls1emjfqdhJeW4CBMK6mKfb4s57oushBz"
"UNIQUE LOGISTICS INTERNATIONAL, INC. () 10-Q for Q1, 2023","154-09 146TH AVE,JAMAICA,NY,11434","https://auditchain.finance/analysis/QmZZvrm9CLksTVr36YzrvW7CcdpcTcB7XyimM8UZoNM1Wm"
"GRAND CANYON EDUCATION, INC. (LOPE) 10-Q for Q3, 2022","2600 W. CAMELBACK ROAD,PHOENIX,AZ,85017","https://auditchain.finance/analysis/QmTNXUDMh11N3kqQrYQe4hXiNW9CjgTsFynnDghDLAbJbB"
"INSEEGO CORP. (INSG) 10-Q for Q3, 2022","9710 SCRANTON ROAD,SAN DIEGO,CA,92121","https://auditchain.finance/analysis/QmSqMwoMCdu959oPvJ5JZ2cbwg78vbHuBNRMS2jf95J7S4"
"GRAYBAR ELECTRIC COMPANY, INC. () 10-Q for Q3, 2022","34 N MERAMEC AVE,ST LOUIS,MO,63105","https://auditchain.finance/analysis/QmYJDXgxBCRGnfigcqPNAvNFhkMQESiJA4DKZ5fshYV7nW"
"INSMED INC (INSM) 10-Q for Q3, 2022","700 US HIGHWAY 202/206,BRIDGEWATER,NJ,08807","https://auditchain.finance/analysis/QmPsix3xCu2ppRZcUSBUX8qrV7ZAbY2yB1ScnDzvRZaDp4"
"GREENE COUNTY BANCORP, INC. (GCBC) 10-Q for Q1, 2023","302 MAIN STREET,CATSKILL,NY,12414","https://auditchain.finance/analysis/QmVkCeX1vA21152FHwF49dZDg66MK6X5d2vhr4yDZXBfwN"
"Installed Building Products, Inc. (IBP) 10-Q for Q3, 2022","495 SOUTH HIGH STREET, SUITE 50,COLUMBUS,OH,43215","https://auditchain.finance/analysis/QmUHCV1GCjCHXF5XyzR7khUPz5S7DSKCc9XbBWx9cd8Ho5"
"GTJ REIT, INC. () 10-Q for Q3, 2022","60 HEMPSTEAD AVENUE,WEST HEMPSTEAD,NY,11552","https://auditchain.finance/analysis/QmPiabv8inpvaBHccXXzqTMWH9TSk2whNNRR4qKYsuo1Tk"
"GREIF, INC. (GEF) 10-Q for Q3, 2022","425 WINTER ROAD,DELAWARE,OH,43015","https://auditchain.finance/analysis/QmbZuxuykjSnGeTecSiXBZdVvwDoJdoL2ViAG3H9bkNHZY"
"Cohen & Co Inc. (COHN) 10-Q for Q3, 2022","CIRA CENTRE, 2929 ARCH STREET,PHILADELPHIA,PA,19104-2870","https://auditchain.finance/analysis/QmetQ14U7v1TMujVJFujBiRQz2WpduEtp9SqfHLNXfE2Lc"
"METALERT INC. (GTXO) 10-Q for Q3, 2022","117 WEST 9TH STREET,,LOS ANGELES,,CA,90015","https://auditchain.finance/analysis/QmeJnZYhSbKfcWdUQwjgQmWsRC9Cfsvt5cijVms7dJQ4Uf"
"Gulf Island Fabrication, Inc. (Gifi) 10-Q for Q3, 2022","2170 BUCKTHORNE PL,THE WOODLANDS,TX,77380","https://auditchain.finance/analysis/QmTukisueJW1vgB9zwDYabcbisk544DzeLGVcwjHWvUgNv"
"INTEGRA LIFESCIENCES HOLDINGS CORP (IART) 10-Q for Q3, 2022","1100 CAMPUS ROAD,PRINCETON,NJ,08540","https://auditchain.finance/analysis/QmVt589XEQpeAWxwidA2A2H6HjF777G1CtG86tkYcT2h9Q"
"GULF RESOURCES, INC. (GURE) 10-Q for Q3, 2022","LEVEL 11, VEGETABLE BUILDING,SHOUGUANG CITY, SHANDONG,F4,262700","https://auditchain.finance/analysis/QmbjMFjJCFtYJb81qvwxwnskds6PQ5jAJPADgzRsqGWpVv"
"Gulfport Energy Corp (GPOR) 10-Q for Q3, 2022","14313 NORTH MAY AVENUE,OKLAHOMA CITY,OK,73134","https://auditchain.finance/analysis/QmXzHsji1ZScjAXsJ7vQW3Ge8pgvNXPKugwsi3yv5FLfYH"
"SHENGSHI ELEVATOR INTERNATIONAL HOLDING GROUP INC. () 10-Q for Q3, 2022","ROOM 2106, BEAUTIFUL GROUP TOWER,HONG KONG,F4,00000","https://auditchain.finance/analysis/QmcHAwT3WgSWbRXkofAvej66bTzmuacH9HjmbW1XdUnYUW"
"Gates Industrial Corporation plc (GTES) 10-Q for Q3, 2022","1144 FIFTEENTH STREET,DENVER,CO,80202","https://auditchain.finance/analysis/QmVEQNFFudrvLm1heSgRq3ct84kDskiMkW5MVxhFGyXTHY"
"THE ARENA GROUP HOLDINGS, INC. (AREN) 10-Q for Q3, 2022","1500 FOURTH AVENUE, SUITE 200,SEATTLE,WA,98101","https://auditchain.finance/analysis/QmfHbLKyEMFdeaJ4HEamEEhRLdhchYY6fQBsHduXmEJBsW"
"GeoVax Labs, Inc. (GOVX) 10-Q for Q3, 2022","1900 LAKE PARK DRIVE,SMYRNA,GA,30080","https://auditchain.finance/analysis/QmRqRDzppoMgLwJ3SHyB3rvEyqXfGAXNgXem9BGp7XVTWv"
"INTERLINK ELECTRONICS, INC (LINK) 10-Q for Q3, 2022","1 JENNER, SUITE 200,IRVINE,CA,92618","https://auditchain.finance/analysis/QmQ9kVyqHw8bfzQNRpakLaFp1X1RJB8h4G9d5yBwZgvqfv"
"INTERNATIONAL FLAVORS & FRAGRANCES INC (IFF) 10-Q for Q3, 2022","521 W 57TH ST,NEW YORK,NY,10019","https://auditchain.finance/analysis/QmQ8hHs3jB1Pxc9VKjGTuX5QUUj3L3tXbWaU42d7A8DAm1"
"PURPLE INNOVATION, INC. (PRPL) 10-Q for Q3, 2022","4100 N. CHAPEL RIDGE RD,LEHI,UT,84043","https://auditchain.finance/analysis/QmbbLQaxG3MmZMV9diMhnp3EmVV37HEqdmFeugp6qBfgDv"
"Global Water Resources, Inc. (GWRS) 10-Q for Q3, 2022","21410 N. 19TH AVENUE,PHOENIX,AZ,85027","https://auditchain.finance/analysis/QmYVaEQtQXdXmKLyY1gJUfD69mxP52P2t1SafimDsAYhbc"
"Alpha Investment Inc. () 10-Q for Q2, 2022","200 EAST CAMPUS VIEW BLVD,COLUMBUS,OH,43235","https://auditchain.finance/analysis/QmXk9bR1vMpzc8o4icta2X22T7xkAZyL6X15GTTqowTpiT"
"INTERNATIONAL TOWER HILL MINES LTD. (THM) 10-Q for Q3, 2022","200 GRANVILLE STREET,VANCOUVER,A1,V6C 1S4","https://auditchain.finance/analysis/QmfUUw6d856Rwcd1bAr7WfFTkQhVuCYoAGb2hbLAU4ztDi"
"INTEST CORP (INTT) 10-Q for Q3, 2022","804 EAST GATE DR., SUITE 200,MT. LAUREL,NJ,08054","https://auditchain.finance/analysis/Qme3y2msGMAKNLb68psQ7xjN1kn1RqeKH1N4T8YwHT6WFE"
"Golden Minerals Co (AUMN) 10-Q for Q3, 2022","350 INDIANA STREET, SUITE 800,GOLDEN,CO,80401","https://auditchain.finance/analysis/QmUmzkL5AD5iPKs1ahPk5M2gbZwsdesqdxrWC8oqS7Bwuy"
"Alpha Investment Inc. () 10-Q for Q2, 2022","200 EAST CAMPUS VIEW BLVD,COLUMBUS,OH,43235","https://auditchain.finance/analysis/QmcKAGDvvU5EsfuhdJsy6hB5yFKedpUQzj9q1aU5KW74p8"
"CARDLYTICS, INC. (CDLX) 10-Q for Q3, 2022","675 PONCE DE LEON AVENUE, NE,ATLANTA,GA,30308","https://auditchain.finance/analysis/QmajpWmQEnJM7kKysEbDtPqtozUZX6goPXNS5STfUpj9z6"
"CAREVIEW COMMUNICATIONS, INC. () 10-Q for Q3, 2022","405 STATE HIGHWAY 121,LEWISVILLE,TX,75067","https://auditchain.finance/analysis/QmcDZ51dg8B5fAp8P6U1eT1RZD7TiZh4815Z8msM5A8YFR"
"InVivo Therapeutics Holdings Corp. (NVIV) 10-Q for Q3, 2022","ONE KENDALL SQUARE,CAMBRIDGE,MA,02139","https://auditchain.finance/analysis/QmP76oJKD877VTjKff2TsauHywTej1JgJagr58WNjh1TCv"
"Luminar Technologies, Inc./DE (LAZR) 10-Q for Q3, 2022","2603 DISCOVERY DRIVE, SUITE 100,ORLANDO,FL,32826","https://auditchain.finance/analysis/Qmb88RrjBFQ82HP5QABgZHC6Pq37JjwJkPFamCvyE6Na7r"
"Cavitation Technologies, Inc. () 10-Q for Q1, 2023","10019 CANOGA AVENUE,CHATSWORTH,,CA,91311","https://auditchain.finance/analysis/QmYPac6eqXwZ4Z4QLSQydmwrnnE5SHCUJuL7t3BtNP6DzZ"
"CELCUITY INC. (CELC) 10-Q for Q3, 2022","16305 36TH AVENUE N,MINNEAPOLIS,MN,55446","https://auditchain.finance/analysis/QmU7a2yc8zQs5BcmzRMUkHvpPEwEUNtSY5s4wbrRvT4afe"
"GOLDRICH MINING COMPANY () 10-Q for Q3, 2022","2525 E. 29TH AVE. STE. 10B-160,SPOKANE,WA,99223","https://auditchain.finance/analysis/QmcGLZYPGxdbS6CWmTdxF1aJRHMsBxarPuULcpgWAisqff"
"Great Lakes Dredge & Dock Corporation (GLDD) 10-Q for Q3, 2022","9811 KATY FREEWAY,HOUSTON,TX,77024","https://auditchain.finance/analysis/Qme4WgppxroNXetjZkpspYeQRjE9ok98zTRHueGHWjxAhS"
"IPALCO ENTERPRISES, INC. () 10-Q for Q3, 2022","ONE MONUMENT CIRCLE,INDIANAPOLIS,IN,46204","https://auditchain.finance/analysis/Qmc8KrvGvw6M59XBj6LgaQYHRwKgMHBhYfzprNQTvbqPNg"
"IPG PHOTONICS CORP (IPGP) 10-Q for Q3, 2022","50 OLD WEBSTER ROAD,OXFORD,MA,01540","https://auditchain.finance/analysis/QmYRQzpkTY4Da5FWBNgd4AikUcNjXGgUe1RmtXK9HKC8L1"
"GREENLAND TECHNOLOGIES HOLDING CORPORATION (GTEC) 10-Q for Q3, 2022","50 MILLSTONE ROAD, BUILDING 400,EAST WINDSOR,NJ,08512","https://auditchain.finance/analysis/QmaygAp1CQRWnbAmdraUcQAit2euXC32HrZQPiHtUA6N6t"
"IRIDEX CORP (IRIX) 10-Q for Q3, 2022","1212 TERRA BELLA AVE,MOUNTAIN VIEW,CA,94043","https://auditchain.finance/analysis/QmdnVpi4q1pdV1S1TQZoT4S35ZhV66bPKSCzopcVSxtCs1"
"iROBOT CORPORATION (IRBT) 10-Q for Q3, 2022","8 CROSBY DRIVE,BEDFORD,MA,01730","https://auditchain.finance/analysis/QmeqwM45S6WC1CbdE16aSLRrWLrebhnKRT1ERSWcTFbhi7"
"Groupon, Inc. (GRPN) 10-Q for Q3, 2022","600 WEST CHICAGO AVENUE, SUITE 400,CHICAGO,IL,60654","https://auditchain.finance/analysis/QmQps7RWXFgDQSCbryxc4kaV5svL4yK8MNswyro2VyVFVY"
"ITERIS, INC. (ITI) 10-Q for Q2, 2023","1250 S. CAPITAL OF TEXAS HWY.,AUSTIN,TX,78746","https://auditchain.finance/analysis/QmdRcu2suUN7Qd6t39gZf2KmHt8ZKLh2an8qstUiSNPEkm"
"GUARDANT HEALTH, INC. (GH) 10-Q for Q3, 2022","3100 HANOVER STREET,PALO ALTO,CA,94304","https://auditchain.finance/analysis/QmerH2FPZXRgoQmGTV5T8nkAXieWMmcXPTfr9BYFuEdHng"
"HIGH SIERRA TECHNOLOGIES, INC. () 10-Q for Q3, 2022","2560 GREENSBORO DRIVE,RENO,NV,89509","https://auditchain.finance/analysis/QmV1aqJdfgar3n2dNpN1EzZCHwDWVwLadxDU7Z2Jy2rbR9"
"H&E Equipment Services, Inc. (HEES) 10-Q for Q3, 2022","7500 PECUE LANE,BATON ROUGE,LA,70809","https://auditchain.finance/analysis/QmZc134ZmGqzhUMhiTTcePvRCc3M7aix9bJ4MBqmEv7Psp"
"ITT INC. (ITT) 10-Q for Q3, 2022","100 WASHINGTON BLVD,STAMFORD,CT,06902","https://auditchain.finance/analysis/QmUy9g8UyT8yDHVUnrqZjJ33LhUfDS6FWP2b8VY2WXNWNa"
"THE HAIN CELESTIAL GROUP, INC. (HAIN) 10-Q for Q1, 2023","1111 MARCUS AVENUE,LAKE SUCCESS,NY,11042","https://auditchain.finance/analysis/QmagCVB2GXmhWLrQvWrRP9Nmg74FVbaocSCgGVpyP6bePm"
"AVANOS MEDICAL, INC. (AVNS) 10-Q for Q3, 2022","5405 WINDWARD PARKWAY,ALPHARETTA,GA,30004","https://auditchain.finance/analysis/QmRXwhvL4YgSWRdLozty8uCc4RCB2xMs4ASQvEocKBoYbS"
"AVALO THERAPEUTICS, INC. (AVTX) 10-Q for Q3, 2022","540 GAITHER ROAD,ROCKVILLE,MD,20850","https://auditchain.finance/analysis/Qmev327FmiGBq3mqNkWrU1AemWSFqT5cUPhUCwxqKZ25FN"
"Ceridian HCM Holding Inc. (CDAY) 10-Q for Q3, 2022","3311 EAST OLD SHAKOPEE ROAD,MINNEAPOLIS,MN,55425","https://auditchain.finance/analysis/QmXe6gEAdx2x32SBN1SacsE4YsnzEPeAZL7u3rLdpyTHn5"
"AVANOS MEDICAL, INC. (AVNS) 10-Q for Q3, 2022","5405 WINDWARD PARKWAY,ALPHARETTA,GA,30004","https://auditchain.finance/analysis/QmVQYzDff8yBAizwHXNkrL7ihCAGBvTifZ1pSTnBWNaKgF"
"HAMILTON BEACH BRANDS HOLDING COMPANY (HBB) 10-Q for Q3, 2022","4421 WATERFRONT DRIVE,GLEN ALLEN,VA,23060","https://auditchain.finance/analysis/QmWrNZ46zbfXP11xvj2yXUUXEEth1dvo9kQuD21owDjvP6"
"Grid Dynamics Holdings, Inc. (GDYN) 10-Q for Q3, 2022","7660 FAY AVENUE,LA JOLLA,CA,92037","https://auditchain.finance/analysis/QmPHRRgrCd439ZomQmnb8CAHxrnPFEiwK69toJdKUNNap3"
"INTRA-CELLULAR THERAPIES, INC. (ITCI) 10-Q for Q3, 2022","430 EAST 29TH STREET,NEW YORK,NY,10016","https://auditchain.finance/analysis/QmNuZhD3WSyRVAt1j54XUMTZw1hYH7FF1AdrBzi4HKh3xz"
"BiomX Inc. (PHGE) 10-Q for Q3, 2022","22 EINSTEIN ST., 4TH FLOOR,NESS ZIONA,L3,7414003","https://auditchain.finance/analysis/QmZXDu12s15pfdS23oEpmwVKQCuqbRg5LGFrA8F61LFoZ3"
"The Chemours Company (CC) 10-Q for Q3, 2022","1007 MARKET STREET,WILMINGTON,DE,19801","https://auditchain.finance/analysis/QmRMZTGbsRDuHPTPkiyNfuUtUbuAA4vN5eBDFLE9VEzx9n"
"Inuvo, Inc. (INUV) 10-Q for Q3, 2022","500 PRESIDENT CLINTON AVE., STE. 300,LITTLE ROCK,AR,72201","https://auditchain.finance/analysis/QmYLaAERX4ZCor7yVaXEW8p6ZuB1MmPXiXBiezyL97z3JY"
"HARTE HANKS INC (HHS) 10-Q for Q3, 2022","9601 MCALLISTER FREEWAY,SAN ANTONIO,TX,78216","https://auditchain.finance/analysis/QmUvSDuBPzqLsY82MjLQvSEheZ3Pp2uHZ87A9HpdpbcPkG"
"HAWAIIAN ELECTRIC INDUSTRIES, INC. (HE) 10-Q for Q3, 2022","1001 BISHOP STREET, SUITE 2900,HONOLULU,HI,96813","https://auditchain.finance/analysis/QmWsu3gKbJxspfNTkBrSyrQxT9jeKPk16rDmhdnsdw49ro"
"CHESAPEAKE ENERGY CORPORATION (CHK) 10-Q for Q3, 2022","6100 N WESTERN AVE,OKLAHOMA CITY,OK,73118","https://auditchain.finance/analysis/QmXzawxpwB9s9F4kuXZYMEcyinNboA7dz7RaEwwwjzQvLf"
"Jacksam Corporation (JKSM) 10-Q for Q3, 2022","30191 AVENIDA DE LAS BANDERAS STE B,RANCHO SANTA MARGARITA,CA,92688","https://auditchain.finance/analysis/QmQMnQ6tjZcLehg5hQfhm3t6XT3oaDbMp7aVDD1ycg2Mtj"
"INNOVATE CORP. (VATE) 10-Q for Q3, 2022","295 MADISON AVENUE,NEW YORK,NY,10017","https://auditchain.finance/analysis/QmdTUU6f7NSX9ymXUx8vCFAiqPzeEsfRYJBLTWwUaSUKmF"
"ConnectOne Bancorp, Inc. (CNOB) 10-Q for Q3, 2022","301 SYLVAN AVENUE,ENGLEWOOD CLIFFS,NJ,07632","https://auditchain.finance/analysis/QmdE6hVPzb8EfxFBTG7vLRBqAjZh3kqHxfX7ojbFejpKXx"
"COGNEX CORP (CGNX) 10-Q for Q3, 2022","ONE VISION DR,NATICK,MA,01760","https://auditchain.finance/analysis/QmSWHnJexKYPXLWS3PbWfFe2rJ5evf9qmfpsX8rcrQS6Jm"
"Invitae Corporation (NVTA) 10-Q for Q3, 2022","1400 16TH STREET,SAN FRANCISCO,CA,94103","https://auditchain.finance/analysis/QmeLpEpJ57v5vLnzwBESbpFQVLWZidv8YZoZnD9QKhCN8Z"
"COHEN & STEERS, INC. (CNS) 10-Q for Q3, 2022","280 PARK AVENUE 10TH FLOOR,NEW YORK,NY,10017","https://auditchain.finance/analysis/QmRvApEZLwKseQGUmavAhZwsCkJw4eojakoVwSzhG4cksk"
"Iridium Communications Inc. (IRDM) 10-Q for Q3, 2022","1750 TYSONS BOULEVARD,MCLEAN,VA,22102","https://auditchain.finance/analysis/QmUvL8S5SAnn5UGrFimtE3KRVX5tWZWCLkZbQmWqVjMt6c"
"CIDARA THERAPEUTICS, INC. (CDTX) 10-Q for Q3, 2022","6310 NANCY RIDGE DRIVE,SAN DIEGO,CA,92121","https://auditchain.finance/analysis/QmaGsHCf61yzuyGd26qw3Q4voeVcQmMtWBHgJ47p8CDzCv"
"COLUMBIA BANKING SYSTEM, INC. (COLB) 10-Q for Q3, 2022","1301 A STREET,TACOMA,WA,98402","https://auditchain.finance/analysis/QmXW79iAYedpXZvHE1FKeh4CE3oHyKVnixX3hUKqrZ96Vr"
"COMFORT SYSTEMS USA, INC. (FIX) 10-Q for Q3, 2022","675 BERING DRIVE,HOUSTON,TX,77057","https://auditchain.finance/analysis/QmfQKPfTi7NFUyDjhJ2g8a8dkcRYnaGdmhxUQ31LaHBrzn"
"ZIFF DAVIS, INC. (ZD) 10-Q for Q3, 2022","114 5TH AVENUE,NEW YORK,NY,10011","https://auditchain.finance/analysis/QmXPuW6HfRhJHxHgTEN4qyDXqF1LpQuuwjsHJHNQT23f4Z"
"PINEAPPLE ENERGY INC. (PEGY) 10-Q for Q3, 2022","10900 RED CIRCLE DRIVE,MINNETONKA,MN,55343","https://auditchain.finance/analysis/QmTVJtgacZhZ2MMXNn8fWMbtPwsR1qnwecUELY2Uixsr3k"
"JELD-WEN Holding, Inc. (JELD) 10-Q for Q3, 2022","2645 SILVER CRESCENT DRIVE,CHARLOTTE,NC,28273","https://auditchain.finance/analysis/QmYcBNpXNUf6jrDvfynR5Ct89ZVZngysEYQjYp8odBQFaG"
"COMMUNITY WEST BANCSHARES (CWBC) 10-Q for Q3, 2022","445 PINE AVE,GOLETA,CA,93117","https://auditchain.finance/analysis/QmZ8tKP5Etb6up8Bev4eGX5s6D4P7wo6ibHaPxymmv1Qrd"
"COMSTOCK RESOURCES, INC. (CRK) 10-Q for Q3, 2022","5300 TOWN AND COUNTRY BLVD,FRISCO,TX,75034","https://auditchain.finance/analysis/QmV6Ey2Qw27VRaa5QedfRebJNz8MXddCZcyiB27sZRvBLL"
"Healthpeak Properties, Inc. (PEAK) 10-Q for Q3, 2022","5050 SOUTH SYRACUSE STREET,DENVER,CO,80237","https://auditchain.finance/analysis/QmUpZ78KKketMBuCuKYzD5TcNsdVJaeoBqzy5VMTS1wfBL"
"Marygold Companies, Inc.  (MGLD) 10-Q for Q1, 2023","120 CALLE IGLESIA, UNIT B,SAN CLEMENTE,CA,92672","https://auditchain.finance/analysis/QmdJh57Zo6rRYmcZh9rqytHo7yA4zhpizmrevUdDbAKX1W"
"CLEAN ENERGY FUELS CORP. (CLNE) 10-Q for Q3, 2022","4675 MACARTHUR COURT, SUITE 800,NEWPORT BEACH,CA,92660","https://auditchain.finance/analysis/QmdFgEmrPrSagq7xKgVKFv9EZZ1upYygnDc9LN8RjV531k"
"CONSOL Energy Inc (CEIX) 10-Q for Q3, 2022","275 TECHNOLOGY DRIVE,CANONSBURG,PA,15317","https://auditchain.finance/analysis/QmUkDKF49uGAhGhDzunH5aeLRfcjottLbDGbRNYYnKYh9H"
"Consolidated Edison, Inc. (ED) 10-Q for Q3, 2022","4 IRVING PLACE,NEW YORK,NY,10003","https://auditchain.finance/analysis/QmXG4DFZyERV7nUGiwnXMytLc2hYKa191TxTZC2rdDYAik"
"JPMorgan Chase & Co (JPM) 10-Q for Q3, 2022","383 MADISON AVENUE,NEW YORK,NY,10017","https://auditchain.finance/analysis/QmPJE8np7ksgCwJ8fSeWuAxCRc8pjeCKG4qkAFJQw3uTW1"
"CTO REALTY GROWTH, INC. (CTO) 10-Q for Q3, 2022","369 N. NEW YORK AVE.,WINTER PARK,FL,32789","https://auditchain.finance/analysis/Qmdrj7Ydn2Fv6xAEpvqjpppepBCzvofQ44PoxFyVrjGrUg"
"JRSIS HEALTH CARE CORPORATION. () 10-Q for Q3, 2022","3/F BUILDING A, DERUN YUAN,WUGUISHAN, ZHONGSHAN CITY,F4,528458","https://auditchain.finance/analysis/Qmdsmbw2J8yTM4hGpJzsJ7Vf7W11e4ojZ3MpYGSv9tVNyj"
"NEWPOINT FINANCIAL CORP. () 10-Q for Q3, 2022","433 NORTH CAMDEN DRIVE, SUITE 725,BEVERLY HILLS,CA,90210","https://auditchain.finance/analysis/QmaL7ojWZFynCi8SiR9SNgYRrtj52Hkny66gar1KRS2Te6"
"NightHawk Biosciences, Inc. (NHWK) 10-Q for Q3, 2022","627 DAVIS DRIVE,MORRISVILLE,NC,27560","https://auditchain.finance/analysis/QmcZYbFbYaF83uKd6E3siLaR1iCJTNgfbxnBDwnFN2jNvr"
"NightHawk Biosciences, Inc. (NHWK) 10-Q for Q3, 2022","627 DAVIS DRIVE,MORRISVILLE,NC,27560","https://auditchain.finance/analysis/QmawdCX5Xyz9ohw8SnDNDX6tgnT7gPoJvXKXVKwWSS3j8T"
"HECLA MINING CO/DE/ (HL) 10-Q for Q3, 2022","6500 N MINERAL DRIVE SUITE 200,COEUR D'ALENE,ID,83815-9408","https://auditchain.finance/analysis/QmStpoQRLGkGVtqPubMhoxDi8RsnVHuhcN392rvmLtsKZx"
"HELIX ENERGY SOLUTIONS GROUP, INC. (HLX) 10-Q for Q3, 2022","3505 W SAM HOUSTON NORTH,HOUSTON,TX,77043","https://auditchain.finance/analysis/QmTiD89ZJLxRsQQCu7LFmrHW9zEk8NgM1RGoGxbLjatWLk"
"HENRY JACK & ASSOCIATES INC (JKHY) 10-Q for Q1, 2023","PO BOX 807,MONETT,MO,65708-0807","https://auditchain.finance/analysis/QmRvsUhkfZpbQ8kf5u6CXMx3SZ1pmzRoLrMArBtEjtcHQs"
"HERC HOLDINGS INC. (HRI) 10-Q for Q3, 2022","27500 RIVERVIEW CENTER BLVD,BONITA SPRINGS,FL,34134","https://auditchain.finance/analysis/QmXU1xd9cuPZLRrmhgfJbA43ScUufa2Cu9bdVH1uQehbHo"
"HERITAGE FINANCIAL CORP (HFWA) 10-Q for Q3, 2022","201 FIFTH AVENUE S.W.,OLYMPIA,WA,98501","https://auditchain.finance/analysis/QmYrvam8meuXBC4xGshCqvkMSWqyWXUp5EucZb93H9io4c"
"HERON THERAPEUTICS, INC. /DE/ (HRTX) 10-Q for Q3, 2022","4242 CAMPUS POINT COURT, SUITE 200,SAN DIEGO,CA,92121","https://auditchain.finance/analysis/QmS9ECiSjX1Nrgq1rm2PTQJoLPxPAZpX7JHN8yjNfNqM4N"
"HERTZ GLOBAL HOLDINGS, INC (HTZ) 10-Q for Q3, 2022","8501 WILLIAMS ROAD,ESTERO,FL,33928","https://auditchain.finance/analysis/QmSbvivNeAapvnYzau8hUzvVd1A5Sxwwx4gTRRJsMB6Z1b"
"Hexcel Corporation (HXL) 10-Q for Q3, 2022","TWO STAMFORD PLAZA,STAMFORD,CT,06901","https://auditchain.finance/analysis/QmQXRL1YMRRQe7YJcmiWBNC4uQXLAPBtZhgsywPafaTpad"
"Creatd, Inc. () 10-Q for Q3, 2022","419 LAFAYETTE STREET, 6TH FLOOR,NEW YORK,NY,10003","https://auditchain.finance/analysis/QmRjznsPVwaKJvB7ybXvxXecRsEDMgt6CD6fDWpkkjrk2T"
"HOLLY ENERGY PARTNERS LP (HEP) 10-Q for Q3, 2022","2828 N. HARWOOD,DALLAS,TX,75201","https://auditchain.finance/analysis/QmeBZ7kWYsAWBJw1q2yENHGDz2SvMXBZKgYk1p2pUkTuxy"
"HUMANIGEN, INC (HGEN) 10-Q for Q3, 2022","830 MORRIS TURNPIKE,SHORT HILLS,NJ,07078","https://auditchain.finance/analysis/Qmc1virBFS4zAhMwZ2WQsyCa3bovFa1bDzJRRLHq3MjH2P"
"Karyopharm Therapeutics Inc. (KPTI) 10-Q for Q3, 2022","85 WELLS AVENUE,NEWTON,MA,02459","https://auditchain.finance/analysis/QmVCw8sm9qEMovqyRPBqkopKtX1t9DfYRLXridLKYHUsXG"
"HOLLY ENERGY PARTNERS LP (HEP) 10-Q for Q3, 2022","2828 N. HARWOOD,DALLAS,TX,75201","https://auditchain.finance/analysis/QmQZDz9kbibxASJWUhwx7Z19GCQ7uehSL9HTJTRMtHQW7y"
"HOME DEPOT, INC. (HD) 10-Q for Q3, 2022","2455 PACES FERRY ROAD,ATLANTA,GA,30339-4024","https://auditchain.finance/analysis/QmYLTaYJ8Wu7yYByqs6kRKKEnxS5okRtRitpn2PRLatm8F"
"HORACE MANN EDUCATORS CORPORATION (HMN) 10-Q for Q3, 2022","1 HORACE MANN PLZ,SPRINGFIELD,IL,62715-0001","https://auditchain.finance/analysis/QmVSHrz6fQSZMYko4fLHrzyGWiNtDdDijHMdLrcoKXGH3i"
"HORIZON THERAPEUTICS PUBLIC LIMITED COMPANY (HZNP) 10-Q for Q3, 2022","CONNAUGHT HOUSE, 1ST FLOOR,DUBLIN,L2,4","https://auditchain.finance/analysis/QmZ51Ceo8QpXExnTPpThHozgr7NmKVUZUaUobNEXdAagKX"
"KEY TRONIC CORPORATION (KTCC) 10-Q for Q1, 2023","4424 N. SULLIVAN ROAD,SPOKANE,WA,99216","https://auditchain.finance/analysis/QmRDS8dm3HZpWtyoNw6Goc4jaPcCBwSZwmBrQeDbeQ5cxK"
"KEMPHARM, INC (KMPH) 10-Q for Q3, 2022","1180 CELEBRATION BOULEVARD, SUITE 103,CELEBRATION,FL,34747","https://auditchain.finance/analysis/QmUDaFVYeCXjytiZpzCtu8fvjBmM3VSVwqDuxHMLKA1dwt"
"HOSTESS BRANDS, INC. (TWNK) 10-Q for Q3, 2022","7905 QUIVIRA ROAD,LENEXA,KS,66215","https://auditchain.finance/analysis/QmVd556iAeECkZ42fqW4ipP4qNCvocGNhP7yVXmL53ZF9b"
"KIMBALL INTERNATIONAL, INC. (KBAL) 10-Q for Q1, 2023","1600 ROYAL ST,JASPER,IN,47546-2256","https://auditchain.finance/analysis/QmPcgKiqHr2uZ9sbWFSchGuRBDdGAh91YFC63x4nAEi6Ns"
"HUBBELL INC (HUBB) 10-Q for Q3, 2022","40 WATERVIEW DR,SHELTON,CT,06484-1000","https://auditchain.finance/analysis/QmVKyjSB3GSViYv5LpsTcQCrF7SYPtCWcwGWRKKtkp8TKT"
"KIMCO REALTY CORP (KIM) 10-Q for Q3, 2022","500 NORTH BROADWAY,JERICHO,NY,11753","https://auditchain.finance/analysis/QmePwBdzxCSPsAiEvKuQjTfGHxKd9cevCdGhs1eHKU6RZB"
"KIRBY CORPORATION (KEX) 10-Q for Q3, 2022","55 WAUGH DRIVE SUITE 1000,HOUSTON,TX,77007","https://auditchain.finance/analysis/QmccuP6BUZxrwvwvqupip4GASDcvaXUr9KHs5HtSVVLBoz"
"Huntington Bancshares Incorporated (HBANP) 10-Q for Q3, 2022","HUNTINGTON CTR,COLUMBUS,OH,43287","https://auditchain.finance/analysis/QmcZRmET7rCwmmTZjVioqJwEGFEfMHvWgk45unCVxPtX4o"
"KLA CORPORATION (KLAC) 10-Q for Q1, 2023","ONE TECHNOLOGY DRIVE,MILPITAS,CA,95035","https://auditchain.finance/analysis/Qmd4vqivSzv8UoJ2BRpnnuDfZDomYoxfq4AthXJ6zqo5FS"
"ARTELO BIOSCIENCES, INC. (ARTL) 10-Q for Q3, 2022","505 LOMAS SANTA FE, SUITE 160,SOLANA BEACH,CA,92075","https://auditchain.finance/analysis/QmVwLZ6zWoALzR4dqgtoYUrfqyR3CWQYYxgLfEqoJzjdr9"
"enVVeno Medical Corporation (NVNO) 10-Q for Q3, 2022","70 DOPPLER,IRVINE,CA,92618","https://auditchain.finance/analysis/QmSGS3SFBgaNKwGhp7vUQZsYmkcL4TgNktcLjJQhAYgAPp"
"HANNON ARMSTRONG SUSTAINABLE INFRASTRUCTURE CAPITAL, INC. (HASI) 10-Q for Q3, 2022","ONE PARK PLACE, SUITE 200,ANNAPOLIS,MD,21401","https://auditchain.finance/analysis/QmWhroiGsuyzyoX1jaYcbxayU5X4tbTTezPfYgdzhQMFVq"
"NVIDIA CORP (NVDA) 10-Q for Q3, 2023","2788 SAN TOMAS EXPRESSWAY,SANTA CLARA,CA,95051","https://auditchain.finance/analysis/QmQDBj2MnKE6hpT3bnd8G3PMLVXHYk31wx84P7gpc8tDkp"
"Nabriva Therapeutics plc (NBRV) 10-Q for Q3, 2022","25-28 NORTH WALL QUAY,DUBLIN,L2,D01 H104","https://auditchain.finance/analysis/QmV75GWZqHWcXmJS26xZZDWWXY7YeUg9w2fvtDQjdhY3cH"
"Nasdaq, Inc. (NDAQ) 10-Q for Q3, 2022","151 W. 42ND STREET,NEW YORK,NY,10036","https://auditchain.finance/analysis/QmTV4yLUjWtWndPkFZg61iBQKtc8w6iVRFRrTseywbgXB4"
"National Research Corporation (NRC) 10-Q for Q3, 2022","1245 Q STREET,LINCOLN,NE,68508","https://auditchain.finance/analysis/Qmf5QwEvnBosBLEdm7S86HKYPZFN3dQ65DV2huW3EfJin6"
"National Vision Holdings, Inc. (EYE) 10-Q for Q3, 2022","2435 COMMERCE AVENUE,DULUTH,GA,30096-4980","https://auditchain.finance/analysis/QmPCR7TuftU6TM4iZJ2EAryUNhdMJ73ys9WmY4poz9n93r"
"Skye Bioscience, Inc. (SKYE) 10-Q for Q3, 2022","11250 EL CAMINO REAL, SUITE 100,SAN DIEGO,CA,92130","https://auditchain.finance/analysis/QmeVRYH5DiSMPYSkTdiLhZ13WaeuoDJLdPQsTgpS8GCYBu"
"LNPR GROUP INC. () 10-Q for Q3, 2022","5190 NEIL RD, STE. 430,RENO,NV,89502","https://auditchain.finance/analysis/QmRzXZ4pwJe6k3Vx5vXhGg4zgh6HMX3J3BJZWRReFjRkAt"
"NEW YORK REIT LIQUIDATING LLC () 10-Q for Q3, 2022","7 BULFINCH PLACE,BOSTON,MA,02114","https://auditchain.finance/analysis/QmZjtpt5Sjav3PZ8S53vxtgtD5C81fyt7CXTUZqpDi6S9o"
"HANNON ARMSTRONG SUSTAINABLE INFRASTRUCTURE CAPITAL, INC. (HASI) 10-Q for Q3, 2022","ONE PARK PLACE, SUITE 200,ANNAPOLIS,MD,21401","https://auditchain.finance/analysis/QmerGF6sTvh1e37VutCVpp7F5dSnsxamgjHJuGQmEJtE9R"
"NHALE INC. () 10-Q for Q3, 2022","PO BOX 26496,SCOTTSDALE,AZ,85255","https://auditchain.finance/analysis/QmRFvzAWbJDqZRXH7xtTb4dkwTpm3nNBiKExx8uFqnAuB5"
"MGIC Investment Corp (MTG) 10-Q for Q3, 2022","250 EAST KILBOURN AVENUE,MILWAUKEE,WI,53202","https://auditchain.finance/analysis/QmUq6NQz1M3DPpQruVkNCrMRfXswMYRnmhVRo9bPCx3i4n"
"KOPIN CORPORATION (KOPN) 10-Q for Q3, 2022","125 NORTH DRIVE,WESTBOROUGH,MA,01581","https://auditchain.finance/analysis/QmVEzGHLju1qdJTNHxgUT18iVrjGFy3DQWcQBM9vDsQutu"
"MGP INGREDIENTS, INC. (MGPI) 10-Q for Q3, 2022","1300 MAIN ST,ATCHISON,KS,66002","https://auditchain.finance/analysis/QmRMk88kwtaHD6hqQfWRubnp1DHSVzSecXQ1gm39U7peCp"
"KOSS CORPORATION (KOSS) 10-Q for Q1, 2023","4129 N PORT WASHINGTON AVE,MILWAUKEE,WI,53212","https://auditchain.finance/analysis/QmQPTFbW8Wcdv57kfikFJDP4bepP81ARcYWSC8Znv6NqyA"
"KULICKE AND SOFFA INDUSTRIES, INC. (KLIC) 10-K for FY, 2022","23A SERANGOON NORTH AVENUE 5, #01-01,SINGAPORE,U0,554369","https://auditchain.finance/analysis/QmZN5jRJFPsZU7naEEAbqKYLfV4uueW8nK27RguVGA6sCA"
"KAISER ALUMINUM CORPORATION (KALU) 10-Q for Q3, 2022","27422 PORTOLA PARKWAY, SUITE 200,FOOTHILL RANCH,CA,92610-2831","https://auditchain.finance/analysis/QmQe6tf8MciLcABYjkGn8SVtpAovY551unU9J1GzpwGsvX"
"Kimbell Royalty Partners, LP (KRP) 10-Q for Q3, 2022","777 TAYLOR ST., SUITE 810,FORT WORTH,TX,76102","https://auditchain.finance/analysis/QmUhUTMGvBzpA1XnijKaCTvHkhBJHK9xa7Vd6Jhq6V1cQP"
"KAYA HOLDINGS, INC () 10-Q for Q3, 2022","915 MIDDLE RIVER DRIVE, SUITE 316,FORT LAUDERDALE,FL,33304","https://auditchain.finance/analysis/QmPruf1deL3P6MpMu2h5tVwi3bTFA4LLQDsbfABdmz8A8g"
"NEXIEN BIOPHARMA, INC. () 10-Q for Q1, 2023","4340 E KENTUCKY AVE,GLENDALE,CO,80246","https://auditchain.finance/analysis/QmV92pWnTL5qPo5hd4b9Ecc85cPWDaNGFg8TaEjBJUtwRC"
"Kiniksa Pharmaceuticals, Ltd. (KNSA) 10-Q for Q3, 2022","CLARENDON HOUSE,HAMILTON,D0,HM11","https://auditchain.finance/analysis/QmRS3yJiikWyiEkYQKRPKM22XXf9KkMCG82GjqcKfmQD7u"
"KINSALE CAPITAL GROUP, INC. (KNSL) 10-Q for Q3, 2022","2035 MAYWILL STREET, SUITE 100,RICHMOND,VA,23230","https://auditchain.finance/analysis/QmYgwesTuGstczLYjfnctrdBeAyfMPbQAJCi15Yazuh8Pe"
"KOPPERS HOLDINGS INC. (KOP) 10-Q for Q3, 2022","436 SEVENTH AVENUE,PITTSBURGH,PA,15219","https://auditchain.finance/analysis/QmbFs799ZMdLDAFyUDWHu157Kc47iwXAMVBqfQUqXW8ypM"
"KRAIG BIOCRAFT LABORATORIES, INC. () 10-Q for Q3, 2022","2723 SOUTH STATE STREET,ANN ARBOR,MI,48104","https://auditchain.finance/analysis/QmXCwmRuXjmJZttSE8MQtkqyLydnXQh4dYpzeVorxiAK9o"
"KURA ONCOLOGY, INC. (KURA) 10-Q for Q3, 2022","12730 HIGH BLUFF DRIVE, SUITE 400,SAN DIEGO,CA,92130","https://auditchain.finance/analysis/QmNgPFGzd3J949W6ac8qbLycPURPoxDpu2yyL5Vo2EzG78"
"Krystal Biotech, Inc. (KRYS) 10-Q for Q3, 2022","2100 WHARTON STREET,PITTSBURGH,PA,15203","https://auditchain.finance/analysis/QmbYVTPGR41U1uGrr4Lo8fi1w8FgzjyqYtDqnudDnGEjZZ"
"LAKE SHORE BANCORP, INC. (LSBK) 10-Q for Q3, 2022","31 EAST FOURTH STREET,DUNKIRK,NY,14048","https://auditchain.finance/analysis/QmU8NAiXmiCGnPZDTPZZU3EWXkuH33XGifsCM9xQsgC2Lt"
"LAMAR ADVERTISING CO/NEW (LAMR) 10-Q for Q3, 2022","C/O LAMAR ADVERTISING COMPANY,BATON ROUGE,LA,70808","https://auditchain.finance/analysis/QmSZGAsAuQjvyNrh24c86xaumGnXe2pwUakzw5GWfAcNpW"
"LANTRONIX, INC. (LTRX) 10-Q for Q1, 2023","48 DISCOVERY, SUITE 250,IRVINE,CA,92618","https://auditchain.finance/analysis/Qmcv2FCSdUmDKDbFyMpZEXLqyj3FYn7FtL6ERER1TEZSWa"
"Lattice Semiconductor Corp (LSCC) 10-Q for Q3, 2022","5555 NE MOORE CT,HILLSBORO,OR,97124","https://auditchain.finance/analysis/QmVJyJMKNgctcEDjfBhq5hTMQbxy2XaGBYNf2s2zJhHQi6"
"LCNB Corp. (LCNB) 10-Q for Q3, 2022","2 NORTH BROADWAY,LEBANON,OH,45036","https://auditchain.finance/analysis/QmXpR5koacbi8Bd4xN2NLF724sgbM8aNtkWoRS6VQ8uT33"
"LEGACY VENTURES INTERNATIONAL, INC () 10-Q for Q1, 2023","27 BAYCLIFFE RD.,MARKHAM,A6,L3R 7T9","https://auditchain.finance/analysis/QmaeAKg9NY4yRYpV35cmxyE9kY442br8Mqk29fbzw7RRgT"
"LEAR CORP (LEA) 10-Q for Q3, 2022","21557 TELEGRAPH ROAD,SOUTHFIELD,MI,48033","https://auditchain.finance/analysis/QmeKfPpY65S8M5DFmAsDvhxJs6LJzM8FSMpqv5wKE9pgXs"
"LEMAITRE VASCULAR INC (LMAT) 10-Q for Q3, 2022","63 SECOND AVENUE,BURLINGTON,MA,01803","https://auditchain.finance/analysis/QmStFrq1LGy2Uz4HCQa1fqLpJJtCS5arN66zvhPURdUmAY"
"Lexicon Pharmaceuticals, Inc. (LXRX) 10-Q for Q3, 2022","2445 TECHNOLOGY FOREST BLVD.,THE WOODLANDS,TX,77381","https://auditchain.finance/analysis/QmQjdH1umg1vE5PiH9maKbNJuRtUN7PzDzYYRSHbNVvfSr"
"Landsea Homes Corporation (LSEA) 10-Q for Q3, 2022","660 NEWPORT CENTER DRIVE,NEWPORT BEACH,CA,92660","https://auditchain.finance/analysis/QmPMhJG6Nk6EjXHjSwZv9aYWaJeFiAj9dM9ZXvHaxEfu6H"
"LGI HOMES, INC. (LGIH) 10-Q for Q3, 2022","1450 LAKE ROBBINS DRIVE, SUITE 430,THE WOODLANDS,TX,77380","https://auditchain.finance/analysis/QmUiDfwqRdd5TRtWmRjKTghQTXvWZmvWraxHcGjSABoEZ2"
"LIGAND PHARMACEUTICALS INCORPORATED (LGND) 10-Q for Q3, 2022","3911 SORRENTO VALLEY BLVD,SAN DIEGO,CA,92121","https://auditchain.finance/analysis/QmcyNHKnRtPQs6Wu7FDCDaW1Xn2j8JiLF6gSQeQb6ZZ45q"
"LINDBLAD EXPEDITIONS HOLDINGS, INC. (LIND) 10-Q for Q3, 2022","96 MORTON STREET,NEW YORK,NY,10014","https://auditchain.finance/analysis/QmNmQ9x1brd1vFtBnoJEEt6puwbS2Md114DLU7WuLWUL1R"
"LIQUIDMETAL TECHNOLOGIES INC () 10-Q for Q3, 2022","30452 ESPERANZA,RANCHO SANTA MARGARITA,CA,92688","https://auditchain.finance/analysis/QmenVLeoFuuJGDLopqURJXQmxBuGmMfXDKyPYEqBZsfsgK"
"LOGITECH INTERNATIONAL S.A. (LOGI) 10-Q for Q2, 2023","7700 GATEWAY BOULEVARD,NEWARK,CA,94560","https://auditchain.finance/analysis/QmT12aFC9op7hepwCVjViyhTdeuepGp427gzzuyPrKEzRU"
"LOUISIANA-PACIFIC CORPORATION (LPX) 10-Q for Q3, 2022","1610 WEST END AVE.,NASHVILLE,TN,37203","https://auditchain.finance/analysis/QmaHBTNo8rChEwrFFprD2BLLhUnLg2aDew9qiWRFhEwxqR"
"WAITR HOLDINGS INC. (WTRH) 10-Q for Q3, 2022","214 JEFFERSON STREET,LAFAYETTE,LA,70501","https://auditchain.finance/analysis/QmXMgqGwKcYayXLeNqvSLiVUVZoqNAYmoo2Sw8tFw7hn7r"
"LEGACY EDUCATION ALLIANCE, INC. () 10-Q for Q3, 2022","1612 CAPE CORAL PARKWAY EAST,CAPE CORAL,FL,33904","https://auditchain.finance/analysis/QmP1ctvcWN2xN624ruWtfywdKBega9h5nb4jfHY4uFwD9b"
"Liberty Global plc (LBTYA) 10-Q for Q3, 2022","161 HAMMERSMITH ROAD,HAMMERSMITH,X0,W6 8BS","https://auditchain.finance/analysis/QmNtcNv5DqT9J79vnt7XL1V6pNhTGFbb41y1zJijNCepRm"
"LIBERTY TRIPADVISOR HOLDINGS, INC. (LTRPA) 10-Q for Q3, 2022","12300 LIBERTY BLVD,ENGLEWOOD,CO,80112","https://auditchain.finance/analysis/QmbyLyKZTimEivVsS3MjKBoaVtXTk2cNS17KjvzUxT2dHp"
"Lightwave Logic, Inc. (LWLG) 10-Q for Q3, 2022","369 INVERNESS PARKWAY,ENGLEWOOD,CO,80112","https://auditchain.finance/analysis/QmPtazTFpK3963PcUzo3qUtQ812j9qdvhcywXZdZ2Z7MQK"
"LIMBACH HOLDINGS, INC. (LMB) 10-Q for Q3, 2022","797 COMMONWEALTH DRIVE,WARRENDALE,PA,15086","https://auditchain.finance/analysis/QmRoB1D3Drsci6v3bpH1W6dsddyvRaWARuTcL63koM1Wj2"
"LIVE NATION ENTERTAINMENT, INC. (LYV) 10-Q for Q3, 2022","9348 CIVIC CENTER DRIVE,BEVERLY HILLS,CA,90210","https://auditchain.finance/analysis/QmUrpksyrHBFJTfxQh6Xa6QnaAetS31PksLFViRzob2azC"
"LIPOCINE INC. (LPCN) 10-Q for Q3, 2022","675 ARAPEEN DRIVE, SUITE 202,SALT LAKE CITY,X1,84108","https://auditchain.finance/analysis/QmSdeb1MowA4NYHrapVomzZjHd9sTLnPUhnKJivYTr3b5g"
"LogicBio Therapeutics, Inc. (LOGC) 10-Q for Q3, 2022","65 HAYDEN AVE,LEXINGTON,MA,02421","https://auditchain.finance/analysis/QmbmDAm5zH963pBow7RovcM97QNDzMqqqCg96oBs8ZyuHe"
"NOVA LIFESTYLE, INC. (NVFY) 10-Q for Q3, 2022","6565 E. WASHINGTON BLVD.,COMMERCE,CA,90040","https://auditchain.finance/analysis/QmUgnEEn6W7iuGZwnihVg2ATjZg3CdGoE917G7bT8T5F7c"
"CAPRI HOLDINGS LTD (CPRI) 10-Q for Q2, 2023","33 KINGSWAY,LONDON,X0,WC2B 6UF","https://auditchain.finance/analysis/QmS64VRuLn8cKfBf61afFiNYhvvi8EUj5PaD6sdLNNm85E"
"MICROSTRATEGY INCORPORATED ( MSTR) 10-Q for Q3, 2022","1850 TOWERS CRESCENT PLAZA,TYSONS CORNER,VA,22182","https://auditchain.finance/analysis/QmUJWmgk3eDWXRQ3n7azCKFJGTHhLMtWyHi8wM4AV7FcDj"
"MINERALS TECHNOLOGIES INC. (MTX) 10-Q for Q3, 2022","622 THIRD AVENUE,NEW YORK,NY,10017-6707","https://auditchain.finance/analysis/Qmb4V9NpFeVea5tKrbhnvudhTqWAZLGdJdHo5ZDGF6Kn72"
"MOBIVITY HOLDINGS CORP.  () 10-Q for Q3, 2022","3133 WEST FRYE ROAD,CHANDLER,AZ,85226","https://auditchain.finance/analysis/QmSFsUSnfUApzQkfnBLDBwtY6aBnCyY6AUxBxix9rkuvrG"
"MODINE MANUFACTURING CO (MOD) 10-Q for Q2, 2023","1500 DEKOVEN AVE,RACINE,WI,53403","https://auditchain.finance/analysis/QmVkBYcvfduUxK8eGsgYW8T7Zp2bXy3cv293HYLygSLaKm"
"MOHAWK INDUSTRIES, INC. (MHK) 10-Q for Q3, 2022","160 S INDUSTRIAL BLVD,CALHOUN,GA,30701","https://auditchain.finance/analysis/QmUjoxJBTDi4jopzc4cVGkJdhqayKoMJBBGUYQM1YqvSdd"
"MOLINA HEALTHCARE, INC. (MOH) 10-Q for Q3, 2022","200 OCEANGATE, SUITE 100,LONG BEACH,CA,90802","https://auditchain.finance/analysis/QmXM8eMztuuSfuZuzZabTkANaXCCJaKcc7jG4thyFhRGiE"
"MORNINGSTAR, INC. (MORN) 10-Q for Q3, 2022","22 WEST WASHINGTON STREET,CHICAGO,IL,60602","https://auditchain.finance/analysis/QmYyG9KCUFYJj7SW2RyxXcq9m4ifnoccorvsJYhy32i1pD"
"MOTORCAR PARTS OF AMERICA INC (MPAA) 10-Q for Q2, 2023","2929 CALIFORNIA STREET,TORRANCE,CA,90503","https://auditchain.finance/analysis/QmUyMLE3o45FoePYknALiHTcKuXeP5pRy6o8Jtf8viNFR5"
"MSCI INC. (MSCI) 10-Q for Q3, 2022","7 WORLD TRADE CENTER,NEW YORK,NY,10007","https://auditchain.finance/analysis/QmU8poiqxzUSodtgqeZseUzP39skG1HcQVuwXZwhP7tRfH"
"MVB Financial Corp (MVBF) 10-Q for Q3, 2022","301 VIRGINIA AVENUE,FAIRMONT,WV,26554-2777","https://auditchain.finance/analysis/QmUs1VhaXdoNXPLCxhzopRDCoZ3SdDNRs6b699SUJx4xLJ"
"MVB Financial Corp (MVBF) 10-Q for Q3, 2022","301 VIRGINIA AVENUE,FAIRMONT,WV,26554-2777","https://auditchain.finance/analysis/QmaPYqxuwSb3cHTbJVMBgW9NBZKb6c3V1chcXU3bdzXgTT"
"Myers Industries, Inc. (MYE) 10-Q for Q3, 2022","1293 S MAIN ST,AKRON,OH,44301","https://auditchain.finance/analysis/QmcJ3tZEcWptrKx8nr2JBvw4UEb2of3VwFtN4xcbcdefyD"
"MEDAVAIL HOLDINGS, INC. (MDVL) 10-Q for Q3, 2022","4720 E COTTON GIN LOOP,PHOENIX,AZ,85040","https://auditchain.finance/analysis/QmYVn3VpTFPneLzvDR5vrEVkUdBX2p7jqTkGxyXUUb4HqN"
"MYR GROUP INC. (MYRG) 10-Q for Q3, 2022","12150 EAST 112TH AVENUE,HENDERSON,CO,80640","https://auditchain.finance/analysis/QmRRhqRS1w4KrYvSLttXxoacy4oZ8osWmY2L72EFbsh6GJ"
"MANITEX INTERNATIONAL, INC. (MNTX) 10-Q for Q3, 2022","9725 INDUSTRIAL DRIVE,BRIDGEVIEW,IL,60455","https://auditchain.finance/analysis/QmTVSPk3Adg5zJXtBt7xFZsL1H9YXfMRVFBxmbSXvtKvAR"
"MANUFACTURED HOUSING PROPERTIES INC. () 10-Q for Q3, 2022","136 MAIN STREET,PINEVILLE,NC,28134","https://auditchain.finance/analysis/QmWhEP26rvKJ73MjzxpaMqgG25TGtMgJjKEwevQoDpja2U"
"MASTECH DIGITAL, INC. (MHH) 10-Q for Q3, 2022","1305 CHERRINGTON PARKWAY,MOON TOWNSHIP,PA,15108","https://auditchain.finance/analysis/QmbZ2FP3i3f8ChyCXSzP9DaehrGFkFKKM1S6Wa5CFz4TuM"
"MATINAS BIOPHARMA HOLDINGS, INC. (MTNB) 10-Q for Q3, 2022","1545 ROUTE 206 SOUTH,BEDMINSTER,NJ,07921","https://auditchain.finance/analysis/QmZA86CJysnH982Fa959UzWKmGZxK6wy4DWXagdMBoXBLF"
"MCX TECHNOLOGIES CORPORATION () 10-Q for Q3, 2022","P.O. BOX 1517,BOISE,ID,83701","https://auditchain.finance/analysis/QmUqYrm54eSFgStipCvZQcEj9sQb1mwExq5MCg5Tx4iLWr"
"VYNE THERAPEUTICS INC. (VYNE) 10-Q for Q3, 2022","685 ROUTE 202/206, SUITE 301A,BRIDGEWATER,NJ,08807","https://auditchain.finance/analysis/QmXpLGeV71v7GeqndgutnNFu41B5s8VLeaPWxZQSj7h3C6"
"Amerant Bancorp Inc. (AMTB) 10-Q for Q3, 2022","220 ALHAMBRA CIRCLE,CORAL GABLES,FL,33134","https://auditchain.finance/analysis/QmSPAbnQrf7wNigHKvLcNfNLrhKMjrDfpGpzX444N17A4m"
"Meritage Homes Corp (MTH) 10-Q for Q3, 2022","8800 EAST RAINTREE DRIVE,SCOTTSDALE,AZ,85260","https://auditchain.finance/analysis/QmZHjHbEvr3fW3hMrcZos8DtAtwyBQrYbftVDmbqbJigP5"
"MEWBOURNE ENERGY PARTNERS 10-A, L.P. () 10-Q for Q3, 2022","3901 BROADWAY,TYLER,TX,75701","https://auditchain.finance/analysis/QmYQfNgLA3ybUcdq2HaNFWPnDMzPRZzCZG9fNbYoKK8tfX"
"MicroVision, Inc. (MVIS) 10-Q for Q3, 2022","6244 185TH AVENUE NE, SUITE 100,REDMOND,WA,98052","https://auditchain.finance/analysis/QmcDYngqwJerKSxEuY9t6EMgE2KNsQ771b2J8XeGHSN6hu"
"Amplify Energy Corp. (AMPY) 10-Q for Q3, 2022","500 DALLAS STREET,HOUSTON,TX,77002","https://auditchain.finance/analysis/QmPkqfWwWUBZQJDZLP4rxxovoaxsqCgHXY7gf3R5X1axCS"
"Mistras Group, Inc. (MG) 10-Q for Q3, 2022","195 CLARKSVILLE ROAD,PRINCETON JUNCTION,NJ,08550","https://auditchain.finance/analysis/QmQBkCdZfQmT9LjB92h8LvRwG1iuyP1pLVZeszCJ1bUVVn"
"PERASO INC. (PRSO) 10-Q for Q3, 2022","2309 BERING DRIVE,SAN JOSE,CA,95131","https://auditchain.finance/analysis/QmYupgYKRvTGkHuk6gxtiddisx7mWnGQnKaNJ6Bcp9Thvy"
"Moderna, Inc. (MRNA) 10-Q for Q3, 2022","200 TECHNOLOGY SQUARE,CAMBRIDGE,MA,02139","https://auditchain.finance/analysis/QmTjGF4ZUdHdc2TLFbzCKmR7grr13LArhkpQZWsHSzVJRJ"
"MOODY NATIONAL REIT II, INC. () 10-Q for Q3, 2022","6363 WOODWAY,HOUSTON,TX,77057","https://auditchain.finance/analysis/QmcwP2Jo74pqVZDQbxogrjcH6Qt2vNpC7YNKX76kzNnk7D"
"Motus GI Holdings, Inc. (MOTS) 10-Q for Q3, 2022","1301 EAST BROWARD BOULEVARD,FT. LAUDERDALE,FL,33301","https://auditchain.finance/analysis/QmWYaZBe7qVKFJ9Urj2SZQTxSMML9HWBM2o7cUEcuuQh6H"
"White River Energy Corp () 10-Q for Q2, 2023","609 W/ DICKSON ST., SUITE 102 G,FAYETTEVILLE,AR,72701","https://auditchain.finance/analysis/QmWFumR2op2Pykbab7KZ35heyfJr1vHx4j1dyw7o3XFLeE"
"MUELLER WATER PRODUCTS, INC. (MWA) 10-K for FY, 2022","1200 ABERNATHY RD, NE,ATLANTA,GA,30328","https://auditchain.finance/analysis/QmZjBafAcEa1A3nWbdUtpyeJNX8J5TFEo8wpEGMgqNZVkA"
"Muscle Maker, Inc. (GRIL) 10-Q for Q3, 2022","1751 RIVER RUN WESTBEND,FORT WORTH,TX,76107","https://auditchain.finance/analysis/QmZMw76bpwWgLA8FcfLJSJ4paHA9qJTtSRPTQsciRRWtRW"
"Myovant Sciences Ltd. (MYOV) 10-Q for Q2, 2022","SUITE 1, 3RD FLOOR,LONDON,X0,SW1Y 4LB","https://auditchain.finance/analysis/QmRTiRFWbdMnFoe3H2drRaTdMGsHxXXQCytKq1xHAsg4zd"
"NANOSTRING TECHNOLOGIES, INC. (NSTG) 10-Q for Q3, 2022","530 FAIRVIEW AVENUE NORTH,SEATTLE,WA,98109","https://auditchain.finance/analysis/QmaP2qRdxn7yeuzxBoURUSfsjPMMregFieikhHrNvNVUHE"
"NAPCO SECURITY TECHNOLOGIES, INC (NSSC) 10-Q for Q1, 2023","333 BAYVIEW AVE,AMITYVILLE,NY,11701","https://auditchain.finance/analysis/QmccXccfA1pXrrgriQ97hRUFwviDvjVDq9LYVbgH6L5pT7"
"NATIONAL BANKSHARES INC (NKSH) 10-Q for Q3, 2022","101 HUBBARD STREET,BLACKSBURG,VA,24060","https://auditchain.finance/analysis/QmWhg4ctdkXwUMnZ12v2LyVATZfz5dzxyB9WARPamKzo2p"
"National Health Investors Inc (NHI) 10-Q for Q3, 2022","222 ROBERT ROSE DRIVE,MURFREESBORO,TN,37129","https://auditchain.finance/analysis/QmeHUyGxw3G3k8ytzg4iwk8YwxwibRjuzGe9vtMKh6GJEV"
"NATIONAL RETAIL PROPERTIES, INC. (NNN) 10-Q for Q3, 2022","450 S ORANGE AVE,ORLANDO,FL,32801","https://auditchain.finance/analysis/Qmb73SDaZ68eWr57gCDr6qfNNQ68Fmc4jat1zBktR9s39g"
"NATURAL ALTERNATIVES INTERNATIONAL INC (NAII) 10-Q for Q1, 2022","1535 FARADAY AVENUE,CARLSBAD,CA,92008-7319","https://auditchain.finance/analysis/QmaU2Rbs93oXz8HNhV5d2WdL5t74QoLU3sH7fadXNf3RUL"
"NATURAL RESOURCE PARTNERS LP (NRP) 10-Q for Q3, 2022","1201 LOUISIANA STREET, SUITE 3400,HOUSTON,TX,77002","https://auditchain.finance/analysis/QmcLduuTcEMfPcb3sYcf3Uyriw4QdYBDeaGvrWEp3RMeQt"
"Cornerstone Building Brands, Inc. () 10-Q for Q3, 2022","5020 WESTON PARKWAY,CARY,NC,27513","https://auditchain.finance/analysis/QmUoVe5r9d7gbDxmLupBsM9ypaKpiJ5ZTzUHkLGLjad1BG"
"NCL CORPORATION LTD. () 10-Q for Q3, 2022","7665 CORPORATE CENTER DRIVE,MIAMI,FL,33126","https://auditchain.finance/analysis/QmdPig1sh5adPFnmDVRGSdsZDvqhMjMKpBFeXrFCVwsxa5"
"NEKTAR THERAPEUTICS (NKTR) 10-Q for Q3, 2022","455 MISSION BAY BOULEVARD SOUTH,SAN FRANCISCO,CA,94158","https://auditchain.finance/analysis/QmUKnG2iHm8AYSEkCL7KDLq1HrhBf42PBgA7rid5SMmdD5"
"LESAKA TECHNOLOGIES, INC. (LSAK) 10-Q for Q1, 2023","4TH FLOOR, PRESIDENT PLACE,ROSEBANK, JOHANNESBURG,T3,00000","https://auditchain.finance/analysis/QmfJxqfwZi9jbv6TCpALoRhxCktKKD4CurvYFJPqkK3cEZ"
"LESAKA TECHNOLOGIES, INC. (LSAK) 10-Q for Q1, 2023","4TH FLOOR, PRESIDENT PLACE,ROSEBANK, JOHANNESBURG,T3,00000","https://auditchain.finance/analysis/QmV4SKpignpPLKxGTK4SdqNwJrHdZReUr4QrKaxVbpSf47"
"Presidio Property Trust, Inc. (SQFT) 10-Q for Q3, 2022","4995 MURPHY CANYON ROAD,SAN DIEGO,CA,92123","https://auditchain.finance/analysis/QmTAJpx14gG3zXqARXpfahV3XqJ9vefnX8G7ebFFQxmrNf"
"NEUROCRINE BIOSCIENCES, INC. (NBIX) 10-Q for Q3, 2022","12780 EL CAMINO REAL,SAN DIEGO,CA,92130","https://auditchain.finance/analysis/QmSXJX27tvUtJ8vLv5BJqAkjFAD3a9zpHjNCdzqGS9MZgZ"
"THE NEW YORK TIMES COMPANY (NYT) 10-Q for Q3, 2022","620 EIGHTH AVENUE,NEW YORK,NY,10018","https://auditchain.finance/analysis/QmdZiffUMQTxC3qjfK4uTX1yF8mXhKufvAMte6UKDEQyEs"
"NEWMONT CORP /DE/ (NEM) 10-Q for Q3, 2022","6900 E LAYTON AVE,DENVER,CO,80237","https://auditchain.finance/analysis/QmPUKw596RR7GEufSsPuGZkdTEXcWCdvJy55fpMbCaLzs8"
"NEXSTAR MEDIA GROUP, INC. (NXST) 10-Q for Q3, 2022","545 EAST JOHN CARPENTER FREEWAY,IRVING,TX,75062","https://auditchain.finance/analysis/QmSw8EMxMvoLWhvXTwanpeCaorywM3LS1VJWqS5ua2jWmt"
"NEXTERA ENERGY, INC. (NEE) 10-Q for Q3, 2022","700 UNIVERSE BLVD,JUNO BEACH,FL,33408","https://auditchain.finance/analysis/QmbkbWPHrhE2vb77VfFywXcKDQNUCBX5kNjGx9fdWvsMea"
"NICOLET BANKSHARES, INC (NIC) 10-Q for Q3, 2022","111 N WASHINGTON ST,GREEN BAY,WI,54301","https://auditchain.finance/analysis/QmexXYZAz2Ptkir938HeNgyZXuAkHCSPzahYFAdcZhZXpH"
"NL INDUSTRIES, INC. (NL) 10-Q for Q3, 2022","5430 LBJ FREEWAY,DALLAS,TX,75240-2620","https://auditchain.finance/analysis/QmSv77XqNLaHMUxG3T5rpW4P8SQ7PNbAuCTBZ1W1c1qmYr"
"NOBILITY HOMES, INC. (NOBH) 10-Q for Q3, 2022","3741 S W 7TH ST,OCALA,FL,34474","https://auditchain.finance/analysis/QmRHnqWjMknhVaomSwMdSjDGt1viSbtB6CKQjMyTenPKiV"
"NOCOPI TECHNOLOGIES, INC. () 10-Q for Q3, 2022","480 SHOEMAKER ROAD,KING OF PRUSSIA,PA,19406","https://auditchain.finance/analysis/QmSorRoSTzZscvxBZE6LbNYxSt8xDTV6EfBTB9dQm5k3sG"
"NOODLES & COMPANY (NDLS) 10-Q for Q3, 2022","520 ZANG ST., SUITE D,BROOMFIELD,CO,80021","https://auditchain.finance/analysis/Qmb4tQqN3bD3Zou1rx3w25CEDhWDNSQtfwGtE3Fn9Bikgm"
"NORTECH SYSTEMS INCORPORATED (NSYS) 10-Q for Q3, 2022","7550 MERIDIAN CIRCLE N,MAPLE GROVE,MN,55369","https://auditchain.finance/analysis/QmefduwwfQtPZv3pzsJCmYYSfAL3h2jupSmg6L5XYQSo1V"
"NORTHRIM BANCORP, INC. () 10-Q for Q3, 2022","P O BOX 241489,ANCHORAGE,AK,99524-1489","https://auditchain.finance/analysis/QmU7Npt8yjyFLUtcJUWoay1xvEcXfs2aGVPd895VSxh3DD"
"NORTHWEST BIOTHERAPEUTICS, INC (NWBO) 10-Q for Q3, 2022","4800 MONTGOMERY LANE,BETHESDA,MD,20814","https://auditchain.finance/analysis/QmebZMVVzbhTNTkGy1w4KkCXhBGMti5LtmEWqTauCLQXqQ"
"NOVA STAR INNOVATIONS, INC. () 10-Q for Q3, 2022","2157 S. LINCOLN STREET,SALT LAKE CITY,UT,84106","https://auditchain.finance/analysis/QmcXCRwBFzohBxEpPBDsr8EgrL2YgTeLg673tnhJCmtk7Q"
"Norwood Financial Corp (NWFL) 10-Q for Q3, 2022","717 MAIN ST,HONESDALE,PA,18431","https://auditchain.finance/analysis/QmRo9RbtG77LjpjKw28Y19Y12dyewF3J34DsvASkbWJiCK"
"Novan, Inc. (NOVN) 10-Q for Q3, 2022","4020 STIRRUP CREEK DRIVE, SUITE 110,DURHAM,NC,27703","https://auditchain.finance/analysis/QmYjizm2SgxciAoyj3CdkJTETX5NkPguoCZbFEQ8eFafVR"
"NU SKIN ENTERPRISES, INC. (NUS) 10-Q for Q3, 2022","75 WEST CENTER ST,PROVO,UT,84601","https://auditchain.finance/analysis/QmfSLyhx4ed8titCN43xwd2VM6tRzdjWG8grq54UZcKKS9"
"RED ROCK RESORTS, INC. (RRR) 10-Q for Q3, 2022","1505 SOUTH PAVILION CENTER DRIVE,LAS VEGAS,NV,89135","https://auditchain.finance/analysis/QmaR85CxFmaRdxagmapRduWer8WQLNid1NJ7rBAMWzcUu5"
"REED’S, INC. (REED) 10-Q for Q3, 2022","201 MERRITT 7 CORPORATE PARK,,NORWALK,CT,06851","https://auditchain.finance/analysis/QmZb71nUyieqGQePk8DvAokoVQ18MVMLKE8d5M7j8eT1qc"
"REGENERON PHARMACEUTICALS, INC. (REGN) 10-Q for Q3, 2022","777 OLD SAW MILL RIVER ROAD,TARRYTOWN,NY,10591","https://auditchain.finance/analysis/QmZpWFjpe6As4SgX4XYjPVn1Y7DbxdVcjBejxrAscztMAV"
"REINSURANCE GROUP OF AMERICA, INCORPORATED (RGA) 10-Q for Q3, 2022","16600 SWINGLEY RIDGE ROAD,CHESTERFIELD,MO,63017","https://auditchain.finance/analysis/QmcGFdwQWzSbn7HJByMuNikAzen1Zqfj4wdb2YmTWLWTfB"
"Societal CDMO, Inc. (SCTL) 10-Q for Q3, 2022","1 E. UWCHLAN AVE, SUITE 112,EXTON,PA,19341","https://auditchain.finance/analysis/QmbGQhmpkTaJBEf9xDnJjJx3EDZXKsxAtS4GGCPYBZKFS1"
"BK TECHNOLOGIES CORPORATION (BKTI) 10-Q for Q3, 2022","7100 TECHNOLOGY DRIVE,WEST MELBOURNE,FL,32904","https://auditchain.finance/analysis/QmXPj9GAZs2BmkHNtM9cGYVtEDVoF239DaMDYXdE3mkTUQ"
"RENT A CENTER INC DE (RCII) 10-Q for Q3, 2022","5501 HEADQUARTERS DRIVE,PLANO,TX,75024","https://auditchain.finance/analysis/QmdydtvCZCZmv2Hn9GQLbqqiYRaH2dAKrMQnHw8xnf89bi"
"CITY OFFICE REIT, INC. (CIO) 10-Q for Q3, 2022","SUITE 3210 - 666 BURRARD STREET,VANCOUVER,A1,V6C 2X8","https://auditchain.finance/analysis/Qme2KQ5zuVbzCcfcfM1tiuNyKaSvpGLV1if43RTt9zSeZ9"
"Comerica Incorporated (CMA) 10-Q for Q3, 2022","1717 MAIN STREET MC6404,DALLAS,TX,75201","https://auditchain.finance/analysis/QmZTQk2cJcV1mTEgR2pk4FNz1xbT2M4J2TdW45oMnjRHQe"
"HireQuest, Inc. (HQI) 10-Q for Q3, 2022","111 SPRINGHALL DRIVE,GOOSE CREEK,SC,29445","https://auditchain.finance/analysis/QmWYVE3Ctjc52mF6gHXybwa2gVygUPuYPcf3dNWDnpFr1J"
"CONDUENT INC (CNDT) 10-Q for Q3, 2022","100 CAMPUS DRIVE,FLORHAM PARK,NJ,07932","https://auditchain.finance/analysis/QmTZnAYrZjVT9Rh2sjt2NjiRk9jDwEBAJ9K6ovP4U15qKb"
"DERMTECH, INC. (DMTK) 10-Q for Q3, 2022","11099 N. TORREY PINES ROAD,LA JOLLA,CA,92037","https://auditchain.finance/analysis/Qme7TcPHid8WgPtKX2qu2c4fDPcdoK2TVDuAiAxxogHZSJ"
"CONSTRUCTION PARTNERS, INC. (ROAD) 10-K for FY, 2022","290 HEALTHWEST DR.,DOTHAN,AL,36303","https://auditchain.finance/analysis/Qmdob9ee6zwPdBDpxMUx4mxmfqS9bXGkVCKKPpQJmWoRJd"
"ALPHA METALLURGICAL RESOURCES, INC. (AMR) 10-Q for Q3, 2022","340 MARTIN LUTHER KING JR. BLVD.,BRISTOL,TN,37620","https://auditchain.finance/analysis/QmYVLhHEP4RTZDVFicHZ2azsJnR5bApzj81MSFpUT2ZtjD"
"CROWN EQUITY HOLDINGS INC () 10-Q for Q3, 2022","11226 PENTLAND DOWNS ST.,LAS VEGAS,NV,89146","https://auditchain.finance/analysis/QmYvB33Xd3bwE1FxJEURAazcg2nNtRgM5wSeNb3R227khm"
"Cushman & Wakefield plc (CWK) 10-Q for Q3, 2022","125 OLD BROAD STREET,LONDON,X0,EC2N 1AR","https://auditchain.finance/analysis/QmWQ8SKY3EmdmqEiGgqRUsiFif1gepU5iehieGEFjEznrd"
"Cyclacel Pharmaceuticals, Inc. (CYCC) 10-Q for Q3, 2022","200 CONNELL DRIVE,BERKELEY HEIGHTS,NJ,07922","https://auditchain.finance/analysis/QmQZZrSCB71PAfu59QDNY6GWYKiBWDq14WKr63SpN4THvX"
"CytomX Therapeutics, Inc. (CTMX) 10-Q for Q3, 2022","151 OYSTER POINT BLVD.,SOUTH SAN FRANCISCO,CA,94080","https://auditchain.finance/analysis/QmQFLv1uefMzs7XqHmQE4uDrFk3kH2DMhrZ9VwmL3j5C3j"
"Dana Inc. (DAN) 10-Q for Q3, 2022","3939 TECHNOLOGY DRIVE,MAUMEE,OH,43537","https://auditchain.finance/analysis/QmSx5hmEqfpTGGpdudZQDAYkJYjFvj9wo4d6njpTc37GYf"
"DATASEA INC. (DTSS) 10-Q for Q1, 2023","1 XINGHUO RD, CHANGNING BLDG, STE.11D2E,BEIJING,F4,100070","https://auditchain.finance/analysis/QmNUWvN23Ak7uShzNxSPuerxNzUpZ2GUPqHocHUVG7MgMm"
"DAVITA INC. (DVA) 10-Q for Q3, 2022","2000 16TH STREET,DENVER,CO,80202","https://auditchain.finance/analysis/QmXvbL9QBsPLnnQbBuWATrUjTsuQMDpNE3M2nWn4ZgwM3Z"
"DELTA AIR LINES, INC. (DAL) 10-Q for Q3, 2022","HARTSFIELD-JACKSON ATLANTA INTL AIRPORT,ATLANTA,GA,30354-1989","https://auditchain.finance/analysis/QmSdKwh2gfpQoUbShChyFTogX1nzaJS5j4X8zdCWzJWE7S"
"DENNY’S CORPORATION (DENN) 10-Q for Q3, 2022","203 EAST MAIN STREET,SPARTANBURG,SC,29319","https://auditchain.finance/analysis/QmTjmyt6fHPY3CMwva6og3ysYutYS3joAzdoezW6tfqwAV"
"Nuverra Environmental Solutions, Inc. (NES) 10-Q for Q3, 2021","11111 KATY FREEWAY,HOUSTON,TX,77079","https://auditchain.finance/analysis/QmTTVRkmkKemC2r7v5WjMU4jAGZ8ieRQJSKoyiWye2o4kt"
"OceanFirst Financial Corp (OCFC) 10-Q for Q3, 2022","975 HOOPER AVE,TOMS RIVER,NJ,08753-8396","https://auditchain.finance/analysis/QmRuYKywU2Q7ary8sY2LJ7VtGWa1Nh4t6SMXjYbufWfAgW"
"ODYSSEY MARINE EXPLORATION, INC. (OMEX) 10-Q for Q3, 2022","205 S. HOOVER BLVD.,TAMPA,FL,33609","https://auditchain.finance/analysis/QmfP5q9Mv6Zvu18UeXQmbJoNfVfYZg2fBiaZmc9Z9ts7tv"
"OFG Bancorp (OFG) 10-Q for Q3, 2022","254 MU?OZ RIVERA AVENUE,SAN JUAN,PR,00918","https://auditchain.finance/analysis/QmSA4SPHjWk7MYYj8wt13uqiPGyjRFMwmc7jmeuX6qcGJ8"
"OLYMPIC STEEL, INC. (ZEUS) 10-Q for Q3, 2022","5096 RICHMOND RD,BEDFORD HEIGHTS,OH,44146","https://auditchain.finance/analysis/QmcwogstCrL59wRrv426ZQ98Uf21FL71DM3SioLYBFDEyc"
"OMEGA HEALTHCARE INVESTORS, INC. (OHI) 10-Q for Q3, 2022","303 INTERNATIONAL CIRCLE,,HUNT VALLEY,MD,21030","https://auditchain.finance/analysis/QmQ5kSyF6gXuqbJkFyJjyEa4GBj64Yb1w4KRBWK7D5wfu2"
"OMNICOM GROUP INC. (OMC) 10-Q for Q3, 2022","280 PARK AVENUE,NEW YORK,NY,10017","https://auditchain.finance/analysis/QmRSE5YzgtsJY74sSck7rJhRSvD92sLoNnGjDFUz7t4p7u"
"ARTIFICIAL INTELLIGENCE TECHNOLOGY SOLUTIONS INC. () 10-Q for Q2, 2023","10800 GALAXIE AVENUE,FERNDALE,MI,48220","https://auditchain.finance/analysis/QmSJYgC7x6XbjVa312pcgV71wvKRrsAcpy4BQCGLVjK8Qo"
"Acer Therapeutics Inc. (ACER) 10-Q for Q3, 2022","ONE GATEWAY CENTER (300 WASHINGTON ST.),NEWTON,MA,02458","https://auditchain.finance/analysis/QmTEC6ywkENBhizF1tnhdwBC2FWUZbJEXoPNXbwFu7GBuU"
"OPPENHEIMER HOLDINGS INC. (OPY) 10-Q for Q3, 2022","85 BROAD STREET,NEW YORK,NY,10004","https://auditchain.finance/analysis/QmRbCnT3CTJzKB3o82beYmLDgokRtLieQoHWKCB2z4k1GD"
"Orion Energy Systems, Inc. (OESX) 10-Q for Q2, 2022","2210 WOODLAND DRIVE,MANITOWOC,WI,54220","https://auditchain.finance/analysis/QmctLmmTe8UGdS88JD8socb8vxRd5N4m9w3KsA7pY8WS8b"
"Chord Energy Corporation (CHRD) 10-Q for Q3, 2022","1001 FANNIN STREET,HOUSTON,TX,77002","https://auditchain.finance/analysis/QmUtcURDZecnbEhbyKiGKuM4SPfsGZotPVgMiwWqmg3qoK"
"Ocular Therapeutix, Inc. (OCUL) 10-Q for Q3, 2022","24 CROSBY DRIVE,BEDFORD,MA,01730","https://auditchain.finance/analysis/QmP6c5R5moKg1T2GxN9dCxzwupxVJfcH4MH7qKeewEdv8w"
"ZHANLING INTERNATIONAL LIMITED () 10-Q for Q3, 2022","1802 NORTH CARSON STREET, SUITE 108,CARSON CITY,NV,89701","https://auditchain.finance/analysis/QmRDSMz8DXLfdZo2ysATKGEt6MAdfsQstdKHms4hrZJbe7"
"Omega Flex, Inc. (OFLX) 10-Q for Q3, 2022","451 CREAMERY WAY,EXTON,PA,19341","https://auditchain.finance/analysis/QmdbpqCB4bu5ym39m5Ac8BeDo7C1SV1vorvZ5jmA3Djeyb"
"OMNITEK ENGINEERING CORP. () 10-Q for Q3, 2022","1345 SPECIALTY DR.,VISTA,CA,92081","https://auditchain.finance/analysis/QmWmgECnXiVGZ2gX59x2iyfCtZJ4PC7AcnzyZ9cx8WKJvm"
"Touchpoint Group Holdings, Inc. () 10-Q for Q3, 2022","4300 BISCAYNE BLVD., SUITE 203,MIAMI,FL,33137","https://auditchain.finance/analysis/QmY2wdeGhBgSNytqrrpZEwRjHHEZhubdz4cSaxC9YW9XVB"
"Mawson Infrastructure Group Inc. (MIGI) 10-Q for Q3, 2022","LEVEL 5, 97 PACIFIC HIGHWAY,NORTH SYDNEY NSW,C3,2060","https://auditchain.finance/analysis/QmRtKysZuqfYvBjYM4xaGiLmtxHdx7fr4GY1XwFWnTjQJM"
"OPKO Health, Inc. (OPK) 10-Q for Q3, 2022","4400 BISCAYNE BLVD.,MIAMI,FL,33137","https://auditchain.finance/analysis/QmY2psrh9C9Gcxv8XUgDRNsE4Mhd5ffhTgrrA1E1JfpoJi"
"OPTINOSE, INC. (OPTN) 10-Q for Q3, 2022","1020 STONY HILL ROAD,YARDLEY,PA,19067","https://auditchain.finance/analysis/QmcMjiRxbrvdX4mdpDa82bwXDi3BGUsqKYaGS5tf2FBwKY"
"Oracle Corporation (ORCL) 10-Q for Q1, 2023","500 ORACLE PARKWAY,REDWOOD CITY,CA,94065","https://auditchain.finance/analysis/QmTGTnhbcSodXN1YvGpshVWEvftnpQeNG5Ra3daLdMUn8Z"
"IT TECH PACKAGING, INC. (ITP) 10-Q for Q3, 2022","SCIENCE PARK, JULI ROAD,HEBEI PROVINCE,,F4,072550","https://auditchain.finance/analysis/QmUDkfJffJUqMDPfPghnQK5d7mpkMhXBbz7sbd4dgtE43R"
"P&F INDUSTRIES, INC. (PFIN) 10-Q for Q3, 2022","445 BROADHOLLOW ROAD,MELVILLE,NY,11747","https://auditchain.finance/analysis/QmTWvFRhWCBqTgqJ65MLazuoC8GdqHWpPa7LgTQM5CztRX"
"Pacific Biosciences of California, Inc. (PACB) 10-Q for Q3, 2022","1305 O'BRIEN DRIVE,MENLO PARK,CA,94025","https://auditchain.finance/analysis/QmT5FTJewBuiGUFnmZSbztuUGcm6XD4dMLjWxNQBkvQhgg"
"Ovid Therapeutics Inc. (OVID) 10-Q for Q3, 2022","1460 BROADWAY,NEW YORK,NY,10036","https://auditchain.finance/analysis/QmQBVC3JvtWbxXXKPnohCBx2pUuAxCfjMvXZbEN3RDndCT"
"PACIFIC PREMIER BANCORP INC (PPBI) 10-Q for Q3, 2022","17901 VON KARMAN AVE,IRVINE,CA,92614","https://auditchain.finance/analysis/QmarhkYZeXvMW8hHEGRJSDfC5hVqEazvwtPLvaAATBDsta"
"PACWEST BANCORP (PACW) 10-Q for Q3, 2022","130 S. STATE COLLEGE BLVD.,BREA,CA,92821","https://auditchain.finance/analysis/Qmdem9XFGpdQwXZtaHn2VAXfPjCG3hTnGnpuVHHGMpPsup"
"PAID INC () 10-Q for Q3, 2022","200 FRIBERG PARKWAY,WESTBOROUGH,MA,01581","https://auditchain.finance/analysis/Qmat5bqv8MMzcHhboj9rKuo9LdZWT4nfEk8KYKYbnVuwZq"
"Cassava Sciences, Inc. (SAVA) 10-Q for Q3, 2022","6801 N CAPITAL OF TEXAS HIGHWAY,AUSTIN,TX,78731","https://auditchain.finance/analysis/QmbCLnpTqixkF7hRh3uSentfCwjMwD8TeAJ7k8Wi5uLT5o"
"PALATIN TECHNOLOGIES, INC. (PTN) 10-Q for Q1, 2023","4B CEDAR BROOK DRIVE,CRANBURY,NJ,08512","https://auditchain.finance/analysis/QmP5SsTMStLHF8KiabfMYYcs1e8prVdtEyCmG9SCFSu9cX"
"LYONDELLBASELL INDUSTRIES N.V. (LYB) 10-Q for Q3, 2022","1221 MCKINNEY ST,HOUSTON,TX,77010","https://auditchain.finance/analysis/Qmc1aoyVfBzJ474KH3mtdDQUsKmTVsqkVyL2pTGk2YLhfG"
"PARATEK PHARMACEUTICALS, INC. (PRTK) 10-Q for Q3, 2022","75 PARK PLAZA,BOSTON,MA,02116","https://auditchain.finance/analysis/QmSymfU4pFVrPVRddtvf4GW9ScjZ2zrkzfbZyHpxN88bV7"
"M/I HOMES, INC. (MHO) 10-Q for Q3, 2022","4131 WORTH AVENUE STE 500,COLUMBUS,OH,43219","https://auditchain.finance/analysis/QmRX3KAgaMSM5zi1pmPSanAhYoWcxgC91m1MBB2oK3sfYA"
"PARK OHIO INDUSTRIES INC/OH () 10-Q for Q3, 2022","6065 PARKLAND BLVD.,CLEVELAND,OH,44124","https://auditchain.finance/analysis/QmNa1pAEdnSV68NTuNDeyMMcj2Evzr5e5QAWedpEHrkWB1"
"PATRICK INDUSTRIES, INC. (PATK) 10-Q for Q3, 2022","107 WEST FRANKLIN STREET PO BOX 638,ELKHART,IN,46515","https://auditchain.finance/analysis/QmeKa27p46YY6aDnzxVUQDZYWrz2cWSZjkj5XHDoySuGBu"
"Patterson-UTI Energy, Inc. (PTEN) 10-Q for Q3, 2022","10713 WEST SAM HOUSTON PARKWAY NORTH,HOUSTON,TX,77064","https://auditchain.finance/analysis/QmUd1Fharb3q3E3daHp1sBUUbSJ8tGLQ4k3amHNimdwsqw"
"MACROGENICS, INC. (MGNX) 10-Q for Q3, 2022","9704 MEDICAL CENTER DRIVE,Rockville,MD,20850","https://auditchain.finance/analysis/QmNk2SxaohNBCHGTNChQpkAfQPS1GPJE816MuepSSCwWrq"
"MADRIGAL PHARMACEUTICALS, INC. (MDGL) 10-Q for Q3, 2022","200 BARR HARBOR DRIVE, SUITE 400,WEST CONSHOHOCKEN,PA,19428","https://auditchain.finance/analysis/QmRVGbBk9viAXr1LG2TMNtAirhRuebVxUPNDqpzfvZqHtW"
"Usio, Inc. (USIO) 10-Q for Q3, 2022","3611 PAESANOS PARKWAY,SAN ANTONIO,TX,78231","https://auditchain.finance/analysis/QmPUmfC68qnUmQVNzG44iHVodBnUg38ynqmtE2KYSrNB5v"
"PBF HOLDING COMPANY LLC () 10-Q for Q3, 2022","ONE SYLVAN WAY, SECOND FLOOR,PARSIPPANY,NJ,07054","https://auditchain.finance/analysis/QmZTVowG8cP4jdng2aehivmb28JTqsk8XBrn3HyivBtq8P"
"Magnachip Semiconductor Corporation (MX) 10-Q for Q3, 2022","C/O MAGNACHIP SEMICONDUCTOR S.A.,LUXEMBOURG,N4,L-2146","https://auditchain.finance/analysis/QmSuCFWRDs7ZUAcFAXfmXPDm6vmLsj5ZzdVpkVmbvDhxm3"
"PC CONNECTION, INC. (CNXN) 10-Q for Q3, 2022","ROUTE 101A,MERRIMACK,NH,03054","https://auditchain.finance/analysis/QmTPGxUKeUrUL89ao1RKNaBUo7GUytd7FncuESeoMKExcA"
"PCSB Financial Corporation (PCSB) 10-Q for Q1, 2023","2651 STRANG BOULEVARD,YORKTOWN HEIGHTS,NY,10598","https://auditchain.finance/analysis/QmNrTasR2MxJ5yhXw9KznQuDwUwJ44wJX7LTxAs9dveYdX"
"PEAPACK-GLADSTONE FINANCIAL CORPORATION (PGC) 10-Q for Q3, 2022","500 HILLS DRIVE,BEDMINSTER,NJ,07921","https://auditchain.finance/analysis/QmRn14pNM2b6ZexBrRCPbDZTvXsMzv8wiz5dBUFKCHgRa5"
"PEGASYSTEMS INC. (PEGA) 10-Q for Q3, 2022","ONE MAIN STREET,CAMBRIDGE,MA,02142-1531","https://auditchain.finance/analysis/QmSW5EeVZ3wktFNWDTrgepiTLwVHm6DwDBKnyT8QyC9tj7"
"PENN Entertainment, Inc. (PENN) 10-Q for Q3, 2022","825 BERKSHIRE BLVD STE 200,WYOMISSING,PA,19610","https://auditchain.finance/analysis/QmWYXqgnfDmGCYFc8ZbPRaYVapnqG9fLKmFQigvBFzs1Pe"
"Penske Automotive Group, Inc. (PAG) 10-Q for Q3, 2022","2555 TELEGRAPH RD,BLOOMFIELD HILLS,MI,48302-0954","https://auditchain.finance/analysis/QmPsGheQG92Phd69SWEik1U2HVUUZWAonCgaELhyvwf5fh"
"PEOPLES FINANCIAL CORP /MS/ () 10-Q for Q3, 2022","152 LAMEUSE STREET,BILOXI,MS,39530","https://auditchain.finance/analysis/QmSAbdLY3Hyn4qN2i2RSohZimb2Scy7n4nXJJAoPh54THW"
"PEOPLES BANCORP INC. (PEBO) 10-Q for Q3, 2022","138 PUTNAM ST,MARIETTA,OH,45750-0738","https://auditchain.finance/analysis/QmcyG6QZcf6Pw1sQJZ7iUjMWCyZB6sbeM9VYSZjLVjuzKw"
"PERFICIENT, INC. (PRFT) 10-Q for Q3, 2022","555 MARYVILLE UNIVERSITY DRIVE,SAINT LOUIS,MO,63141","https://auditchain.finance/analysis/QmV8giiy2HMawmCaDWPsUijiy5ojTEQZTwNxKRjA4c3zVV"
"PERMA FIX ENVIRONMENTAL SERVICES INC (PESI) 10-Q for Q3, 2022","8302 DUNWOODY PLACE,ATLANTA,GA,30350","https://auditchain.finance/analysis/QmNYELqeqq8x3fyG9rvHfmDjXyWBSG4uLGhrzVLHK329yp"
"PGT Innovations, Inc. (PGTI) 10-Q for Q3, 2022","1070 TECHNOLOGY DRIVE,NORTH VENICE,FL,34275","https://auditchain.finance/analysis/QmTMDQ2csbqWk9r6Xe87on7dV8zB888yUMK64tmbquJbfB"
"PG&E CORP (PCG) 10-Q for Q3, 2022","77 BEALE STREET,SAN FRANCISCO,CA,94177","https://auditchain.finance/analysis/QmXjR9n78uXpDfApfgs1Myv5FJcUj92ptmsdVqYAJJozoc"
"Phibro Animal Health Corporation (PAHC) 10-Q for Q1, 2023","GLENPOINTE CENTRE EAST, 3RD FLOOR,TEANECK,NJ,07666","https://auditchain.finance/analysis/QmRWDEMDJfM2uDjbXkYZYSccbnH4Gh7CH313wRxF41sFUH"
"PILGRIM’S PRIDE CORPORATION (PPC) 10-Q for Q3, 2022","1770 PROMONTORY CIRCLE,GREELEY,CO,80634","https://auditchain.finance/analysis/QmexiRFnsFvVnhEnKCB2AyPs3q2oAfLmHsBi3sGq1vq3o4"
"PIONEER POWER SOLUTIONS, INC. (PPSI) 10-Q for Q3, 2022","400 KELBY STREET, 12TH FLOOR,FORT LEE,NJ,07024","https://auditchain.finance/analysis/QmT1b499Yzha5xUqRL9729HWNXSev1765qYX4Am2TddLfS"
"PJT Partners Inc. (PJT) 10-Q for Q3, 2022","280 PARK AVENUE,NEW YORK,NY,10017","https://auditchain.finance/analysis/QmV6S25epc7ooEYG4KdF22qoZ41jtoXLGybr7pabgKkNCh"
"POLARIS INC. (PII) 10-Q for Q3, 2022","2100 HIGHWAY 55,MEDINA,MN,55340","https://auditchain.finance/analysis/QmVAZVgphoiYmhd43TqFjXkRhANhDJ5FwPkiWqst1hA9Wm"
"AVIENT CORPORATION (AVNT) 10-Q for Q3, 2022","33587 WALKER ROAD,AVON LAKE,OH,44012","https://auditchain.finance/analysis/QmRUMyVTGT8r4jyVx4Dndnfaiue4gSrWUmmHg2Jb8ofB6D"
"PORTLAND GENERAL ELECTRIC COMPANY (POR) 10-Q for Q3, 2022","121 SW SALMON ST,PORTLAND,OR,97204","https://auditchain.finance/analysis/QmXcARXGbYqY2N4PK8ysAVjuHEJM1fMxvvbHA5b93jxf3Y"
"PORTSMOUTH SQUARE, INC () 10-Q for Q1, 2023","11620 WILSHIRE BOULEVARD,LOS ANGELES,CA,90025","https://auditchain.finance/analysis/QmRusF4MRiJM9qYMPAPfDBBnAiHYt7sgtQgqcr9HvhY47f"
"PPG INDUSTRIES INC (PPG) 10-Q for Q3, 2022","ONE PPG PL 40 EAST,PITTSBURGH,PA,15272","https://auditchain.finance/analysis/QmaDp3vkFxAikeFgm327c6yyohcyLKWsfesDCo4AMQdXh3"
"PRA Group, Inc (PRAA) 10-Q for Q3, 2022","120 CORPORATE BLVD STE 100,NORFOLK,VA,23502","https://auditchain.finance/analysis/QmUnAHEaoRvyUdNGYgPhigzY3vT8qqR6iRDwy7mvscBJhE"
"CERES CLASSIC L.P. () 10-Q for Q3, 2022","C/O CERES MANAGED FUTURES LLC,NEW YORK,NY,10036","https://auditchain.finance/analysis/QmRHvesQ9savZXpyFt2GnSbGxndXeTGwkV8aSpFqz1WBmg"
"The Manitowoc Company, Inc. (MTW) 10-Q for Q3, 2022","11270 WEST PARK PLACE,MILWAUKEE,WI,53224","https://auditchain.finance/analysis/QmPxDb9Nz9crdHz1hdaVvxtX3mZwtVP3BC1FSaKJeLnJRW"
"MarineMax, Inc. (HZO) 10-K for FY, 2022","2600 MCCORMICK DRIVE,CLEARWATER,FL,33759","https://auditchain.finance/analysis/QmeG6c7tiKLSK4p25i6PU4ftRocjQUDJB6i1LpY2rVKMfE"
"MARKETAXESS HOLDINGS INC. (MKTX) 10-Q for Q3, 2022","55 HUDSON YARDS, 15TH FLOOR,NEW YORK,NY,10001","https://auditchain.finance/analysis/QmQXGz4MB4uRmi7yTMLqjbnKWEqvhxvSNRL7YfVGc1Mibx"
"MARTIN MIDSTREAM PARTNERS L.P. (MMLP) 10-Q for Q3, 2022","4200 STONE ROAD,KILGORE,TX,75662","https://auditchain.finance/analysis/Qmdk1egfa2Am4QgSBXtnw6LPCHFisD2qpaza8HyeSmtQpq"
"MasTec, Inc. (MTZ) 10-Q for Q3, 2022","800 S. DOUGLAS ROAD,CORAL GABLES,FL,33134","https://auditchain.finance/analysis/QmWBa58NcXThagoWSQEE1JL55VJH2Jvdd43yJBgJz9y7wz"
"Mastercard Incorporated (MA) 10-Q for Q3, 2022","2000 PURCHASE STREET,PURCHASE,NY,10577","https://auditchain.finance/analysis/QmRpdJTydwMxp3mD1PLG8fQHnwYb2e2dt1Va9JSB18Cfwi"
"MATRIX SERVICE CO (MTRX) 10-Q for Q1, 2023","5100 EAST SKELLY DRIVE,TULSA,OK,74135","https://auditchain.finance/analysis/QmcdwbjGzPfmC3W9NeVrAQPrdDLSL7wKJekUpp6wS3un5C"
"Maximus, Inc. (MMS) 10-K for FY, 2022","ATTN: TREASURY DEPT.,MCLEAN,VA,22102","https://auditchain.finance/analysis/QmWLRokdTBCLs2B77McrzaYfKFbrw5aBH42dx3N2W2XxJ1"
"MATTHEWS INTERNATIONAL CORP (MATW) 10-K for FY, 2022","TWO NORTHSHORE CENTER,PITTSBURGH,PA,15212-5851","https://auditchain.finance/analysis/QmTuTxpFPSXPhWvRkToi1jdpocQ5JERD9fTDQWeqU1ViXv"
"MBIA INC (MBI) 10-Q for Q3, 2022","1 MANHATTANVILLE ROAD,PURCHASE,NY,10577","https://auditchain.finance/analysis/QmPXPzDqZAyHJ8mmT1NLTv5Xg2nykGogawJT8Sk6bkz85T"
"MASTERCRAFT BOAT HOLDINGS, INC. (MCFT) 10-Q for Q1, 2023","100 CHEROKEE COVE DRIVE,VONORE,TN,37855","https://auditchain.finance/analysis/QmWWMaKmk1FVEvURHDt2eCwwpPrwtZzWbJUG42pQNymK3T"
"McGRATH RENTCORP (MGRC) 10-Q for Q3, 2022","5700 LAS POSITAS RD,LIVERMORE,CA,94551","https://auditchain.finance/analysis/QmZ9LF19qcaVJYRMNtKPDgibUYugNBjz9oBrW2YBH9wdmo"
"MEDICINOVA, INC. (MNOV) 10-Q for Q3, 2022","4275 EXECUTIVE SQUARE,LA JOLLA,CA,92037","https://auditchain.finance/analysis/QmaV9PkxbLbQ82MBqtedxH6b9NjWtmhHeWzoCQhnHfYC99"
"MEDALLION FINANCIAL CORP (MFIN) 10-Q for Q3, 2022","437 MADISON AVE 38 TH FLOOR,NEW YORK,NY,10022","https://auditchain.finance/analysis/QmQsCVricJ2oHRtDog9RrgskcDxKzqnLXAqkn3dpyuoqf6"
"MEI Pharma, Inc. (MEIP) 10-Q for Q1, 2022","11455 EL CAMINO REAL,SAN DIEGO,CA,92130","https://auditchain.finance/analysis/QmTKhspTE7ZQYqZqp5hsM8BnMh6BGQt36Q8UvjPDHVghRy"
"MERCURY GENERAL CORPORATION (MCY) 10-Q for Q3, 2022","4484 WILSHIRE BLVD,LOS ANGELES,CA,90010","https://auditchain.finance/analysis/QmUC53ojKjbKdoNVcu1kE3R9AjXnQcD1v2hVkDNJirk6RA"
"MERIDIAN BIOSCIENCE, INC. (VIVO) 10-K for FY, 2022","3471 RIVER HILLS DR,CINCINNATI,OH,45244","https://auditchain.finance/analysis/QmNptcNKtDNVSisdnv92VwtrQ6XZND3uav8fcAmyNNDFoF"
"MFA FINANCIAL, INC. (MFA) 10-Q for Q3, 2022","350 PARK AVENUE,NEW YORK,NY,10022","https://auditchain.finance/analysis/QmREsenfoa2zCqWXPFd7s38fGkigUt1SdKzhy1j4asBTEG"
"PATHWARD FINANCIAL, INC. (CASH) 10-K for FY, 2022","5501 SOUTH BROADBAND LANE,SIOUX FALLS,SD,57108","https://auditchain.finance/analysis/QmTWRSS3rrnPdqAzWSH3FJRF1ZvFN15aaEczSPKu5dRppD"
"PRICE T ROWE GROUP INC (TROW) 10-Q for Q3, 2022","100 EAST PRATT STREET,BALTIMORE,MD,21289-0320","https://auditchain.finance/analysis/QmZNfrg6MpkiEyg1dsXM7fFWAwAEenhe9pquQRLPcrLPMr"
"PRESSURE BIOSCIENCES, INC. () 10-Q for Q3, 2022","14 NORFOLK AVENUE,SOUTH EASTON,MA,02375","https://auditchain.finance/analysis/QmaYQCjMSYCbDhYHZRt7TtevEzUXvNNHpi4gEZSXsywt6L"
"ProAssurance Corporation (PRA) 10-Q for Q3, 2022","100 BROOKWOOD PLACE,BIRMINGHAM,AL,35209","https://auditchain.finance/analysis/QmZNXuDyGTovxex5zHbtzkugM9DY8S8wxNipp4TWF6mZGW"
"PROS HOLDINGS, INC. (PRO) 10-Q for Q3, 2022","3200 KIRBY DR.,HOUSTON,TX,77098","https://auditchain.finance/analysis/QmUTHGMgVh2MoidZcX8TihX1xhEYoX28Gqp9bUUsbAZeD6"
"PROSPER MARKETPLACE, INC. () 10-Q for Q3, 2022","221 MAIN STREET,SAN FRANCISCO,CA,94105","https://auditchain.finance/analysis/QmUsR2EXAthKnC1CWFeztQZNbKtU9DFUWgLJP94JrYERq2"
"Protara Therapeutics, Inc. (TARA) 10-Q for Q3, 2022","345 PARK AVENUE SOUTH,NEW YORK,NY,10010","https://auditchain.finance/analysis/QmbmLsRCB4RtG63JKA5AS3tpmAWubTdAKyXuzeEbU2T7FW"
"PRUCO LIFE INSURANCE CO () 10-Q for Q3, 2022","213 WASHINGTON ST,NEWARK,NJ,07102","https://auditchain.finance/analysis/QmZh3VwoKX4c1mVcGRT6qr5uiVLi3LfEjevNzrtwbnv5py"
"PTC Inc. (PTC) 10-K for FY, 2022","121 SEAPORT BOULEVARD,BOSTON,MA,02210","https://auditchain.finance/analysis/QmU9dmHep7spxrXxfDK7bJN77pGPBBmtD4T5qiGhTKFQNs"
"Prudential Financial, Inc. (PRU) 10-Q for Q3, 2022","751 BROAD ST,NEWARK,NJ,07102","https://auditchain.finance/analysis/QmeyPp5RsFedzdnr6bf7WzP2rH1ZJUMRM7DXbuHangGGnq"
"PUMA BIOTECHNOLOGY, INC. (PBYI) 10-Q for Q3, 2022","10880 WILSHIRE BLVD.,LOS ANGELES,CA,90024","https://auditchain.finance/analysis/QmU4aenjrpp3jXnx1PWFvZ2dbkAj6TeLtDRMZgs2gVvsXD"
"PUBLIX SUPER MARKETS, INC. () 10-Q for Q3, 2022","3300 PUBLIX CORPORATE PARKWAY,LAKELAND,FL,33811","https://auditchain.finance/analysis/QmNTbnktQmS3ZtXYd7aLjwm99C26yfi9KfhUiH6kvuD1Xv"
"PURE CYCLE CORPORATION (PCYO) 10-K for FY, 2022","34501 E. QUINCY AVE,WATKINS,CO,80137","https://auditchain.finance/analysis/Qmbi4MxKBLcLGRaHVbP2Q4KfRG8ZzLRs7z66Ye8GkupokE"
"PACIRA BIOSCIENCES, INC. (PCRX) 10-Q for Q3, 2022","5401 WEST KENNEDY BOULEVARD,TAMPA,FL,33609","https://auditchain.finance/analysis/QmQN2j2T9uadgUkAmSyKWahua5KRaggn9G2facBGUwLunn"
"Palayan Resources, Inc. (PLYN) 10-Q for Q2, 2023","223 DE LA CRUZ ROAD, PASAY,METRO MANILA,R6,0000","https://auditchain.finance/analysis/QmPp6dmTG4HjowxrBP4WcHfrqLWypVAoV2HC3j22962ziw"
"PARAMOUNT GOLD NEVADA CORP. (PZG) 10-Q for Q1, 2023","665 ANDERSON STREET,WINNEMUCCA,NV,89445","https://auditchain.finance/analysis/QmS5anpHf4w9CtqbQssdYCEN3zsjDFZXBcHcWpd377vED6"
"Party City Holdco Inc. (PRTY) 10-Q for Q3, 2022","100 TICE BLVD.,WOODCLIFF LAKE,NJ,07677","https://auditchain.finance/analysis/QmQQ3ypBHEk1y8rqBUN2dRiTEaJwPjtAjAjPzqrzcgNLLa"
"PAYLOCITY HOLDING CORPORATION (PCTY) 10-Q for Q1, 2023","1400 AMERICAN LANE,SCHAUMBURG,IL,60173","https://auditchain.finance/analysis/QmPQPutFCXLNc2SD2TZmHJEqVs7quYPSU5UYXwzMVNHWfj"
"PATHFINDER BANCORP, INC. (PBHC) 10-Q for Q3, 2022","214 WEST FIRST STREET,OSWEGO,NY,13126","https://auditchain.finance/analysis/QmRTZibDQARWouyyDikY9sbZxdcnJAg4VKxdoSQqP1uKSD"
"Performance Food Group Company (PFGC) 10-Q for Q1, 2022","12500 WEST CREEK PARKWAY,RICHMOND,VA,23238","https://auditchain.finance/analysis/QmT8Eqejs9kMt9FeCdbK7sYkD5Zzz5oo3unRoKuWvFCaT9"
"PetIQ, Inc. (PETQ) 10-Q for Q3, 2022","PETIQ LLC,EAGLE,ID,83616","https://auditchain.finance/analysis/QmYEgyHyBsHmiZxuCgoWLD3awufiUfB5CuGWwFAi4JBXsJ"
"PETROGAS COMPANY () 10-Q for Q2, 2022","2800 POST OAK BOULEVARD,HOUSTON,TX,77056","https://auditchain.finance/analysis/QmZPEFMaUtdxHfBqUmigS6eddFhNy3GkEJ8SuXAwnFzrdj"
"Element Solutions Inc (ESI) 10-Q for Q3, 2022","500 EAST BROWARD BOULEVARD,FORT LAUDERDALE,FL,33394","https://auditchain.finance/analysis/QmayqpQjNkrPRCVKGWAinex5Cc8X4JNrjjmCHsU6gezegk"
"TARGET HOSPITALITY CORP. (TH) 10-Q for Q3, 2022","9320 LAKESIDE BLVD.,THE WOODLANDS,TX,77381","https://auditchain.finance/analysis/QmSQhHhrgtmC1yWqZ7jyCnj3uXcBhqv7QT2rBXWwgcVoF2"
"GLACIER WORLDWIDE, INC. () 10-Q for Q3, 2022","10390 SANTA MONICA BOULEVARD,LOS ANGELES,CA,90025","https://auditchain.finance/analysis/QmWrbgxVUYdGJ9pESHLwCDLbSuAa4qiPjATcnkDVpzmmjx"
"PRESTIGE CAPITAL CORPORATION () 10-Q for Q3, 2022","2157 S LINCOLN STREET,SALT LAKE CITY,UT,84106","https://auditchain.finance/analysis/QmaeQg3ZmzCSH5AagVJCbucizDMGvPGnEKcLXCXT6oSi3C"
"POWER REIT (PW) 10-Q for Q3, 2022","301 WINDING ROAD,OLD BETHPAGE,NY,11804","https://auditchain.finance/analysis/QmNPZyhd12ofq7jtrUBG7sYRLGsB3YtmzBx423mbQYa26L"
"Primoris Services Corporation (PRIM) 10-Q for Q3, 2022","2300 N. FIELD STREET, SUITE 1900,DALLAS,TX,75201","https://auditchain.finance/analysis/QmdD3jEwThTX7krYDapWU3ByTBBJ3FB5RCe81hBKCaDdDL"
"ProPetro Holding Corp. (PUMP) 10-Q for Q3, 2022","1706 S. MIDKIFF ROAD, BUILDING B,MIDLAND,TX,79701","https://auditchain.finance/analysis/QmWNMc2FuAVe3fddVJxEpyP6LPvSmEtfBP6V4UTJxNUqdL"
"Professional Diversity Network, Inc. (IPDN) 10-Q for Q3, 2022","55 EAST MONROE STREET,CHICAGO,IL,60603","https://auditchain.finance/analysis/QmWUV5LHHWoGNEQtDTtTTcguEGNTqrdQd6dAzSi4aEH4jm"
"Protagenic Therapeutics, Inc.\new (PTIX) 10-Q for Q3, 2022","149 FIFTH AVENUE,NEW YORK,NY,10010","https://auditchain.finance/analysis/QmQr8fgxhG5Wp6ExXEjsRdryc9kepfRwXysBZPvMkyUFNV"
"PROTHENA CORPORATION PUBLIC LIMITED COMPANY (PRTA) 10-Q for Q3, 2022","77 SIR JOHN ROGERSON'S QUAY, BLOCK C,DUBLIN 2,L2,D02 VK60","https://auditchain.finance/analysis/QmRnytzWi9xHjRDTZySULDpkao9B5Ej29uWmWXbEYupZng"
"PROVENTION BIO, INC. (PRVB) 10-Q for Q3, 2022","55 BROAD STREET, 2ND FLOOR,RED BANK,NJ,07701","https://auditchain.finance/analysis/QmfJGWx78FSmqgQ6bBKYDbvJe4ukzUgUsXNWCzfGWCjdhC"
"Public Storage (PSA) 10-Q for Q3, 2022","701 WESTERN AVENUE,GLENDALE,CA,91201-2349","https://auditchain.finance/analysis/QmUFSHKWeKbrEJK5Ed8NjzLShGqRi1T6wEnaLiHniwS6bU"
"QSAM Biosciences, Inc. () 10-Q for Q3, 2022","9442 CAPITAL OF TEXAS HWY N,AUSTIN,TX,78759","https://auditchain.finance/analysis/QmeREtNLanxjSeJ7RzAzT6USpspdAPiGDottCJWEenqWwQ"
"INNOVATIVE PAYMENT SOLUTIONS, INC. (N/A) 10-Q for Q3, 2022","56B 5TH AVENUE, LOT 1 #AT,CARMEL BY THE SEA,CA,93921","https://auditchain.finance/analysis/QmWtNK4EE9f6LzFTUSsUqdkPFbgE6ZBx5bHRJn4SbA6XGY"
"QUAINT OAK BANCORP INC () 10-Q for Q3, 2022","501 KNOWLES AVENUE,SOUTHAMPTON,PA,18966","https://auditchain.finance/analysis/Qma9mKn2SkQQdPRN58E5VhhcV6W1MgRd6XzhVxr4C9thvW"
"QUALCOMM INC/DE (QCOM) 10-K for FY, 2022","5775 MOREHOUSE DR,SAN DIEGO,CA,92121","https://auditchain.finance/analysis/QmbG6EnTrwwiUg8CAAJzCf92ZyuqnCqcyCCFjnnhVNDav2"
"NEXTGEN HEALTHCARE, INC. (NXGN) 10-Q for Q2, 2023","18111 VON KARMAN AVENUE,IRVINE,CA,92612","https://auditchain.finance/analysis/QmPFL4WfZDEvWCTKmQmzM89WNtQTsn61JL2LMXm4ed5wbc"
"QUALYS, INC. (QLYS) 10-Q for Q3, 2022","919 E. HILLSDALE BLVD.,FOSTER CITY,CA,94404","https://auditchain.finance/analysis/QmRRaBUReMnyG6HrBRUnprHs8gKD6PqkoKKpDWgayRci1h"
"QUANTUM CORP /DE/ (QMCO) 10-Q for Q2, 2023","224 AIRPORT PARKWAY,SAN JOSE,CA,95110","https://auditchain.finance/analysis/Qmak9Vb56vRRWH1anPWVVm4SCaYXpx2955gKXFqwXbNpC7"
"Quanterix Corp (QTRX) 10-Q for Q3, 2022","900 MIDDLESEX TURNPIKE,BILLERICA,MA,01821","https://auditchain.finance/analysis/Qmbro2BC39XdHxFdNpbcF7PUNCXWasKLFH2NWswE5by2FX"
"Exela Technologies, Inc. (XELA) 10-Q for Q3, 2022","2701 EAST GRAUWYLER RD.,IRVING,TX,75061","https://auditchain.finance/analysis/QmRy3ciyiKZjw6U53nR8Kgbe2JFejPN8pcmNbFXswycRyD"
"Quotient Technology Inc. (QUOT) 10-Q for Q3, 2022","1260 EAST STRINGHAM AVENUE,SALT LAKE CITY,UT,84106","https://auditchain.finance/analysis/QmbHSY92YPUrSQayVK6nyd4kyJTtELGHUARRyRVZNUKKuf"
"Ralph Lauren Corporation (RL) 10-Q for Q2, 2023","650 MADISON AVENUE,NEW YORK,NY,10022","https://auditchain.finance/analysis/QmZzQePiVpT2JBBmT77jqB2MCej9iKaB9o17zLgJejNaew"
"RANGE RESOURCES CORPORATION (RRC) 10-Q for Q3, 2022","100 THROCKMORTON  STE. 1200,FT WORTH,TX,76102","https://auditchain.finance/analysis/QmTkdW8HFi7ZxpvrptiWBrtM2UrQanRiD4x7cZ4cTEsE5n"
"RAVE RESTAURANT GROUP, INC. (RAVE) 10-Q for Q1, 2023","3551 PLANO PARKWAY,THE COLONY,TX,75056","https://auditchain.finance/analysis/QmTTH5EHyC5NFzSP46h1jKoxWbV7Lc7E5RJYhQgNd4QnVh"
"RE/MAX Holdings, Inc. (RMAX) 10-Q for Q3, 2022","5075 SOUTH SYRACUSE STREET,DENVER,CO,80237","https://auditchain.finance/analysis/QmcH78XdA515qCmCaUW8wSo44ETUQxU66MQqrTPcjJ1yq7"
"READING INTERNATIONAL, INC. (RDI) 10-Q for Q3, 2022","5995 SEPULVEDA BOULEVARD,CULVER CITY,CA,90230","https://auditchain.finance/analysis/QmQX2jjR7K2HeWsfu28dS8RjSdHBBspKYZnqheG2LkFYN5"
"RealNetworks, Inc. (RNWK) 10-Q for Q3, 2022","1501 FIRST AVENUE SOUTH,SEATTLE,WA,98134","https://auditchain.finance/analysis/QmXJHVMfGMD6BKa9h6pafU86szTNCr9oBJ5QXEnBJjKqiu"
"RED VIOLET, INC. (RDVT) 10-Q for Q3, 2022","2650 NORTH MILITARY TRAIL,BOCA RATON,FL,33431","https://auditchain.finance/analysis/QmPrcDgxTCf1v64vKKbdCTKCrp6PfZwbnDfM8i54vmJVcB"
"RED ROBIN GOURMET BURGERS, INC. (RRGB) 10-Q for Q3, 2022","10000 EAST GEDDES AVENUE,ENGLEWOOD,CO,80112","https://auditchain.finance/analysis/QmSJ7QePB28G7Z7KYGks6birZxkAj67vtpcN6VYTx2grtK"
"REFLECT SCIENTIFIC, INC. () 10-Q for Q3, 2022","1270 S 1380 W,OREM,UT,84058","https://auditchain.finance/analysis/QmPaagYieiaC5ALyL56dqTi5YTrtchJM7GmivTJfEoKxJt"
"REGENERX BIOPHARMACEUTICALS, INC. (RGRX) 10-Q for Q3, 2022","15245 SHADY GROVE ROAD,ROCKVILLE,MD,20850","https://auditchain.finance/analysis/QmNeYQmVtBRzKmgpvu8tomeCL2RPMGfPeTDQcLT99gi6Mi"
"REGENXBIO Inc. (RGNX) 10-Q for Q3, 2022","9804 MEDICAL CENTER DRIVE,ROCKVILLE,MD,20850","https://auditchain.finance/analysis/QmdivtazxKnT1sAADtfVtvgLuSzXi76AqDfeDSoqQpuNoF"
"Regulus Therapeutics Inc. (RGLS) 10-Q for Q3, 2022","4224 CAMPUS POINT COURT,SAN DIEGO,CA,92121","https://auditchain.finance/analysis/Qma4z7dMsZKW4CCaTdpZLYYmMEdvLHmhs4PJhF6EgkgZQX"
"Regis Corp (RGS) 10-Q for Q1, 2023","3701 WAYZATA BLVD,MINNEAPOLIS,MN,55416","https://auditchain.finance/analysis/QmTVQjjvVNEU8XkQ6Luaap6MFynuxQifgWjyWUjH8rdymV"
"RELIABILITY INCORPORATED (RLBY) 10-Q for Q3, 2022","22505 GATEWAY CENTER DRIVE,CLARKSBURG,MD,20871","https://auditchain.finance/analysis/QmQHUonKma4L75Z5CfrJarPq45xsxrtoxWEXyUVTgWZdiW"
"RENAISSANCERE HOLDINGS LTD (RNR) 10-Q for Q3, 2022","RENAISSANCE HOUSE,PEMBROKE,D0,HM19","https://auditchain.finance/analysis/QmadkFH6uSLqYMRUausfrfDwAsUawzrFHChrTUuntmt6R4"
"KORU MEDICAL SYSTEMS, INC. (KRMD) 10-Q for Q3, 2022","100 CORPORATE DRIVE,MAHWAH,NJ,07430","https://auditchain.finance/analysis/QmUcAuPcctMH7mFmP1G5GYMiBPQzSHrJxGsntkUrEcYiuh"
"REPUBLIC BANCORP, INC. (RBCAA) 10-Q for Q3, 2022","REPUBLIC CORPORATE CENTER,LOUISVILLE,KY,40202","https://auditchain.finance/analysis/QmYApetXeSjbT45NddHEZ8G9Q81nMzaaBfVV6TxCCYa2tc"
"RESERVE PETROLEUM CO () 10-Q for Q3, 2022","6801 N BROADWAY STE 300,OKLAHOMA CITY,OK,73116-9092","https://auditchain.finance/analysis/QmW2tuKxSpsMKTJQMFTDWQDyo2kGCQsmAsi79keh4QPAZb"
"RESOLUTE FOREST PRODUCTS INC. (RFP) 10-Q for Q3, 2022","1010 DE LA GAUCHETIERE STREET WEST,MONTREAL,A8,H3B 2N2","https://auditchain.finance/analysis/QmTRhqHBbW2kaNPizK2bRVHh4ekGD3NPZLMQ1LjZmxZP2S"
"STEWART INFORMATION SERVICES CORP (STC) 10-Q for Q3, 2022","1360 POST OAK BLVD,HOUSTON,TX,77056","https://auditchain.finance/analysis/Qma5NBYH5Jdd94MCrcKqMC1Z1MKAACW2vvuC75UJeSh7ZK"
"HELIOS TECHNOLOGIES, INC. (HLIO) 10-Q for Q3, 2022","7456 SIXTEENTH STREET EAST,SARASOTA,FL,34243","https://auditchain.finance/analysis/QmZuokqYcdrEAMihDtebXKpFAyGGLmigfRC5vG4qXDAp5K"
"SUPERIOR INDUSTRIES INTERNATIONAL, INC. (SUP) 10-Q for Q3, 2022","26600 TELEGRAPH ROAD,SOUTHFIELD,MI,48033","https://auditchain.finance/analysis/QmTxrqFJAdQ7zuLT3uswWR7ft8mYa5DJ9KSWZL1XK2iS8A"
"SUPERNUS PHARMACEUTICALS, INC. (SUPN) 10-Q for Q3, 2022","9715 KEY WEST AVENUE,ROCKVILLE,MD,20850","https://auditchain.finance/analysis/QmdGwAmMc2ABnuUd46sHEs4qY3oGwNTN2NafxLRFZm4inm"
"SUNWIN STEVIA INTERNATIONAL, INC. () 10-Q for Q1, 2023","6 SHENGWANG AVENUE,,QUFU, SHANDONG,F4,273100","https://auditchain.finance/analysis/QmTUCMfak992CkLRvW6iMEXbqifNzQ4bGJcQGad4djzUQY"
"Momentive Global Inc.  (MNTV) 10-Q for Q3, 2022","ONE CURIOSITY WAY,SAN MATEO,CA,94403","https://auditchain.finance/analysis/QmT9TD5G48oMYevTn6AVVgAPGRGEpWmDVpfLR81ogg7vYK"
"SYNCHRONOSS TECHNOLOGIES, INC (SNCR) 10-Q for Q3, 2022","200 CROSSING BOULEVARD,BRIDGEWATER,NJ,08807","https://auditchain.finance/analysis/QmPWsYXX1xXKPgTXGTd2Qe7MP4QQZghaBi4qEvzzpWeYhW"
"SYPRIS SOLUTIONS INC (SYPR) 10-Q for Q3, 2022","101 BULLITT LN,LOUISVILLE,KY,40222","https://auditchain.finance/analysis/QmTLeW3gnXyFbX8HqHYbS81o3LEmKMfG4woMRUU6vPgdvE"
"Sage Therapeutics, Inc. (SAGE) 10-Q for Q3, 2022","215 FIRST STREET,CAMBRIDGE,MA,02142","https://auditchain.finance/analysis/QmaHQHRRKpDxnSiJ6Htg8fGKLDi3dtPFucV1fPhCRpW6KG"
"Sarepta Therapeutics, Inc. (SRPT) 10-Q for Q3, 2022","215 FIRST STREET,CAMBRIDGE,MA,02142","https://auditchain.finance/analysis/QmXoYbqKr4JeM3CyVjv6jwTK98AS4hgxz7DrE6Bfh8GhQs"
"Schneider National, Inc. (SNDR) 10-Q for Q3, 2022","3101 SOUTH PACKERLAND DRIVE,GREEN BAY,WI,54313","https://auditchain.finance/analysis/QmNWPAmLaGPzBC39bztQ6xk7PSReCszmFtPrcw4z3W9umD"
"SENESTECH, INC. (SNES) 10-Q for Q3, 2022","3140 N. CADEN COURT,FLAGSTAFF,AZ,86004","https://auditchain.finance/analysis/QmPvmMK4XnDvRqARU6RF4oGrnQX2msj8yHf75hWjjrLfeF"
"SeaWorld Entertainment, Inc. (SEAS) 10-Q for Q3, 2022","6240 SEA HARBOR DRIVE,ORLANDO,FL,32821","https://auditchain.finance/analysis/QmWqwhXM49Zk4ejGsHTQhUGrMjYf6q6WJeR25kKBogGEK8"
"Sensus Healthcare, Inc. (SRTS) 10-Q for Q3, 2022","851 BROKEN SOUND PARKWAY NW,BOCA RATON,FL,33487","https://auditchain.finance/analysis/QmNtGgVLH2pBGvhRHCaK7D8sSKn8ssU5VbLBr6yQdFDkG7"
"SHEPHERD’S FINANCE, LLC () 10-Q for Q3, 2022","12276 SAN JOSE BLVD, SUITE 108,JACKSONVILLE,FL,32223","https://auditchain.finance/analysis/QmNsm2QHTn5FZm8nigKtYh1kcVfgXgPZ4nX1PBhzmi5fv7"
"ShotSpotter, Inc. (SSTI) 10-Q for Q3, 2022","39300 CIVIC CENTER DRIVE, SUITE 300,FREMONT,CA,94538","https://auditchain.finance/analysis/QmTuWTyV63cEJ682axpbAzVoD9TeppnuTSTAw3hfdja6w1"
"SHUTTERSTOCK, INC. (SSTK) 10-Q for Q3, 2022","350 FIFTH AVENUE,NEW YORK,NY,10118","https://auditchain.finance/analysis/QmWGAS9Pw3Knt6KxdrX62wHyA3n8FbcjZ4MQJc7qkGjjKL"
"Siebert Financial Corp. (SIEB) 10-Q for Q3, 2022","120 WALL STREET,NEW YORK,NY,10005","https://auditchain.finance/analysis/QmP5VKcHErjPcweLeZRsvQVoVh2vQ5F8VrV1vfhHaUpiYu"
"SILVERSUN TECHNOLOGIES, INC. (SSNT) 10-Q for Q3, 2022","120 EAGLE ROCK AVE,EAST HANOVER,NJ,07936","https://auditchain.finance/analysis/QmYzG7Q2Kj1YHz3PE5FSdZwciS6JHusxhYGphT9ADk6inG"
"Six Flags Entertainment Corporation (SIX) 10-Q for Q3, 2022","1000 BALLPARK WAY SUITE 400,ARLINGTON,TX,76011","https://auditchain.finance/analysis/QmeXuNrU2ge2NjK9Km8gY5Au3yLWcvVFypDjtMMymzQLMh"
"SNAP INC (SNAP) 10-Q for Q3, 2022","3000 31ST STREET,SANTA MONICA,CA,90405","https://auditchain.finance/analysis/QmQ23Aji5zGwfBh3ZG9aApJph6GVTYuop529curVtBzvpZ"
"SOCKET MOBILE, INC. (SCKT) 10-Q for Q3, 2022","40675 ENCYCLOPEDIA CIRCLE,FREMONT,CA,94538-2475","https://auditchain.finance/analysis/QmRNRvoaw8QzEtDRrWW7m1zsETSg6jxuabNuvnWU9Pq9bU"
"Solid Biosciences Inc. (SLDB) 10-Q for Q3, 2022","500 RUTHERFORD AVENUE,CHARLESTOWN,MA,02129","https://auditchain.finance/analysis/QmUyT6t3S7XQo2LkPuFYjvZZDXmqXKEsJfYk8R5SuZf3Yq"
"SOUTHERN MISSOURI BANCORP, INC. (SMBC) 10-Q for Q1, 2023","2991 OAK GROVE ROAD,POPLAR BLUFF,MO,63901","https://auditchain.finance/analysis/QmVJA5txDADY1B6dPEfyJYUeq68oRcFgfigLTeFVqeoXJB"
"SORRENTO THERAPEUTICS, INC. (SRNE) 10-Q for Q3, 2022","4955 DIRECTORS PLACE,SAN DIEGO,CA,92121","https://auditchain.finance/analysis/QmafVFk32zydZmYt5wdhVe88kF2py9qXKKCN4J8LX8JAsu"
"Via Renewables, Inc. (VIA) 10-Q for Q3, 2022","12140 WICKCHESTER LANE,HOUSTON,TX,77079","https://auditchain.finance/analysis/QmcYEhHAFnQCqWZEKJLHfY4evskPgaaLmJg8JcqUMMQEqe"
"Fisker Inc./DE (FSR) 10-Q for Q3, 2022","1888 ROSECRANS AVENUE,MANHATTAN BEACH,CA,90266","https://auditchain.finance/analysis/QmPwzqDdzYx7WfRFPyuhRHq8URRUTaw7ErXz9sGQ1pDuSN"
"SPERO THERAPEUTICS, INC. (SPRO) 10-Q for Q3, 2022","675 MASSACHUSETTS AVENUE,CAMBRIDGE,MA,02139","https://auditchain.finance/analysis/QmbV14gF7GC3K8tZg67EnURPz3GGFhJ2s7v7bmDTPWRXvv"
"Better Choice Company Inc. (BTTR) 10-Q for Q3, 2022","12400 RACE TRACK ROAD,TAMPA,FL,33626","https://auditchain.finance/analysis/QmYwB8Qp9Sjt4u4RvmFtQD2H9c9TjyrsDLHZcjUv8cYPkG"
"STAFFING 360 SOLUTIONS, INC. (STAF) 10-Q for Q3, 2022","757 THIRD AVENUE,NEW YORK,NY,10017","https://auditchain.finance/analysis/QmYkSjSuwxJn22TqQnCK1YnN92HVQH7gPxQjjWNvY7MvaQ"
"PHUNWARE, INC. (PHUN) 10-Q for Q3, 2022","7800 SHOAL CREEK BLVD,AUSTIN,X1,78757","https://auditchain.finance/analysis/QmPuYd6i4Fqu4p8khHhx8tuzuBiBj1ZKiYR58ANGRG4hK1"
"Sterling Bancorp, Inc. (SBT) 10-Q for Q3, 2022","ONE TOWNE SQUARE,SOUTHFIELD,MI,48076","https://auditchain.finance/analysis/QmWsTA2fNERhUaNSARSBwzWh5K1BkQGRuCAs3QYGSnCPnB"
"STITCH FIX, INC. (SFIX) 10-K for FY, 2022","1 MONTGOMERY STREET,SAN FRANCISCO,CA,94104","https://auditchain.finance/analysis/QmPLE5y3Z6kPJoaLxSPoFoJe623xRDyL4FN1wGrQ1twijh"
"Stratus Properties Inc. (STRS) 10-Q for Q3, 2022","212 LAVACA STREET,AUSTIN,TX,78701","https://auditchain.finance/analysis/QmPSA9urEc917fnfERPqLvzzo3VSEHP3GBDUrLbhQiEs2X"
"SUNCOKE ENERGY, INC. (SXC) 10-Q for Q3, 2022","1011 WARRENVILLE ROAD,LISLE,IL,60532","https://auditchain.finance/analysis/QmVZ4qVyNEztvp2aZX11hvbWgiJ5z9WuZ2mVbi5ncjdGu5"
"Sunrun Inc. (RUN) 10-Q for Q3, 2022","225 BUSH STREET, SUITE 1400,SAN FRANCISCO,CA,94104","https://auditchain.finance/analysis/QmXhU2bPDCvdEtdEU14Sud63w8p8Rs8rpAsARFygm6fKMM"
"SUNWORKS, INC. (SUNW) 10-Q for Q3, 2022","1030 WINDING CREEK ROAD,ROSEVILLE,CA,95678","https://auditchain.finance/analysis/QmPfGyeGUW9PBDcR1jQnAPuo5d6bUYi7XEpYK2Kserzgsf"
"SUNWORKS, INC. (SUNW) 10-Q for Q3, 2022","1030 WINDING CREEK ROAD,ROSEVILLE,CA,95678","https://auditchain.finance/analysis/QmUhDDmAUSu8QMXDzwr4rKkLRHMTdBkEAdYU7v2bDTTLWX"
"Superior Drilling Products, Inc. (SDPI) 10-Q for Q3, 2022","1583 SOUTH 1700 EAST,VERNAL,UT,84078","https://auditchain.finance/analysis/QmS3EKxGc9SbKqZwrjD4miqvdPMV6ebeQ9RYEqmsLjn2oj"
"Surgery Partners, Inc. (SGRY) 10-Q for Q3, 2022","310 SEVEN SPRINGS WAY,BRENTWOOD,TN,37027","https://auditchain.finance/analysis/QmQ3MJP9fZ7UGQEzHgK95gqbqupn95h82MDjmAF3BwZsYB"
"Switch, Inc. (SWCH) 10-Q for Q3, 2022","7135 SOUTH DECATUR BOULEVARD,LAS VEGAS,NV,89118","https://auditchain.finance/analysis/QmNhsksgeU5K5mx4bzug82h5UhNwP4wL8CF1Rg23Zuz54H"
"Ascent Industries Co. (ACNT) 10-Q for Q3, 2022","1400 16TH STREET,OAK BROOK,IL,60523","https://auditchain.finance/analysis/QmeVKWwASC7LT4Ax1tjbCGg2B2LhmjdxtQtcNaeKqeYq3u"
"THERIVA BIOLOGICS, INC. (TOVX) 10-Q for Q3, 2022","9605 MEDICAL CENTER DRIVE,ROCKVILLE,MD,20850","https://auditchain.finance/analysis/QmdKaony8ghcUYKFZATGws1MVKxvEGMp6gQwvDxU5Lydnh"
"T-MOBILE US, INC. (TMUS) 10-Q for Q3, 2022","12920 SE 38TH STREET,BELLEVUE,WA,98006","https://auditchain.finance/analysis/QmNqeZANRXyjB1Gx2ABYearesMbUFFPtRJjCjp1EYrpvJr"
"Table Trac INC () 10-Q for Q3, 2022","BAKER TECHNOLOGY PLAZA SOUTH,MINNETONKA,MN,55345","https://auditchain.finance/analysis/QmPBfuW5kdSA1MjF6G95zFvNLATat1uCbj5RQ1XQKXiVJT"
"TARGET CORPORATION (TGT) 10-Q for Q3, 2023","1000 NICOLLET MALL,MINNEAPOLIS,MN,55403","https://auditchain.finance/analysis/QmS7tz6iab2MNukhatz11NATxtoLKDF33FXxrHQbzzUpzD"
"TEL-INSTRUMENT ELECTRONICS CORP. (N/A) 10-Q for Q2, 2023","ONE BRANCA ROAD,EAST RUTHERFORD,NJ,07073","https://auditchain.finance/analysis/QmZr3gBYCrES6PzK5pahnSFz3x5pRbr1oU1Mz52VFshcFU"
"TTEC Holdings, Inc. (TTEC) 10-Q for Q3, 2022","9197 S PEORIA STREET,ENGLEWOOD,CO,80112","https://auditchain.finance/analysis/QmNqNNeXtbjprBuXe6haY9g9jwWzrygw18pCgsZXVig2Fz"
"TERADYNE, INC (TER) 10-Q for Q3, 2022","600 RIVERPARK DRIVE,NORTH READING,MA,01864","https://auditchain.finance/analysis/QmQxSMiAVhJhTvCkJzp4QnD3oHjGLZSsaQxTn6hSWRyTrT"
"TESSCO Technologies Incorporated (TESS) 10-Q for Q2, 2023","11126 MCCORMICK ROAD,HUNT VALLEY,MD,21031","https://auditchain.finance/analysis/QmZ95kZenGfarWe96oVx4crw5U1mhYFM7KUpdyqCnfPjjK"
"TEXAS CAPITAL BANCSHARES INC/TX (TCBI) 10-Q for Q3, 2022","2000 MCKINNEY AVE,DALLAS,TX,75201","https://auditchain.finance/analysis/QmRrVWMa2VhJHDiw7sSjC8Bz8qhdDSGTms3yb9dvvY31rM"
"TFS FINANCIAL CORPORATION (TFSL) 10-K for FY, 2022","7007 BROADWAY AVENUE,CLEVELAND,OH,44105","https://auditchain.finance/analysis/QmWdwyAaMC4UqZK47g8HfP9dX5mqQcSUR1sMkhmdStpB15"
"TITAN INTERNATIONAL, INC. (TWI) 10-Q for Q3, 2022","2701 SPRUCE ST,QUINCY,IL,62301","https://auditchain.finance/analysis/QmVLiBwZnFTdmiXvNBAJXCosJLB16Lcs3HWD4C1YbvvckD"
"TODOS MEDICAL LTD. () 10-Q for Q3, 2022","1 HAMADA STREET,REHOVOT,L3,7670301","https://auditchain.finance/analysis/QmNbWBMcGZGaQNzVLUkNVfEt4L5gvrSB3cg1v8pGZPhaF6"
"TOOTSIE ROLL INDUSTRIES INC (TR) 10-Q for Q3, 2022","7401 S CICERO AVE,CHICAGO,IL,60629","https://auditchain.finance/analysis/QmQwuLebagdPdTJ9LsuKsMm5X4w7MPhXYjkQevKdnPiP4b"
"Magnolia Oil & Gas Corp (MGY) 10-Q for Q3, 2022","NINE GREENWAY PLAZA,HOUSTON,TX,77046","https://auditchain.finance/analysis/QmNPYQrz3RMDTU8fx9bFf4RAmhqock8YZFXBeCJdzF14SL"
"TPI Composites, Inc. ( TPIC) 10-Q for Q3, 2022","8501 N SCOTTSDALE ROAD,SCOTTSDALE,AZ,85253","https://auditchain.finance/analysis/QmaJdXATy3Y9C66C9ofRj3FcNAw22gXh7EnuuApZN2GQNr"
"TRANSACT TECHNOLOGIES INC (TACT) 10-Q for Q3, 2022","ONE HAMDEN CENTER,HAMDEN,CT,06518","https://auditchain.finance/analysis/Qmdo4RntKU8P9fqvTyVoSktrjPYhmPk2aevYYYwBEmX7Mh"
"TreeHouse Foods, Inc. (THS) 10-Q for Q3, 2022","2021 SPRING ROAD,OAK BROOK,IL,60523","https://auditchain.finance/analysis/QmdVgaEYo9JBa1w5u5eKYfxrouXPtFby3P4hNFMRAWZuHB"
"TRIMBLE INC. (TRMB) 10-Q for Q3, 2022","10368 WESTMOOR DR,WESTMINSTER,CO,80021","https://auditchain.finance/analysis/QmcHjkop4b73qLE6krxPsGeFY6KVFYuJuBLgVnVUEhSXXB"
"TRUPANION, INC. (TRUP) 10-Q for Q3, 2022","6100 4TH AVENUE SOUTH,SEATTLE,WA,98108","https://auditchain.finance/analysis/QmPaj9n938EijjZt4t2tgkL6b9tb1j4JrVDzKq7oXhuHFJ"
"TRxADE HEALTH, INC. (MEDS) 10-Q for Q3, 2022","2420 BRUNELLO TRACE,LUTZ,FL,33558","https://auditchain.finance/analysis/QmNgMViQxskGLhqjcgnznsHzSp5hDuWfZfpa8nVGicCwTq"
"TUESDAY MORNING CORP/DE (TUEM) 10-Q for Q1, 2022","6250 LBJ FREEWAY,DALLAS,TX,75240","https://auditchain.finance/analysis/QmZFHMrW527RpGk1nYDGfA43zejQU1MotWn7hG2sxsexaf"
"TWILIO INC. (TWLO) 10-Q for Q3, 2022","101 SPEAR STREET,San Francisco,CA,94105","https://auditchain.finance/analysis/QmR6ZCDYzBQa5sMvVq83EfGz3kRhFgdCMWWwKeGnTucRnf"
"TWO HARBORS INVESTMENT CORP. (TWO) 10-Q for Q3, 2022","1601 UTICA AVENUE SOUTH,ST. LOUIS PARK,MN,55416","https://auditchain.finance/analysis/QmW6gCUv7LSaFAfrRPWJF3FH9cMqodipCxHwCducDP6jkP"
"TECNOGLASS INC. (TGLS) 10-Q for Q3, 2022","AVENIDA CIRCUNVALAR A 100 MTS DE LA VIA,BARRIO LAS FLORES BARRANQUILLA,F8,XXXXX","https://auditchain.finance/analysis/QmckjUSWBwnot9uJnmpnFv6F9trAJ4eH2N2Nb823pvMw8k"
"Territorial Bancorp Inc. (TBNK) 10-Q for Q3, 2022","1132 BISHOP STREET,HONOLULU,HI,96813","https://auditchain.finance/analysis/QmbJEb4kN7pFJiY887GRC3mm8Ndw7Nqy7sJyPuqorBeLz3"
"TEXAS REPUBLIC CAPITAL CORPORATION () 10-Q for Q3, 2022","13215 BEE CAVES PARKWAY,AUSTIN,TX,78738","https://auditchain.finance/analysis/QmTiyKNrghxXRiR4p7tXxEU7yd8V2e7rXav8zffU7ird1y"
"THERMON GROUP HOLDINGS, INC. (THR) 10-Q for Q2, 2023","7171 SOUTHWEST PARKWAY,AUSTIN,TX,78735","https://auditchain.finance/analysis/QmNZYZAJoxn75GoqXsJkAf9bvYv3PYPLw97E9bVqF7Mn7k"
"SIRIUSPOINT LTD. (SPNT) 10-Q for Q3, 2022","ONE WORLD TRADE CENTER,NEW YORK,NY,10007","https://auditchain.finance/analysis/QmNmg9ibpMeEbDR1tnQW2FUsxv8dbe6VH2gZA5DkgL6H3g"
"Repay Holdings Corporation (RPAY) 10-Q for Q3, 2022","3 WEST PACES FERRY ROAD,ATLANTA,GA,30305","https://auditchain.finance/analysis/Qmd5eELSfovQufEaXM3fbgemdw5qFMAh6frFLXZ9f1eBFC"
"Tiptree Inc. (TIPT) 10-Q for Q3, 2022","660 STEAMBOAT ROAD,GREENWICH,CT,06830","https://auditchain.finance/analysis/QmUN71dJZXjrXAK6baG8F82i89pxUuKYkTaioXisC1dEv1"
"Clubhouse Media Group, Inc. () 10-Q for Q3, 2022","3651 LINDELL ROAD,LAS VEGAS,NV,89103","https://auditchain.finance/analysis/QmbEN9TT91VKGBBPDGrXWnbRMkG6B7ftDiMyKFwRX5VJ8E"
"TOUGHBUILT INDUSTRIES, INC. (TBLT) 10-Q for Q3, 2022","25371 COMMERCENTRE DRIVE,LAKE FOREST,CA,92630","https://auditchain.finance/analysis/QmRmiBvrkauyPPR5L3yuxDKpS4cVBT2fELsQP6CC3vRVUx"
"Townsquare Media, Inc. (TSQ) 10-Q for Q3, 2022","1 MANHATTANVILLE ROAD, SUITE 202,PURCHASE,NY,10577","https://auditchain.finance/analysis/QmbiaqrFWNuVB3cMeS8uAhmSBip8gouS7Pc4GQ1WTfzjBV"
"TransUnion (TRU) 10-Q for Q3, 2022","555 WEST ADAMS STREET,CHICAGO,IL,60661","https://auditchain.finance/analysis/QmVZ1SEkN8NmuQFFrqSEDSGkQgddMQ9kSuUKYAU5ErbYYY"
"TRICIDA, INC. (TCDA) 10-Q for Q3, 2022","7000 SHORELINE COURT, SUITE 201,SOUTH SAN FRANCISCO,CA,94080","https://auditchain.finance/analysis/QmQZR9MjGFnvvLveMX7swWvf2BW6F4qeAhq6yWKMUErhgm"
"Trinseo PLC (TSE) 10-Q for Q3, 2022","440 EAST SWEDESFORD ROAD,WAYNE,PA,19087","https://auditchain.finance/analysis/QmU2d2MBjneW2iYmwXVLAUUhySJj2kZybY3wEqbWkTaYgk"
"Triton International Limited (TRTN) 10-Q for Q1, 2022","VICTORIA PLACE, 5TH FLOOR,HAMILTON,D0,HM 10","https://auditchain.finance/analysis/QmSspfdWnoYLZ3vtDjaFtNUo1EcDbCHEK9DuN5qhdJgYNt"
"TRUECAR, INC. (TRUE) 10-Q for Q3, 2022","1401 OCEAN AVE, SUITE 300,SANTA MONICA,CA,90401","https://auditchain.finance/analysis/QmWTpbucND72E3uYLbMnyPHtSCVTYKoQnBgVdyqRUgaF6z"
"U S PHYSICAL THERAPY INC /NV (USPH) 10-Q for Q3, 2022","1300 WEST SAM HOUSTON PARKWAY,HOUSTON,TX,77043","https://auditchain.finance/analysis/QmcbqmfRvm1cq5hf5KcuqHnfAKzCxryahEt8HVkMCf4fb6"
"U S GLOBAL INVESTORS INC  (GROW) 10-Q for Q1, 2023","7900 CALLAGHAN RD,SAN ANTONIO,TX,78229","https://auditchain.finance/analysis/QmT5z15j2bZviGGzWSn5nuCF862jVGjQ98dJ2zZeqMpBA7"
"U.S. STEM CELL, INC. (USRM) 10-Q for Q3, 2022","1560 SAWGRASS CORPORATE PKWY,SUNRISE,FL,33323","https://auditchain.finance/analysis/QmNiuEb3PHjBH2gsCV2F7xDdqDT1NJeSBecTRBfRqsarRd"
"UAS Drone Corp. () 10-Q for Q3, 2022","10 HA'RIMON ST.,SCIENCE AND INDUSTRY PARK,L3,2069203","https://auditchain.finance/analysis/QmNcePhKZx7muGyTriDWrRZUz4e8YxcSd1kQwzFeji5Ryy"
"UNION BANKSHARES, INC. (UNB) 10-Q for Q3, 2022","P O BOX 667,MORRISVILLE,VT,05661-0667","https://auditchain.finance/analysis/QmbQjaWGmMxKXwGrUBsJeKuSuRXk1Gjj7jYpgM5HgCc2VT"
"UNITED FIRE GROUP INC (UFCS) 10-Q for Q3, 2022","118 SECOND AVE SE,CEDAR RAPIDS,IA,52401","https://auditchain.finance/analysis/QmbWsFNF1uxEEo3tW6xF8s5TNZUuy5AJPo9TkzdMF5vh1L"
"UNITED COMMUNITY BANKS, INC. (UCBI) 10-Q for Q3, 2022","P O BOX 398, 59 HIGHWAY 515,BLAIRSVILLE,GA,30512","https://auditchain.finance/analysis/QmRzRDUfuRh7ghQB41yPCQ6CViBQ1JcKSacqHZYVNMnJtx"
"UNITED HEALTH PRODUCTS, INC. () 10-Q for Q3, 2022","10624 S. EASTERN AVE,HENDERSON,NV,89052","https://auditchain.finance/analysis/Qma7KmFujfGCrxjnAmUkjvohucGGUh3BS5Vz2LLpne78RE"
"United Therapeutics Corporation (UTHR) 10-Q for Q3, 2022","1040 SPRING ST,SILVER SPRING,MD,20910","https://auditchain.finance/analysis/QmSJTzzstcGh4vgshg5dSDFDnxYVFVYgpfWVBwraSMK2SY"
"UNITY BANCORP INC /NJ/ (UNTY) 10-Q for Q3, 2022","64 OLD HIGHWAY 22,CLINTON,NJ,08809","https://auditchain.finance/analysis/QmT2Q6Qx43bhVS1rfVMQEuGjTugCS919vV97JwxiPqD3fv"
"UNIVERSAL CORPORATION (UVV) 10-Q for Q2, 2023","9201 FOREST HILL AVENUE,RICHMOND,VA,23235","https://auditchain.finance/analysis/Qma6e2bBZrGvmSF9xSgBZR4qmQJLSauUhKVfhRimdxg4j9"
"UNIVEST FINANCIAL CORPORATION (UVSP) 10-Q for Q3, 2022","14 NORTH MAIN STREET,SOUDERTON,PA,18964","https://auditchain.finance/analysis/QmP69GjWRxA7JsYEH26uWr8fSuYPGTpotDUjrU5Y761YdH"
"US BANCORP \DE\ (USB) 10-Q for Q3, 2022","MINNEAPOLIS","https://auditchain.finance/analysis/QmZVHbdTMveeuJDkLudwPqYQE2a3tPv4askmBCw2JYdgMu"
"BOWMO, INC. (BOMO) 10-Q for Q3, 2022","208 EAST 51ST STREET,NEW YORK,NY,10022","https://auditchain.finance/analysis/QmPY5VGNCz28hCGq43zsRDht3qttY2osdCuDD92YkTY7j7"
"UBIQUITI INC. (UI) 10-Q for Q1, 2023","685 THIRD AVENUE, 27TH FLOOR,NEW YORK,NY,10017","https://auditchain.finance/analysis/QmfSRbc2BJ5gqNyQrUURvqGFEXwUnkkMoZxqdfWSzAvSDF"
"UWHARRIE CAPITAL CORP () 10-Q for Q3, 2022","132 NORTH FIRST STREET,ALBEMARLE,NC,28001","https://auditchain.finance/analysis/QmV75zqT9BLhiGvwbVbQvT6Yp2rBDgPVq4X7u1qxGNVQML"
"UNIQUE FABRICATING, INC. (UFAB) 10-Q for Q3, 2022","800 STANDARD PARKWAY,AUBURN HILLS,MI,48326","https://auditchain.finance/analysis/QmXWDEPDYjuWo211B5d2XSxwsL9Y8WLCsT6ycCE9nTjukq"
"UNITED STATES CELLULAR CORPORATION (USM) 10-Q for Q3, 2022","8410 W BRYN MAWR AVE,CHICAGO,IL,60631","https://auditchain.finance/analysis/QmQGWS9dZ5YfF64uQcgWFALkkUpMBT1ZgrPditfcH1TUXx"
"UNIVERSAL LOGISTICS HOLDINGS, INC. (ULH) 10-Q for Q3, 2022","12755 EAST NINE MILE ROAD,WARREN,MI,48089","https://auditchain.finance/analysis/QmemEQZETnwxXvfJ77KdTcoFguxeifrG3mUcYpDS1DZREJ"
"UPLAND SOFTWARE, INC. (UPLD) 10-Q for Q3, 2022","401 CONGRESS AVE.,AUSTIN,TX,78701","https://auditchain.finance/analysis/QmcNBiym6wbGnHn8JDnXpAqERk94fvasE9wtympmdX1RPP"
"V. F. CORPORATION (VFC) 10-Q for Q2, 2023","1551 WEWATTA STREET,DENVER,CO,80202","https://auditchain.finance/analysis/QmYYVvttuBsPdwKtaqd65z1imgQz3mJtxMeMXzMBUbMj6A"
"VARONIS SYSTEMS, INC. (VRNS) 10-Q for Q3, 2022","1250 BROADWAY, 31ST FLOOR,NEW YORK,NY,10001","https://auditchain.finance/analysis/QmdHDvZTknZFf9ajXGVWxvCASiAHaiLhuTAcaEPbtejTn5"
"VERACYTE, INC. (VCYT) 10-Q for Q3, 2022","6000 SHORELINE COURT, SUITE 300,SOUTH SAN FRANCISCO,CA,94080","https://auditchain.finance/analysis/QmPsUYEdALJBtYB8g9sXkaYM1HEdLFH96QXoE28DKR8dT5"
"VERITEC, INC. (VRTC) 10-Q for Q1, 2023","1163 KURSE ST,WEST ST PAUL,MN,55118","https://auditchain.finance/analysis/QmQF4ibxyrhPFDAkhyhGwZ5tyYPc7QAj7ubFxYNLQTRy7A"
"Verde Resources, Inc. () 10-Q for Q1, 2023","2 CITYPLACE DRIVE,ST. LOUIS,MO,63141","https://auditchain.finance/analysis/QmdcHtHSUeBjqgviHj3BP3UHdPKQMT8XvuPWku9j6gewFJ"
"VERITIV CORPORATION (VRTV) 10-Q for Q3, 2022","1000 ABERNATHY ROAD NE,ATLANTA,GA,30328","https://auditchain.finance/analysis/QmZyeRyHRF56ktnWmkhBdP3JUK5FpgESJDp2dgnp7K6HqP"
"Aspira Women’s Health Inc. (AWH) 10-Q for Q3, 2022","12117 BEE CAVES ROAD BUILDING THREE,AUSTIN,TX,78738","https://auditchain.finance/analysis/QmQ5xzu8V7guj3aToriG9pFSfU1X4sZBHaYSLTHWnedYQx"
"VERTEX PHARMACEUTICALS INC / MA (VRTX) 10-Q for Q3, 2022","50 NORTHERN AVENUE,BOSTON,MA,02210","https://auditchain.finance/analysis/QmR8W1axm6NkSQGbc63YTXrDVxQ6wS38FrwEY2ZSjXMb5E"
"VIASAT, INC. (VSAT) 10-Q for Q2, 2023","6155 EL CAMINO REAL,CARLSBAD,CA,92009","https://auditchain.finance/analysis/QmYFy3gcu8SpirGvd7n8xQ5LvYJxwyFHGkekgePBkAxGLb"
"VISTA GOLD CORP. (VGZ) 10-Q for Q3, 2022","7961 SHAFFER PKWY, SUITE 5,LITTLETON,CO,80127","https://auditchain.finance/analysis/QmRkQKYZNKhvfQDvjfcEjYgWghrJ6Ur5TWempVathdeyCD"
"RED ROCK RESORTS, INC. (RRR) 10-Q for Q3, 2022","1505 SOUTH PAVILION CENTER DRIVE,LAS VEGAS,NV,89135","https://auditchain.finance/analysis/QmdQzojMYjv1sD2haDsEp1rLMQoc7oHq9AA4g9hcgz1PHf"
"REED’S, INC. (REED) 10-Q for Q3, 2022","201 MERRITT 7 CORPORATE PARK,,NORWALK,CT,06851","https://auditchain.finance/analysis/QmTmf4gqjHGkiF3rpTWrvkWybc6K6GFXcr2jkj7uG53nYb"
"REED’S, INC. (REED) 10-Q for Q3, 2022","201 MERRITT 7 CORPORATE PARK,,NORWALK,CT,06851","https://auditchain.finance/analysis/QmSaCbyGqt6XdqXbr5Tk2Tqx7wmTrgZpKVmiKpPBbfmzJC"
"REGENERON PHARMACEUTICALS, INC. (REGN) 10-Q for Q3, 2022","777 OLD SAW MILL RIVER ROAD,TARRYTOWN,NY,10591","https://auditchain.finance/analysis/QmQnoHtXcE7kdrukjPYuWLr9ZKt5B2ShMWGf8ofnZH9Sk8"
"Regions Financial Corporation (RF) 10-Q for Q3, 2022","1900 FIFTH AVENUE NORTH,BIRMINGHAM,AL,35203","https://auditchain.finance/analysis/QmZvKjoG7NjffzcWfwBb5msFc9XyvtTHCFW8yocUWZtAix"
"BK TECHNOLOGIES CORPORATION (BKTI) 10-Q for Q3, 2022","7100 TECHNOLOGY DRIVE,WEST MELBOURNE,FL,32904","https://auditchain.finance/analysis/QmcsLSc28pfF1UyHeCSfxoctvYHd4piiHkaLmUwjn3Npm9"
"REINSURANCE GROUP OF AMERICA, INCORPORATED (RGA) 10-Q for Q3, 2022","16600 SWINGLEY RIDGE ROAD,CHESTERFIELD,MO,63017","https://auditchain.finance/analysis/QmSRqh8FRCYZxGrqs7ZgvF7b3FCVbZ45pHrNqrwsJAQWpZ"
"RENT A CENTER INC DE (RCII) 10-Q for Q3, 2022","5501 HEADQUARTERS DRIVE,PLANO,TX,75024","https://auditchain.finance/analysis/QmcR16ZzJj9NMBC1f6Ad9hxGn7YomfPd1f76BUD7MCzfLx"
"RENASANT CORP (RNST) 10-Q for Q3, 2022","209 TROY STREET,TUPELO,MS,38804-4827","https://auditchain.finance/analysis/QmWbBWYXdnM1rkp41tpZWEwQMHntxd6qsCugoFrLp15RDs"
"REPLIGEN CORP (RGEN) 10-Q for Q3, 2022","41 SEYON STREET,WALTHAM,MA,02453","https://auditchain.finance/analysis/QmTkzuNznaYcdMLuQWBCWNuxi6Nntgz7KYU9vjhQigDikP"
"Societal CDMO, Inc. (SCTL) 10-Q for Q3, 2022","1 E. UWCHLAN AVE, SUITE 112,EXTON,PA,19341","https://auditchain.finance/analysis/QmQHc13fwHG6CdgySFes5cdkc78Swyxq4NzLUaJESos8MN"
"SIGYN THERAPEUTICS, INC. () 10-Q for Q3, 2022","9190 W OLYMPIC BLVD # 263,BEVERLY HILLS,CA,90212","https://auditchain.finance/analysis/QmQ77ANWdpfRwmRiNXcJxfUnphKAgEorevT3tX32m8nP6z"
"Immunic, Inc. (IMUX) 10-Q for Q3, 2022","1200 AVENUE OF THE AMERICAS,NEW YORK,X1,10036","https://auditchain.finance/analysis/QmX2Uedjpk5uzfeVrPyowzPLBbdJtwwVxTVMS9kLviqfa2"
"RESEARCH FRONTIERS INCORPORATED (REFR) 10-Q for Q3, 2022","240 CROSSWAYS PARK DR,WOODBURY,NY,11797-2033","https://auditchain.finance/analysis/QmRDQpEnPnrkAZK3REt4iQcBWCiKvbvEUT3Vs9anD4Qnyo"
"VIVIC CORP. () 10-Q for Q3, 2022","187 E. WARM SPRINGS ROAD., SUITE B450,LAS VEGAS,NV,89119-4112","https://auditchain.finance/analysis/QmfY8EkC6f8yUTroSavFREqWpMjSbhQvpSnBpVvibSHzpC"
"ACRES COMMERCIAL REALTY CORP. (ACR) 10-Q for Q3, 2022","390 RXR PLAZA,UNIONDALE,NY,11556","https://auditchain.finance/analysis/QmbvEQTGUpGgqM4EfhG2GxQ3orUdVkA27QbhwjzREdqqE1"
"VSE CORPORATION (VSEC) 10-Q for Q3, 2022","6348 WALKER LANE,ALEXANDRIA,VA,22310","https://auditchain.finance/analysis/Qmb4izRXznG47rFW1RANMbzaioER8K9Nfyr1qiywXLWdDV"
"Vaccinex, Inc. (VCNX) 10-Q for Q3, 2022","1895 MOUNT HOPE AVE,ROCHESTER,NY,14620","https://auditchain.finance/analysis/Qmdu5D5bGMkYRy9ECPXTdAZ5UMnKuzSUVCvmPP9TW38ept"
"VANDA PHARMACEUTICALS INC. (VNDA) 10-Q for Q3, 2022","2200 PENNSYLVANIA AVE NW,WASHINGTON,DC,20037","https://auditchain.finance/analysis/QmZg75rkmGk9g3LAAQ37reUwmbMR6Rb2Safp8a1XC795sY"
"Retractable Technologies, Inc. (RVP) 10-Q for Q3, 2022","511 LOBO LANE,LITTLE ELM,TX,75068-0009","https://auditchain.finance/analysis/QmYtGKmJYBEgX6uTw4YLvTwu6cebzme8mdBEoJEeFocRes"
"VERIFYME, INC. (VRME) 10-Q for Q3, 2022","75 S. CLINTON AVE.,ROCHESTER,NY,14604","https://auditchain.finance/analysis/QmbKtdov6qGVjSNSEEWdojRjVuY99veoPwc52VnDFAiwkH"
"Veritone, Inc. (VERI) 10-Q for Q3, 2022","1515 ARAPAHOE ST.,DENVER,CO,80202","https://auditchain.finance/analysis/QmTPszE7fCDRZhfE62Aq56c6a2YfJGtnUhNUgjxjyh8rPr"
"VERITEX HOLDINGS, INC. (VBTX) 10-Q for Q3, 2022","8214 WESTCHESTER DRIVE,DALLAS,TX,75225","https://auditchain.finance/analysis/QmQCqJHUdd8bHzoaKuD5JvneqyKqi5kXDjQtTy8vEmr6hX"
"BrewBilt Manufacturing Inc. () 10-Q for Q3, 2022","110 SPRING HILL ROAD #10,GRASS VALLEY,CA,95945","https://auditchain.finance/analysis/QmcNd4paKY4yhHrW7fLK6ZpVAyuB3k4j9KRZ1t1aYcb4r6"
"Victory Capital Holdings, Inc. (VCTR) 10-Q for Q3, 2022","4900 TIEDEMANN ROAD,BROOKLYN,OH,44144","https://auditchain.finance/analysis/QmUm2ZxKTe4QxZeVhAMjtdDAphL9sDKUxLDKmaTXB971He"
"ResMed Inc. (RMD) 10-Q for Q1, 2023","9001 SPECTRUM CENTER BLVD.,SAN DIEGO,CA,92123","https://auditchain.finance/analysis/QmYEKRfAQE5ixauCzS6z125WfthwhAsfVqaRZqSEwm1Dap"
"RIVER FINANCIAL CORPORATION () 10-Q for Q3, 2022","2611 LEGENDS DRIVE,PRATTVILLE,AL,36066","https://auditchain.finance/analysis/QmYuxHBYaiP5ypr4FRj6m6gXLdeTypQSjVBTGjLNaZSeZm"
"ReWalk Robotics Ltd. (RWLK) 10-Q for Q3, 2022","3 HATNUFA ST.,YOKNEAM ILIT,L3,2069203","https://auditchain.finance/analysis/QmUeKsHtuErWtSy8iXxEi8Wv6BYwp3QdafneSLGF3isnvU"
"RESPIRERX PHARMACEUTICALS INC. () 10-Q for Q3, 2022","126 VALLEY ROAD,GLEN ROCK,NJ,07452","https://auditchain.finance/analysis/QmY1TFpznQ4r9Pr2asFDfSxcWaMWzegr68MBE4NboAL9Pu"
"RESTAURANT BRANDS INTERNATIONAL INC. (QSR) 10-Q for Q3, 2022","130 KING STREET WEST,TORONTO,A6,M5X 1E1","https://auditchain.finance/analysis/QmaTFyevYYmwtcAWsotUyumxogFZcDTANu7cNf4cb52qNN"
"TRAVERE THERAPEUTICS, INC. (TVTX) 10-Q for Q3, 2022","3611 VALLEY CENTRE DR,SAN DIEGO,CA,92130","https://auditchain.finance/analysis/QmbJCiMgC9S8QmcPLK2d5j197S25tvGGF4To9YQDDwfBVk"
"MODIV INC. (MDV) 10-Q for Q3, 2022","120 NEWPORT CENTER DRIVE,NEWPORT BEACH,CA,92660","https://auditchain.finance/analysis/QmP1rU7R5587omzdQgQmNFdmF5xEsWQh8AQ2xTRbXaB9e2"
"RingCentral, Inc. (RNG) 10-Q for Q3, 2022","20 DAVIS DRIVE,BELMONT,CA,94002","https://auditchain.finance/analysis/QmUC4RTWicYGdrYY14A772R5hUYtLKXzwEDPDUSZJvg4vf"
"RMR GROUP INC. (RMR) 10-K for FY, 2022","TWO NEWTON PL., 255 WASH. ST., STE. 300,NEWTON,MA,02458","https://auditchain.finance/analysis/QmRRMzoHVMYNhH1FJZkrodqaRYah1bERZrUDVqUJR6CYam"
"VIKING THERAPEUTICS, INC. (VKTX) 10-Q for Q3, 2022","9920 PACIFIC HEIGHTS BLVD, SUITE 350,SAN DIEGO,CA,92121","https://auditchain.finance/analysis/QmYp9uixZ7nBdkNr4a9kakWW8knM3F35jrNmE5MvTDX1Z1"
"Rocky Mountain Industrials, Inc. () 10-Q for Q2, 2023","4601 DTC BLVD.,DENVER,CO,80237","https://auditchain.finance/analysis/QmaKxrzUwTowEqwXaifyf1X94uw7USK8SdcgwriBpfrPg8"
"VIRGINIA NATIONAL BANKSHARES CORP (VABK) 10-Q for Q3, 2022","404 PEOPLE PLACE,CHARLOTTESVILLE,VA,22911","https://auditchain.finance/analysis/QmPomZDE2gnRZ8w6nQnetRBJ6Xiy5HDaz7NvXDe6Dv2aPP"
"Virtu Financial, Inc. (VIRT) 10-Q for Q3, 2022","1633 BROADWAY,NEW YORK,NY,10019","https://auditchain.finance/analysis/QmQLf8oRbtSW2gSYks2wfpqSFfPjsHrYC43SpYpLz6EXjF"
"RIVERVIEW BANCORP INC (RVSB) 10-Q for Q2, 2023","900 WASHINGTON STREET,VANCOUVER,WA,98660","https://auditchain.finance/analysis/QmQ8vZsnKgyBRBGvozgvSS67KFASu4KdfWtgdz77kTUVqV"
"VISHAY PRECISION GROUP, INC. (VPG) 10-Q for Q3, 2022","3 GREAT VALLEY PARKWAY, SUITE 150,MALVERN,PA,19355","https://auditchain.finance/analysis/QmPgrzikj7htLFcY5iAc9VhBw5z9Sp7Zu6NJ5kW5GZBeco"
"RIVER FINANCIAL CORPORATION () 10-Q for Q3, 2022","2611 LEGENDS DRIVE,PRATTVILLE,AL,36066","https://auditchain.finance/analysis/QmQtsB7CR7o35GU8dvgeEgLfcesfTG3Hrfxkb2pjzCj3KB"
"VULCAN MATERIALS COMPANY (VMC) 10-Q for Q3, 2022","1200 URBAN CENTER DRIVE,BIRMINGHAM,AL,35242","https://auditchain.finance/analysis/QmQ5uPMP2UggD6fh9R3ze4FXCU25bdsyRgayjMBX3nq8Kd"
"Voya Financial, Inc. (VOYA) 10-Q for Q3, 2022","230 PARK AVENUE,NEW YORK,NY,10169","https://auditchain.finance/analysis/QmQvWe4RUGTkEHNpWiTHYMAUmw6rDdKDqznRjh2TWnDX6a"
"W&E Source Corp. () 10-Q for Q1, 2023","1855 TALLEYRAND, SUITE 203A,BROSSARD,A8,J4W 2Y9","https://auditchain.finance/analysis/QmTAa27XwCn7j6xwy5QNXdFpWcasrdVn8PinoWniw9W7q2"
"Warrior Met Coal, Inc. (HCC) 10-Q for Q3, 2022","16243 HIGHWAY 216,BROOKWOOD,AL,35444","https://auditchain.finance/analysis/QmSXx3CUYvV7zA7KBFSYxyR9KsMBR1igk5mbzJ6v6Mznh8"
"WASTE CONNECTIONS, INC. (WCN) 10-Q for Q3, 2022","6220 HWY 7,WOODBRIDGE,A6,L4H 4G3","https://auditchain.finance/analysis/Qme2Tnqadc8n62uZh1W3PMrHTqMrchgZaHSdvkFyHj4Tzt"
"WD-40 COMPANY (WDFC) 10-K for FY, 2022","9715 BUSINESSPARK AVENUE,SAN DIEGO,CA,92131","https://auditchain.finance/analysis/QmTA43BAdkG1w2RAapLUbuSEkz9yByfhETvpLYLTxLGs66"
"WELLTOWER INC. (WELL) 10-Q for Q3, 2022","4500 DORR STREET,TOLEDO,OH,43615","https://auditchain.finance/analysis/QmUD3aRMZmRNSZMt8sQqZuSiQSytF4PrccM4nBYjwP274R"
"WERNER ENTERPRISES, INC. (WERN) 10-Q for Q3, 2022","14507 FRONTIER ROAD,OMAHA,NE,68138","https://auditchain.finance/analysis/QmfND3arU6QEbf6sxhz2VgyAuMwTcqsDQ3NkdLLE5B6nq2"
"LAS VEGAS SANDS CORP. (LVS) 10-Q for Q3, 2022","5500 HAVEN STREET,LAS VEGAS,NV,89119","https://auditchain.finance/analysis/QmXuaJSK6zFJhvtFWEwRmr4iMgihVqHJaB4aoTKTZjNjrP"
"LGL GROUP INC (LGL) 10-Q for Q3, 2022","2525 SHADER ROAD,ORLANDO,FL,32804","https://auditchain.finance/analysis/QmQ7u63g2XvekqYHCVuKp133dDegGf2VuWQvh8eNtkFa3n"
"LHC Group, Inc (LHCG) 10-Q for Q3, 2022","901 HUGH WALLIS ROAD SOUTH,LAFAYETTE,LA,70508","https://auditchain.finance/analysis/QmXgL6i8BJxhJ64cnuPrko4YEDQAqwrKscv6eEGndcBRSY"
"LIFE STORAGE, INC. (LSI) 10-Q for Q3, 2022","6467 MAIN ST,WILLIAMSVILLE,NY,14221","https://auditchain.finance/analysis/QmX2t3sHekH69K96tdMBYjsgknpF7XiZx7A7VmK4LXm9qA"
"LIFEWAY FOODS, INC. (LWAY) 10-Q for Q3, 2022","6431 W OAKTON,MORTON GROVE,IL,60053","https://auditchain.finance/analysis/QmdDnXH2Ao32wxkKwEAkbNzXRNzTtn8mNpNfRjXQ5WeUQR"
"LIGHTPATH TECHNOLOGIES, INC. (LPTH) 10-Q for Q1, 2023","2603 CHALLENGER TECH CT,ORLANDO,FL,32826","https://auditchain.finance/analysis/QmbPRFtDXGD94mSXY8MN5QGE8uZpYT6w856ddMic5QNbYf"
"EDGIO, Inc. (EGIO) 10-Q for Q3, 2022","11811 N. TATUM BLVD.,PHOENIX,AZ,85028","https://auditchain.finance/analysis/QmVxF8P8dZPbuA2gZjmc2rvaGg89MXxfAKhYbuKXucv3zX"
"LINCOLN ELECTRIC HOLDINGS, INC. (LECO) 10-Q for Q3, 2022","22801 ST CLAIR AVE,CLEVELAND,OH,44117","https://auditchain.finance/analysis/QmVFoBhfseUG3Mzuk1stnCZwG1KuGZkKcSPUuxfSDcQA2J"
"WESBANCO, INC. (WSBC) 10-Q for Q3, 2022","1 BANK PLAZA,WHEELING,WV,26003","https://auditchain.finance/analysis/QmYWYN7s5pWsdGqLCeqp9HWcswxNYuLULZ882T2RYVpEd2"
"WESCO International, Inc. (WCC) 10-Q for Q3, 2022","225 WEST STATION SQUARE DRIVE,PITTSBURGH,PA,15219","https://auditchain.finance/analysis/QmYb1SPFLSbFKnziMbjJTQKdLSkeZ9PeUJhx2SyuQgRnxM"
"WEST PHARMACEUTICAL SERVICES, INC. (WST) 10-Q for Q3, 2022","530 HERMAN O. WEST DRIVE,EXTON,PA,19341","https://auditchain.finance/analysis/Qmbajp7nvSsXw9o9cmBSjR7meHNSYrXd7xFNYUb8xTrF4q"
"Leidos Holdings, Inc. (LDOS) 10-Q for Q3, 2022","1750 PRESIDENTS STREET,RESTON,VA,20190","https://auditchain.finance/analysis/QmW3V7hw9K4cTL1rmTmCmujx8YtRT6XeZ5q5qoKrbAKrxJ"
"WESTINGHOUSE AIR BRAKE TECHNOLOGIES CORP (WAB) 10-Q for Q3, 2022","30 ISABELLA STREET,PITTSBURGH,PA,15212","https://auditchain.finance/analysis/QmQ234VgdzevYXMYSDYQqYk66GpxdPQkDCjPASMAwkmL8B"
"LendingTree, Inc. (TREE) 10-Q for Q3, 2022","1415 VANTAGE PARK DRIVE, SUITE 700,CHARLOTTE,NC,28203","https://auditchain.finance/analysis/QmX4utHqmUqvQmgnWjgnbqHWtJ5RWdkjUVV3xjmVi85say"
"WESTWOOD HOLDINGS GROUP, INC. (WHG) 10-Q for Q2, 2022","200 CRESCENT COURT,DALLAS,TX,75201","https://auditchain.finance/analysis/QmPaQ4HiYVjvBoEtyhE1sYqJUDma9eDYKWqncNVLLax54s"
"WEYCO GROUP, INC. (WEYS) 10-Q for Q3, 2022","333 W ESTABROOK BOULEVARD,GLENDALE,WI,43312","https://auditchain.finance/analysis/QmPM1ds87sXNtGLSY29dfCJvH42powLyxzwCGvRmLGjVLU"
"WidePoint Corporation (WYY) 10-Q for Q3, 2022","11250 WAPLES MILL ROAD,FAIRFAX,VA,22030","https://auditchain.finance/analysis/QmYZQi1CSVfDY4iSCAE9eHEbK3bzjGL4GrHjSeAoyNtsjp"
"WILLIS LEASE FINANCE CORP (WLFC) 10-Q for Q3, 2022","4700 LYONS TECHNOLOGY PARKWAY,COCONUT CREEK,FL,33073","https://auditchain.finance/analysis/QmRt5gGMVGJSSJwsfiPkLdBpqaLFHzoQeh8CmB2A9N4AFA"
"WINMARK CORPORATION (WINA) 10-Q for Q3, 2022","605 HIGHWAY 169 N SUITE 400,MINNEAPOLIS,MN,55441","https://auditchain.finance/analysis/QmT42cumggpKgwRCZFYoFgQXdvgdPLU9tE2UrkAraKz3Pn"
"WINTRUST FINANCIAL CORP (WTFC) 10-Q for Q3, 2022","9700 WEST HIGGINS ROAD, 8TH FLOOR,ROSEMONT,IL,60018","https://auditchain.finance/analysis/QmSyZy3Eb39vKoRoGBbJWbXsNc1X24qNWsdQmsK8mcGrNM"
"WORLD ACCEPTANCE CORP (WRLD) 10-Q for Q2, 2023","108 FREDRICK STREET,GREENVILLE,SC,29607","https://auditchain.finance/analysis/QmW7y5mVwxnrwPz5ymingxzhkvGJDndfR2o82Ro5b4iozw"
"WOODWARD, INC. (WWD) 10-K for FY, 2022","1081 WOODWARD WAY,FORT COLLINS,CO,80524","https://auditchain.finance/analysis/QmeaRi9XRgyDXSU2zw4Xa4Z9CXhrakMGD3uaf2nnZw9FFM"
"MARIMED INC. () 10-Q for Q3, 2022","10 OCEANA WAY,NORWOOD,MA,02062","https://auditchain.finance/analysis/QmVaxSMvcPzLt2cH871o8NQsJLvYMPimN6bkvjs4urayyh"
"Wytec International, Inc. () 10-Q for Q3, 2022","19206 HUEBNER ROAD, SUITE 202,SAN ANTONIO,TX,78258","https://auditchain.finance/analysis/QmTkVD6SV1iqYNcy1SmFtinYKLZhJL4RdXsnWdKoGKtTuH"
"Warner Music Group Corp. (WMG) 10-K for FY, 2022","1633 BROADWAY,NEW YORK,NY,10019","https://auditchain.finance/analysis/QmPktTzzivGomimE9Km3ny9pnTRWizP7PnpG77RUA9xJYS"
"bluebird bio, Inc. (BLUE) 10-Q for Q3, 2022","455 GRAND UNION BOULEVARD,SOMERVILLE,MA,02145","https://auditchain.finance/analysis/QmT7gogsJnEPmgs2PDhzC5FUdQpTeX5rJGY8csAVqBrX6e"
"YETI Holdings, Inc. (YETI) 10-Q for Q3, 2022","7601 SOUTHWEST PARKWAY,AUSTIN,TX,78735","https://auditchain.finance/analysis/QmRA9b855aBAcMK5vKY7jYsjeFCxKx5dfen7pa57WkXddQ"
"YIELD10 BIOSCIENCE, INC. (YTEN) 10-Q for Q3, 2022","19 PRESIDENTIAL WAY,WOBURN,MA,01801","https://auditchain.finance/analysis/QmbVgbQJ14qKfwXTqvNZtKKEXH924xcLMyBxfc9kx9LKrL"
"YALE TRANSACTION FINDERS, INC. (YTFD) 10-Q for Q3, 2022","2308/C KETTNER BLVD.,SAN DIEGO,CA,92101","https://auditchain.finance/analysis/QmWCyzFE5ThsDQXxMmzeEYiYktGeVxuxHjUugPmfw6FxGz"
"Zebra Technologies Corporation (ZBRA) 10-Q for Q3, 2022","3 OVERLOOK POINT,LINCOLNSHIRE,IL,60069","https://auditchain.finance/analysis/QmcsbPaxjG2TWBqgb3UQom5eXWL4Cu98Hbwy7sgMx2ByFn"
"ONDAS HOLDINGS INC. (ONDS) 10-Q for Q3, 2022","411 WAVERLEY OAKS ROAD,WALTHAM,MA,02452","https://auditchain.finance/analysis/QmP6uyocSyjB5SqZ8ifqVPvLKkByc5g5PjVxcqquueaNGg"
"ZION OIL & GAS, INC. () 10-Q for Q3, 2022","12655 NORTH CENTRAL EXPRESSWAY,DALLAS,TX,75243","https://auditchain.finance/analysis/QmVXyWdYJTANk62Cffx8YX5qX1HMm1i68HV9xgrmCDXrZ4"
"Alaunos Therapeutics, Inc. (TCRT) 10-Q for Q3, 2022","8030 EL RIO STREET,HOUSTON,TX,77054","https://auditchain.finance/analysis/QmTM9ZtXxynQ7kE2pgSf3AyA1PFGVgXrEcyM6Um1FDU7r2"
"ZZLL INFORMATION TECHNOLOGY, INC (ZZLL) 10-Q for Q3, 2022","1504, 15F., 18 JAVA ROAD,NORTH POINT,K3,NONE","https://auditchain.finance/analysis/QmSFYtqVFvgX3FdLSuvZBEJ7kGfdWw9e7RoF5nRgN3WshL"
"Zynex, Inc. (ZYXI) 10-Q for Q3, 2022","9655 MAROON CIRCLE,ENGLEWOOD,CO,80112","https://auditchain.finance/analysis/QmNhk3CeS4nm4YQvv67X8DPpEPSQZGkQ4ZrToRYWHU9pHs"
"ZONED PROPERTIES, INC. () 10-Q for Q3, 2022","8360 E. RAINTREE DRIVE, SUITE #230,SCOTTSDALE,AZ,85260","https://auditchain.finance/analysis/QmXhCgoiwvCXy92puDAE8bo7mBhxdeVMww9bj5ccuccGMq"
"Zynerba Pharmaceuticals, Inc. (ZYNE) 10-Q for Q3, 2022","80 W. LANCASTER AVENUE,DEVON,PA,19333","https://auditchain.finance/analysis/QmS3xFTzZgZChc3PYmdamWnPVg1YMMqxriAxeSqFaUGQUW"
"electroCore, Inc. (ECOR) 10-Q for Q3, 2022","200 FORGE WAY,ROCKAWAY,NJ,07866","https://auditchain.finance/analysis/QmPqk3cZ9EQgiptihrRoGkckMTSbiBTu6yVgTHjswqem5C"
"hopTo Inc. (HPTO) 10-Q for Q3, 2022","1901 S. BASCOM AVENUE,CAMPBELL,CA,95008","https://auditchain.finance/analysis/Qmcu6QTeJfvQPDavGAFTcA9jUehHhr3AcEBBtGTzGvVYdR"
"i3 Verticals, Inc. (IIIV) 10-K for FY, 2022","40 BURTON HILLS BLVD.,NASHVILLE,TN,37215","https://auditchain.finance/analysis/QmcG72JQQjRNZZkLL7MHJDqTuBi7aFkYmQRhncAtXs9834"
"iBio, Inc. (IBIO) 10-Q for Q1, 2023","600 MADISON AVENUE, SUITE 1601,NEW YORK,NY,10022-1737","https://auditchain.finance/analysis/QmPnmoVd8oLKNYsn4YQ1JJDVQYZStX3ig9yB73YY8p3riz"
"TINGO, INC. (IWBB) 10-Q for Q3, 2022","43 W. 23RD STREET, 2ND FLOOR,NEW YORK CITY,NY,10110","https://auditchain.finance/analysis/QmdGprxX946EeFdcF5UTLGp1dPLAcYQJER98L2aLVxTeVn"
"iRhythm Technologies, Inc. (IRTC) 10-Q for Q3, 2022","699 8TH STREET,San Francisco,CA,94103","https://auditchain.finance/analysis/QmUG81gYpbYAdM9WP1zoRoDSaoJey7RxRybbVxDN2KdwQU"
"NLIGHT, INC. (LASR) 10-Q for Q3, 2022","4637 NW 18TH AVENUE,CAMAS,WA,98607","https://auditchain.finance/analysis/QmYdpRVxvwNi8fJaWjAqJEV1pYXDSP2kyu45MrZhM4BuFr"
"uniQure N.V. (QURE) 10-Q for Q3, 2022","PAASHEUVELWEG 25A,AMSTERDAM,P7,1105 BP","https://auditchain.finance/analysis/QmQKLUFwguGvJdjGZsAbBkwruDWQcbGPwLK6FoqENqhZbm"
"Adicet Bio, Inc. (ACET) 10-Q for Q3, 2022","200 BERKELEY STREET,BOSTON,MA,02116","https://auditchain.finance/analysis/QmQnGcv8mGdbSZeZSh7ocUUcpdSot6NVYRXSKVbb6HSdXB"
"urban-gro, Inc. (UGRO) 10-Q for Q3, 2022","1751 PANORAMA PT,LAFAYETTE,CO,80026","https://auditchain.finance/analysis/QmfA2hJzaFTNef8rik3BoBWJN39KhRVYHjYqt8eFpPkd2n"
"vTv Therapeutics Inc. (VTVT) 10-Q for Q3, 2022","3980 PREMIER DR,HIGH POINT,NC,27265","https://auditchain.finance/analysis/QmTon7YYJVyPGCaho681WPZ3Bv1zezVcAVEZHhiWhB5ytU"
"Vislink Technologies, Inc. (VISL) 10-Q for Q3, 2022","350 CLARK DRIVE,MT. OLIVE,NJ,07828","https://auditchain.finance/analysis/QmapKWmu7efiPYoqe5HPBfsZ3MNbxUHxN3o6gTeXy8TqHe"
"Joint Corp (JYNT) 10-Q for Q3, 2022","16767 N PERIMETER DRIVE,SCOTTSDALE,AZ,85260","https://auditchain.finance/analysis/QmZEeZjYptX4SBqDAuaitkoqKXQZEQHziAeSbCdWGA4RP5"
"Jones Lang LaSalle Incorporated (JLL) 10-Q for Q3, 2022","200 E RANDOLPH DR,CHICAGO,IL,60601","https://auditchain.finance/analysis/QmU2nZEg8KeRPJdpBkKi9cYXeBxdDUTHSRjNsi2AKueHKz"
"JONES SODA CO () 10-Q for Q3, 2022","4786 1ST AVENUE SOUTH,SEATTLE,WA,98134","https://auditchain.finance/analysis/QmXve75Xeu5dM6Tn3wDQKVVShZNwpWtYJJHibVfYiXjRqW"
"JUNIATA VALLEY FINANCIAL CORP () 10-Q for Q3, 2022","2 SOUTH MAIN ST,MIFFLINTOWN,PA,17059-0066","https://auditchain.finance/analysis/QmWqRRAeGPjBjaxK5zMivBsdD9DjaF4A2rEQD8W5dgSNNS"
"QURATE RETAIL, INC. (QRTEA) 10-Q for Q3, 2022","12300 LIBERTY BOULEVARD,ENGLEWOOD,CO,80112","https://auditchain.finance/analysis/QmZf3KUxke2jtAbN5Fjcp9DumH6BqLgVMEnMqhnT5yCKwx"
"LIFELOC TECHNOLOGIES, INC. (LCTC) 10-Q for Q3, 2022","12441 WEST 49TH AVE UNIT #4,WHEAT RIDGE,CO,80033","https://auditchain.finance/analysis/QmfUBXSBnqj23JBZCC4VQXVKVuvqL6vShikyYKEHd7ssta"
"LIFEVANTAGE CORP (LFVN) 10-Q for Q1, 2023","3300 TRIUMPH BLVD,LEHI,UT,84043","https://auditchain.finance/analysis/QmQRxJyhhyP9GsjNBxaJsC33cs1HGoKgKrBvYF3T9fVg9V"
"ELI LILLY AND COMPANY (LLY) 10-Q for Q3, 2022","LILLY CORPORATE CTR,INDIANAPOLIS,IN,46285","https://auditchain.finance/analysis/QmVXURR1V7fgbMt3YnnwHAKEtkzKPXRRGZzHb69WYArED8"
"iSUN, INC. (ISUN) 10-Q for Q3, 2022","400 AVE D,WILLISTON,VT,05495","https://auditchain.finance/analysis/QmcQ9oNaTTaCwTF2Jpa8r86FtL8HTdjP14uuTHnLRgi43z"
"KAANAPALI LAND, LLC (N/A) 10-Q for Q3, 2022","C/O JMB REALTY CORP,CHICAGO,IL,60611","https://auditchain.finance/analysis/QmUQCDp2m1mXbxgMyS515NBtKGnfeVbRhx2V5LMQN1THWb"
"WESTERN URANIUM & VANADIUM CORP. () 10-Q for Q3, 2022","330 BAY STREET, SUITE 1400,TORONTO,A6,M5H 2S8","https://auditchain.finance/analysis/QmTrmf6JaYAcXZcXZUpMx1d5TgaDPoFHXmW4SaQXkmJtwP"
"KANSAS CITY SOUTHERN () 10-Q for Q3, 2022","427 W 12TH STREET,KANSAS CITY,MO,64105","https://auditchain.finance/analysis/QmS1hK1ZxwcbRtTD5tUY4HfhMP8Rh5LAT3EzzgBschEBfS"
"KBR, Inc. (KBR) 10-Q for Q3, 2022","601 JEFFERSON STREET,HOUSTON,TX,77002","https://auditchain.finance/analysis/QmXcRzg89pCYeMzjy6tcVKwbGz1z2mpzRueqhjg61X7rto"
"Kemper Corporation (KMPR) 10-Q for Q3, 2022","200 E. RANDOLPH ST.,CHICAGO,IL,60601","https://auditchain.finance/analysis/QmUCLBoPwa8MoQUaf1Ru5QTAhX5gC9pqQL7sA4FBDGJcTs"
"KeyCorp (KEY) 10-Q for Q3, 2022","127 PUBLIC SQ,CLEVELAND,OH,44114-1306","https://auditchain.finance/analysis/QmU7KYKq2m12T45oQViaFYZuvZhBpimYA6MGbvqtFD4yAN"
"KENNAMETAL INC. (KMT) 10-Q for Q1, 2023","525 WILLIAM PENN PLACE,PITTSBURGH,PA,15219","https://auditchain.finance/analysis/QmSyCZMcPRD5SdQFW87kUxnJ9AH46rU6AWLZ8YbYQY9bZ5"
"KILROY REALTY CORPORATION (KRC) 10-Q for Q3, 2022","12200 W. OLYMPIC BLVD., SUITE 200,LOS ANGELES,CA,90064","https://auditchain.finance/analysis/QmYmsoeeBa4zZ9ffHDQ3BonwRnsGqVjomV7pQDLf1WVtmb"
"KELLY SERVICES, INC. (KELYA) 10-Q for Q3, 2022","999 W BIG BEAVER RD,TROY,MI,48084","https://auditchain.finance/analysis/QmVFQvwDmFjkq3Q3muuikZ7PkkTGknEpXMbXvBUXZGMmcb"
"KENTUCKY FIRST FEDERAL BANCORP (KFFB) 10-Q for Q1, 2023","479 MAIN STREET,HAZARD,KY,41702","https://auditchain.finance/analysis/QmTcUCzgxVuZQqwoaJgh5drenmAz5xwu4YHeDCyuXXtWX4"
"KIMBALL ELECTRONICS, INC. (KE) 10-Q for Q1, 2023","1205 KIMBALL BLVD.,JASPER,IN,47546","https://auditchain.finance/analysis/QmPBDcEAAUD6d89bVySPrahEkigiXb9hALQ6N1Eah1TxaR"
"KINDER MORGAN, INC. (KMI) 10-Q for Q3, 2022","1001 LOUISIANA STREET,HOUSTON,TX,77002","https://auditchain.finance/analysis/QmPtajuQBPWziM1FE1UArUYHD5yKQiMDNTFB38QNbvXafA"
"KRATOS DEFENSE & SECURITY SOLUTIONS, INC. (KTOS) 10-Q for Q3, 2022","10680 TREENA STREET,SAN DIEGO,CA,92131","https://auditchain.finance/analysis/QmZvQFnceaCF9JuudxgC5yUhLsAskxa8yKsbKrhfAy4kof"
"KRONOS WORLDWIDE, INC. (KRO) 10-Q for Q3, 2022","5430 LBJ FREEWAY,DALLAS,TX,75240-2620","https://auditchain.finance/analysis/QmYZhQMe7kLZKMvWQXzcZTLz5QXE9FG7owjxfoneRzUxqE"
"KULR TECHNOLOGY GROUP, INC. (KULR) 10-Q for Q3, 2022","4863 SHAWLINE STREET,SAN DIEGO,CA,92111","https://auditchain.finance/analysis/Qmb5ScaWjDBA4SmftUknHwjQyuhTGVKrLtr1LwUF1KeGJW"
"Kraft Heinz Co (KHC) 10-Q for Q3, 2022","ONE PPG PLACE,PITTSBURGH,PA,15222","https://auditchain.finance/analysis/Qmbr15pwGTJezZW88RUzaAHmxYJ4et5ndKRNRRisY1D9km"
"LAKELAND BANCORP, INC (LBAI) 10-Q for Q3, 2022","250 OAK RIDGE RD,OAK RIDGE,NJ,07438","https://auditchain.finance/analysis/QmZzmZzdE1LJ93rsqD4RESPnW1uqg8hPN7DRiw6Kb2mX2V"
"LAKE AREA CORN PROCESSORS, LLC () 10-Q for Q3, 2022","DAKOTA ETHANOL, LLC,WENTWORTH,SD,57075","https://auditchain.finance/analysis/QmW4HKL2UyiPtFJ1NwHixYKSiuFzKFPgRW26FDd3AgPUT7"
"LAKELAND FINANCIAL CORPORATION (LKFN) 10-Q for Q3, 2022","202 E CENTER ST,WARSAW,IN,46581-1387","https://auditchain.finance/analysis/QmURusSkq2JgJWg8ditgy4Eo2pZ3D5tKQXhqNdatcXXEfc"
"LAM RESEARCH CORPORATION (LRCX) 10-Q for Q1, 2023","4650 CUSHING BLVD,FREMONT,CA,94538","https://auditchain.finance/analysis/QmPtSkuPS3PqpDNF8NeB5hXGC57A4DKtBKRmyjFsGKeE4m"
"LANDMARK BANCORP, INC. (LARK) 10-Q for Q3, 2022","701 POYNTZ AVENUE,MANHATTAN,KS,66502","https://auditchain.finance/analysis/QmfFk7x2GeacHMw3zSf3usnc5wW8Zquvhm1HZ4aHSLbvRU"
"LANNETT COMPANY, INC (LCI) 10-Q for Q1, 2023","9000 STATE RD,PHILADELPHIA,PA,19136","https://auditchain.finance/analysis/QmPip3ziz1VRGxsPKuA7owabggGgjUu2qWhEtnKrAddhrK"
"LANTHEUS HOLDINGS, INC. (LNTH) 10-Q for Q3, 2022","331 TREBLE COVE ROAD,NORTH BILLERICA,MA,01862","https://auditchain.finance/analysis/QmYo4h9VegTkaxxu7TPtuVLuH3k5epUrPRR16zYN6tEuH8"
"DISTRIBUTION SOLUTIONS GROUP, INC. (DSGR) 10-Q for Q3, 2022","8770 WEST BRYN MAWR AVENUE,CHICAGO,IL,60631","https://auditchain.finance/analysis/QmSeewH6Q5aDr82UdRH5mHQZMghSLp2b8KkBasAgZXsJ3n"
"LCI INDUSTRIES (LCII) 10-Q for Q3, 2022","3501 COUNTY ROAD 6 EAST,ELKHART,IN,46514","https://auditchain.finance/analysis/QmSdRzfQnknXULH2KLBGXnKGEnav8ebiNGs4bNmiPgp65B"
"LCI INDUSTRIES (LCII) 10-Q for Q3, 2022","3501 COUNTY ROAD 6 EAST,ELKHART,IN,46514","https://auditchain.finance/analysis/QmSytncS6WfeCi4EJjaHgwKJUNPCvFWeAuMdERWUMoBQeC"
"LITHIA MOTORS INC (LAD) 10-Q for Q3, 2022","150 NORTH BARTLETT STREET,MEDFORD,OR,97501","https://auditchain.finance/analysis/QmewBZnWEW6Ai2zekbjw5yBX2o9coo9xdHTAGYJ9TZbujV"
"LivaNova PLC (LIVN) 10-Q for Q3, 2022","20 EASTBOURNE TERRACE,LONDON,X0,W2 6LG","https://auditchain.finance/analysis/QmeT2iSm9E1dyexMwiV7J5dQehMFPyWHpwusXaUpWeAH7g"
"LIVEPERSON, INC. (LPSN) 10-Q for Q3, 2022","475 10TH AVENUE,NEW YORK,NY,10018","https://auditchain.finance/analysis/QmWxi8eUCECPV4Sr2ppx4kW5kfXZJG3iEhaNj5pfhhnSYQ"
"LOEWS CORP (L) 10-Q for Q3, 2022","667 MADISON AVE,NEW YORK,NY,10065-8087","https://auditchain.finance/analysis/QmPHwALE5MMpgApQScWyEqGSM1nvNd3Qny1NbyaiJJs6hs"
"LOCKHEED MARTIN CORPORATION (LMT) 10-Q for Q3, 2022","6801 ROCKLEDGE DR,BETHESDA,MD,20817","https://auditchain.finance/analysis/QmT4gSM9FSvZJYxp3JP9xFBHMh8o1GzRcfsux8Z9kx3UQ5"
"LIVEONE, INC. (LVO) 10-Q for Q2, 2023","9200 SUNSET BOULEVARD,WEST HOLLYWOOD,CA,90069","https://auditchain.finance/analysis/QmXVbDXo2FwFJKCL4vrWnQ538B9sPdZUFKKh9pEDZmroBh"
"LUNA INNOVATIONS INC (LUNA) 10-Q for Q3, 2022","301 FIRST STREET SW,ROANOKE,VA,24011","https://auditchain.finance/analysis/QmcsuE9XKKLrz7XByFnapoquA74EHURERsXwYCi7ec29Be"
"LTC PROPERTIES INC (LTC) 10-Q for Q3, 2022","2829 TOWNSGATE ROAD,WESTLAKE VILLAGE,CA,91361","https://auditchain.finance/analysis/QmX3LoazVYVUMw5mXD2sFC3jqKm51XH3mFXLNzFm7kJhPw"
"LIVE OAK BANCSHARES, INC. (LOB) 10-Q for Q3, 2022","1741 TIBURON DRIVE,WILMINGTON,NC,28403","https://auditchain.finance/analysis/QmWeYgxxCH1sfgbs2YKHVv9MnhPoMvSYigz7WNkbrVjs5x"
"LL Flooring Holdings, Inc. (LL) 10-Q for Q3, 2022","4901 BAKERS MILL LANE,RICHMOND,VA,23230","https://auditchain.finance/analysis/QmcDk4ciuBfKWFZTPZuLbnmu4vdwyXiEf9gv9XPCD31vFB"
"Lumentum Holdings Inc. (LITE) 10-Q for Q1, 2023","1001 RIDDER PARK DRIVE,SAN JOSE,CA,95131","https://auditchain.finance/analysis/QmaHG9rYvde4NXueV8tgy1gPSmpRYn6cQ86ddn6kEow1cS"
"MACATAWA BANK CORP (MCBC) 10-Q for Q3, 2022","10753 MACATAWA DRIVE,HOLLAND,MI,49424","https://auditchain.finance/analysis/QmcQSa4CDxsLgaFd8MqGykR5QqpmT7GLXVZVECRZ2FM25Q"
"MACOM Technology Solutions Holdings, Inc. (MTSI) 10-K for FY, 2022","100 CHELMSFORD STREET,LOWELL,MA,01851","https://auditchain.finance/analysis/QmceGtJ5dP1k1WzerRj7piY2Le53vvVLXB2kHSMoukFJT3"
"Veris Residential, Inc. (VRE) 10-Q for Q3, 2022","HARBORSIDE 3,JERSEY CITY,NJ,07311","https://auditchain.finance/analysis/QmeC7sA4WWuH5uLNBnq12XMkkfmxayugSYYM4j6YxwEspA"
"MADISON SQUARE GARDEN SPORTS CORP. (MSGS) 10-Q for Q1, 2023","TWO PENNSYLVANIA PLAZA,NEW YORK,NY,10121","https://auditchain.finance/analysis/QmVji9EinZ3dn8UBPrGGz76mdmKPyXo57SctjVrnnnoBjs"
"e.l.f. Beauty, Inc. (ELF) 10-Q for Q2, 2023","570 10TH STREET,OAKLAND,CA,94607","https://auditchain.finance/analysis/QmRpE2qV42KjfiUhwDHnYujsVXSqTqNM3fvqu5iba2AL3e"
